product_id,store_name,price,date,price_change,change_percent
111,Daraz,3971.0,2026-03-20 10:32:13,0.0,0.0
111,Daraz,3971.0,2026-03-20 10:32:13,0.0,0.0
111,Daraz,3971.0,2026-03-20 10:32:13,0.0,0.0
111,Daraz,3971.0,2026-03-20 10:32:13,0.0,0.0
111,Daraz,3971.0,2026-03-20 10:32:13,0.0,0.0
111,Daraz,3971.0,2026-03-20 10:32:13,0.0,0.0
111,Daraz,3971.0,2026-03-20 10:32:13,0.0,0.0
111,Daraz,3971.0,2026-03-20 10:32:13,0.0,0.0
111,Daraz,3971.0,2026-03-20 10:32:13,0.0,0.0
111,Daraz,3971.0,2026-03-20 10:32:13,0.0,0.0
111,Daraz,3971.0,2026-03-20 10:32:13,0.0,0.0
111,Daraz,3971.0,2026-03-20 10:32:13,0.0,0.0
111,Daraz,3971.0,2026-03-20 10:32:13,0.0,0.0
111,Daraz,3971.0,2026-03-20 10:32:13,0.0,0.0
111,Daraz,3971.0,2026-03-20 10:32:13,0.0,0.0
111,Daraz,3971.0,2026-03-20 10:32:13,0.0,0.0
111,Daraz,3971.0,2026-03-20 10:32:13,0.0,0.0
111,Daraz,3971.0,2026-03-20 10:32:13,0.0,0.0
111,Daraz,3971.0,2026-03-20 10:32:13,0.0,0.0
111,Daraz,3971.0,2026-03-20 10:32:13,0.0,0.0
111,Daraz,3971.0,2026-03-20 10:32:14,0.0,0.0
111,Daraz,3971.0,2026-03-20 10:32:14,0.0,0.0
111,Daraz,3971.0,2026-03-20 10:32:14,0.0,0.0
111,Daraz,3971.0,2026-03-20 10:32:14,0.0,0.0
111,Daraz,3971.0,2026-03-20 10:32:14,0.0,0.0
111,Daraz,3971.0,2026-03-20 10:32:14,0.0,0.0
111,Daraz,3971.0,2026-03-20 10:32:14,0.0,0.0
111,Daraz,3971.0,2026-03-20 10:32:14,0.0,0.0
111,Daraz,3971.0,2026-03-20 10:32:14,0.0,0.0
111,Daraz,3971.0,2026-03-20 10:32:14,0.0,0.0
111,Daraz,3971.0,2026-03-20 10:32:14,0.0,0.0
111,Daraz,3971.0,2026-03-20 10:32:14,0.0,0.0
111,Daraz,3971.0,2026-03-20 10:32:14,0.0,0.0
111,Daraz,3971.0,2026-03-20 10:32:14,0.0,0.0
111,Daraz,3971.0,2026-03-20 10:32:14,0.0,0.0
111,Daraz,3971.0,2026-03-20 10:32:14,0.0,0.0
111,Daraz,3971.0,2026-03-20 10:32:14,0.0,0.0
111,Daraz,3971.0,2026-03-20 10:32:14,0.0,0.0
111,Daraz,3971.0,2026-03-20 10:32:14,0.0,0.0
111,Daraz,3971.0,2026-03-20 10:32:14,0.0,0.0
111,Daraz,3971.0,2026-03-20 10:32:14,0.0,0.0
111,Daraz,3971.0,2026-03-20 10:32:14,0.0,0.0
111,Daraz,3971.0,2026-03-20 10:32:14,0.0,0.0
111,Daraz,3971.0,2026-03-20 10:32:14,0.0,0.0
111,Daraz,3971.0,2026-03-20 10:32:14,0.0,0.0
111,Daraz,3971.0,2026-03-20 10:32:14,0.0,0.0
111,Daraz,3971.0,2026-03-20 10:32:14,0.0,0.0
111,Daraz,3971.0,2026-03-20 10:32:14,0.0,0.0
111,Daraz,3971.0,2026-03-20 10:32:14,0.0,0.0
111,Daraz,3971.0,2026-03-20 10:32:14,0.0,0.0
111,Daraz,3971.0,2026-03-20 10:32:14,0.0,0.0
111,Daraz,3971.0,2026-03-20 10:32:14,0.0,0.0
111,Daraz,3971.0,2026-03-20 10:32:14,0.0,0.0
111,Daraz,3971.0,2026-03-20 10:32:14,0.0,0.0
111,Daraz,3971.0,2026-03-20 10:32:14,0.0,0.0
111,Daraz,3971.0,2026-03-20 10:32:14,0.0,0.0
111,Daraz,3971.0,2026-03-20 10:32:14,0.0,0.0
111,Daraz,3971.0,2026-03-20 10:32:14,0.0,0.0
111,Daraz,3971.0,2026-03-20 10:32:14,0.0,0.0
111,Daraz,3971.0,2026-03-20 10:32:14,0.0,0.0
111,Daraz,3971.0,2026-03-20 10:32:14,0.0,0.0
111,Daraz,3971.0,2026-03-20 10:32:14,0.0,0.0
111,Daraz,3971.0,2026-03-20 10:32:14,0.0,0.0
111,Daraz,3971.0,2026-03-20 10:32:14,0.0,0.0
111,Daraz,3971.0,2026-03-20 10:32:14,0.0,0.0
111,Daraz,3971.0,2026-03-20 10:32:14,0.0,0.0
111,Daraz,3971.0,2026-03-20 10:32:14,0.0,0.0
111,Daraz,3971.0,2026-03-20 10:32:14,0.0,0.0
111,Daraz,3971.0,2026-03-20 10:32:14,0.0,0.0
111,Daraz,3971.0,2026-03-20 10:32:14,0.0,0.0
111,Daraz,3971.0,2026-03-20 10:32:14,0.0,0.0
111,Daraz,3971.0,2026-03-20 10:32:14,0.0,0.0
111,Daraz,3971.0,2026-03-20 10:32:14,0.0,0.0
111,Daraz,3971.0,2026-03-20 10:32:14,0.0,0.0
111,Daraz,3971.0,2026-03-20 10:32:14,0.0,0.0
111,Daraz,3971.0,2026-03-20 10:32:14,0.0,0.0
111,Daraz,3971.0,2026-03-20 10:32:14,0.0,0.0
111,Daraz,3971.0,2026-03-20 10:32:14,0.0,0.0
111,Daraz,3971.0,2026-03-20 10:32:14,0.0,0.0
111,Daraz,3971.0,2026-03-20 10:32:15,0.0,0.0
111,Daraz,3971.0,2026-03-20 10:32:15,0.0,0.0
111,Daraz,3971.0,2026-03-20 10:32:15,0.0,0.0
111,Daraz,3971.0,2026-03-20 10:32:15,0.0,0.0
111,Daraz,3971.0,2026-03-20 10:32:15,0.0,0.0
111,Daraz,3971.0,2026-03-20 10:32:15,0.0,0.0
111,Daraz,3971.0,2026-03-20 10:32:15,0.0,0.0
111,Daraz,3971.0,2026-03-20 10:32:15,0.0,0.0
111,Daraz,3971.0,2026-03-20 10:32:15,0.0,0.0
111,Daraz,3971.0,2026-03-20 10:32:15,0.0,0.0
111,Daraz,3971.0,2026-03-20 10:32:15,0.0,0.0
111,Daraz,3971.0,2026-03-20 10:32:15,0.0,0.0
111,Daraz,3971.0,2026-03-20 10:32:15,0.0,0.0
111,Daraz,3971.0,2026-03-20 10:32:15,0.0,0.0
111,Daraz,3971.0,2026-03-20 10:32:15,0.0,0.0
111,Daraz,3971.0,2026-03-20 10:32:15,0.0,0.0
111,Daraz,3971.0,2026-03-20 10:32:15,0.0,0.0
111,Daraz,3971.0,2026-03-20 10:32:15,0.0,0.0
111,Daraz,3971.0,2026-03-20 10:32:15,0.0,0.0
111,Daraz,3971.0,2026-03-20 10:32:15,0.0,0.0
111,Daraz,3971.0,2026-03-20 10:32:15,0.0,0.0
111,Daraz,3971.0,2026-03-20 10:32:15,0.0,0.0
111,Daraz,3971.0,2026-03-20 10:32:15,0.0,0.0
111,Daraz,3971.0,2026-03-20 10:32:15,0.0,0.0
111,Daraz,3971.0,2026-03-20 10:32:15,0.0,0.0
111,Daraz,3971.0,2026-03-20 10:32:15,0.0,0.0
111,Daraz,3971.0,2026-03-20 10:32:15,0.0,0.0
111,Daraz,3971.0,2026-03-20 10:32:15,0.0,0.0
111,Daraz,3971.0,2026-03-20 10:32:15,0.0,0.0
111,Daraz,3971.0,2026-03-20 10:32:15,0.0,0.0
111,Daraz,3971.0,2026-03-20 10:32:15,0.0,0.0
111,Daraz,3971.0,2026-03-20 10:32:15,0.0,0.0
111,Daraz,3971.0,2026-03-20 10:32:15,0.0,0.0
111,Daraz,3971.0,2026-03-20 10:32:15,0.0,0.0
111,Daraz,3971.0,2026-03-20 10:32:15,0.0,0.0
111,Daraz,3971.0,2026-03-20 10:32:15,0.0,0.0
111,Daraz,3971.0,2026-03-20 10:32:15,0.0,0.0
111,Daraz,3971.0,2026-03-20 10:32:15,0.0,0.0
111,Daraz,3971.0,2026-03-20 10:32:15,0.0,0.0
111,Daraz,3971.0,2026-03-20 10:32:15,0.0,0.0
111,Daraz,3971.0,2026-03-20 10:32:15,0.0,0.0
111,Daraz,3971.0,2026-03-20 10:32:15,0.0,0.0
111,Daraz,3971.0,2026-03-20 10:32:15,0.0,0.0
111,Daraz,3971.0,2026-03-20 10:32:15,0.0,0.0
111,Daraz,3971.0,2026-03-20 10:32:15,0.0,0.0
111,Daraz,3971.0,2026-03-20 10:32:15,0.0,0.0
111,Daraz,3971.0,2026-03-20 10:32:15,0.0,0.0
111,Daraz,3971.0,2026-03-20 10:32:15,0.0,0.0
111,Daraz,3971.0,2026-03-20 10:32:15,0.0,0.0
111,Daraz,3971.0,2026-03-20 10:32:15,0.0,0.0
111,Daraz,3971.0,2026-03-20 10:32:15,0.0,0.0
111,Daraz,3971.0,2026-03-20 10:32:15,0.0,0.0
111,Daraz,3971.0,2026-03-20 10:32:15,0.0,0.0
111,Daraz,3971.0,2026-03-20 10:32:15,0.0,0.0
111,Daraz,3971.0,2026-03-20 10:32:15,0.0,0.0
111,Daraz,3971.0,2026-03-20 10:32:15,0.0,0.0
111,Daraz,3971.0,2026-03-20 10:32:15,0.0,0.0
111,Daraz,3971.0,2026-03-20 10:32:15,0.0,0.0
111,Daraz,3971.0,2026-03-20 10:32:15,0.0,0.0
111,Daraz,3971.0,2026-03-20 10:32:15,0.0,0.0
111,Daraz,3971.0,2026-03-20 10:32:15,0.0,0.0
111,Daraz,3971.0,2026-03-20 10:32:15,0.0,0.0
111,Daraz,3971.0,2026-03-20 10:32:15,0.0,0.0
111,Daraz,3971.0,2026-03-20 10:32:15,0.0,0.0
111,Daraz,3971.0,2026-03-20 10:32:15,0.0,0.0
111,Daraz,3971.0,2026-03-20 10:32:15,0.0,0.0
111,Daraz,3971.0,2026-03-20 10:32:15,0.0,0.0
111,Daraz,3971.0,2026-03-20 10:32:15,0.0,0.0
111,Daraz,3971.0,2026-03-20 10:32:16,0.0,0.0
111,Daraz,3971.0,2026-03-20 10:32:16,0.0,0.0
111,Daraz,3971.0,2026-03-20 10:32:16,0.0,0.0
111,Daraz,3971.0,2026-03-20 10:32:16,0.0,0.0
111,Daraz,3971.0,2026-03-20 10:32:16,0.0,0.0
111,Daraz,3971.0,2026-03-20 10:32:16,0.0,0.0
111,Daraz,3971.0,2026-03-20 10:32:16,0.0,0.0
111,Daraz,3971.0,2026-03-20 10:32:16,0.0,0.0
111,Daraz,3971.0,2026-03-20 10:32:16,0.0,0.0
111,Daraz,3971.0,2026-03-20 10:32:16,0.0,0.0
111,Daraz,3971.0,2026-03-20 10:32:16,0.0,0.0
111,Daraz,3971.0,2026-03-20 10:32:16,0.0,0.0
111,Daraz,3971.0,2026-03-20 10:32:16,0.0,0.0
111,Daraz,3971.0,2026-03-20 10:32:16,0.0,0.0
111,Daraz,3971.0,2026-03-20 10:32:16,0.0,0.0
111,Daraz,3971.0,2026-03-20 10:32:16,0.0,0.0
111,Daraz,3971.0,2026-03-20 10:32:16,0.0,0.0
111,Daraz,3971.0,2026-03-20 10:32:16,0.0,0.0
111,Daraz,3971.0,2026-03-20 10:32:16,0.0,0.0
111,Daraz,3971.0,2026-03-20 10:32:16,0.0,0.0
111,Daraz,3971.0,2026-03-20 10:32:16,0.0,0.0
111,Daraz,3971.0,2026-03-20 10:32:16,0.0,0.0
111,Daraz,3971.0,2026-03-20 10:32:16,0.0,0.0
111,Daraz,3971.0,2026-03-20 10:32:16,0.0,0.0
111,Daraz,3971.0,2026-03-20 10:32:16,0.0,0.0
111,Daraz,3971.0,2026-03-20 10:32:16,0.0,0.0
111,Daraz,3971.0,2026-03-20 10:32:16,0.0,0.0
111,Daraz,3971.0,2026-03-20 10:32:16,0.0,0.0
111,Daraz,3971.0,2026-03-20 10:32:16,0.0,0.0
111,Daraz,3971.0,2026-03-20 10:32:16,0.0,0.0
111,Daraz,3971.0,2026-03-20 10:32:16,0.0,0.0
111,Daraz,3971.0,2026-03-20 10:32:16,0.0,0.0
88,Daraz,5999.0,2026-03-20 10:32:21,0.0,0.0
88,Daraz,5999.0,2026-03-20 10:32:21,0.0,0.0
88,Daraz,5999.0,2026-03-20 10:32:21,0.0,0.0
88,Daraz,5999.0,2026-03-20 10:32:22,0.0,0.0
88,Daraz,5999.0,2026-03-20 10:32:22,0.0,0.0
88,Daraz,5999.0,2026-03-20 10:32:22,0.0,0.0
88,Daraz,5999.0,2026-03-20 10:32:22,0.0,0.0
88,Daraz,5999.0,2026-03-20 10:32:22,0.0,0.0
88,Daraz,5999.0,2026-03-20 10:32:23,0.0,0.0
88,Daraz,5999.0,2026-03-20 10:32:23,0.0,0.0
88,Daraz,5999.0,2026-03-20 10:32:23,0.0,0.0
91,Hukut,12499.0,2026-03-20 10:32:21,0.0,0.0
91,Hukut,12499.0,2026-03-20 10:32:21,0.0,0.0
91,Hukut,12499.0,2026-03-20 10:32:21,0.0,0.0
91,Hukut,12499.0,2026-03-20 10:32:22,0.0,0.0
91,Hukut,12499.0,2026-03-20 10:32:22,0.0,0.0
91,Hukut,12499.0,2026-03-20 10:32:22,0.0,0.0
91,Hukut,12499.0,2026-03-20 10:32:22,0.0,0.0
91,Hukut,12499.0,2026-03-20 10:32:22,0.0,0.0
91,Hukut,12499.0,2026-03-20 10:32:23,0.0,0.0
91,Hukut,12499.0,2026-03-20 10:32:23,0.0,0.0
91,Hukut,12499.0,2026-03-20 10:32:23,0.0,0.0
92,Hukut,13499.0,2026-03-20 10:32:21,0.0,0.0
92,Hukut,13499.0,2026-03-20 10:32:21,0.0,0.0
92,Hukut,13499.0,2026-03-20 10:32:21,0.0,0.0
92,Hukut,13499.0,2026-03-20 10:32:22,0.0,0.0
92,Hukut,13499.0,2026-03-20 10:32:22,0.0,0.0
92,Hukut,13499.0,2026-03-20 10:32:22,0.0,0.0
92,Hukut,13499.0,2026-03-20 10:32:22,0.0,0.0
92,Hukut,13499.0,2026-03-20 10:32:22,0.0,0.0
92,Hukut,13499.0,2026-03-20 10:32:23,0.0,0.0
92,Hukut,13499.0,2026-03-20 10:32:23,0.0,0.0
92,Hukut,13499.0,2026-03-20 10:32:23,0.0,0.0
93,Hukut,13499.0,2026-03-20 10:32:21,0.0,0.0
93,Hukut,13499.0,2026-03-20 10:32:21,0.0,0.0
93,Hukut,13499.0,2026-03-20 10:32:21,0.0,0.0
93,Hukut,13499.0,2026-03-20 10:32:22,0.0,0.0
93,Hukut,13499.0,2026-03-20 10:32:22,0.0,0.0
93,Hukut,13499.0,2026-03-20 10:32:22,0.0,0.0
93,Hukut,13499.0,2026-03-20 10:32:22,0.0,0.0
93,Hukut,13499.0,2026-03-20 10:32:23,0.0,0.0
93,Hukut,13499.0,2026-03-20 10:32:23,0.0,0.0
93,Hukut,13499.0,2026-03-20 10:32:23,0.0,0.0
93,Hukut,13499.0,2026-03-20 10:32:23,0.0,0.0
354,Daraz,1564.0,2026-03-20 10:32:21,0.0,0.0
354,Daraz,1564.0,2026-03-20 10:32:21,0.0,0.0
354,Daraz,1564.0,2026-03-20 10:32:21,0.0,0.0
354,Daraz,1564.0,2026-03-20 10:32:22,0.0,0.0
354,Daraz,1564.0,2026-03-20 10:32:22,0.0,0.0
354,Daraz,1564.0,2026-03-20 10:32:22,0.0,0.0
354,Daraz,1564.0,2026-03-20 10:32:22,0.0,0.0
354,Daraz,1564.0,2026-03-20 10:32:23,0.0,0.0
354,Daraz,1564.0,2026-03-20 10:32:23,0.0,0.0
354,Daraz,1564.0,2026-03-20 10:32:23,0.0,0.0
354,Daraz,1564.0,2026-03-20 10:32:23,0.0,0.0
94,Hukut,13999.0,2026-03-20 10:32:21,0.0,0.0
94,Hukut,13999.0,2026-03-20 10:32:21,0.0,0.0
94,Hukut,13999.0,2026-03-20 10:32:21,0.0,0.0
94,Hukut,13999.0,2026-03-20 10:32:22,0.0,0.0
94,Hukut,13999.0,2026-03-20 10:32:22,0.0,0.0
94,Hukut,13999.0,2026-03-20 10:32:22,0.0,0.0
94,Hukut,13999.0,2026-03-20 10:32:22,0.0,0.0
94,Hukut,13999.0,2026-03-20 10:32:23,0.0,0.0
94,Hukut,13999.0,2026-03-20 10:32:23,0.0,0.0
94,Hukut,13999.0,2026-03-20 10:32:23,0.0,0.0
94,Hukut,13999.0,2026-03-20 10:32:23,0.0,0.0
90,Hukut,10999.0,2026-03-20 10:32:21,0.0,0.0
90,Hukut,10999.0,2026-03-20 10:32:21,0.0,0.0
90,Hukut,10999.0,2026-03-20 10:32:21,0.0,0.0
90,Hukut,10999.0,2026-03-20 10:32:22,0.0,0.0
90,Hukut,10999.0,2026-03-20 10:32:22,0.0,0.0
90,Hukut,10999.0,2026-03-20 10:32:22,0.0,0.0
90,Hukut,10999.0,2026-03-20 10:32:22,0.0,0.0
90,Hukut,10999.0,2026-03-20 10:32:23,0.0,0.0
90,Hukut,10999.0,2026-03-20 10:32:23,0.0,0.0
90,Hukut,10999.0,2026-03-20 10:32:23,0.0,0.0
90,Hukut,10999.0,2026-03-20 10:32:23,0.0,0.0
95,Hukut,15999.0,2026-03-20 10:32:18,0.0,0.0
95,Hukut,15999.0,2026-03-20 10:32:21,0.0,0.0
95,Hukut,15999.0,2026-03-20 10:32:21,0.0,0.0
95,Hukut,15999.0,2026-03-20 10:32:21,0.0,0.0
95,Hukut,15999.0,2026-03-20 10:32:21,0.0,0.0
95,Hukut,15999.0,2026-03-20 10:32:21,0.0,0.0
95,Hukut,15999.0,2026-03-20 10:32:21,0.0,0.0
95,Hukut,15999.0,2026-03-20 10:32:22,0.0,0.0
95,Hukut,15999.0,2026-03-20 10:32:22,0.0,0.0
95,Hukut,15999.0,2026-03-20 10:32:22,0.0,0.0
95,Hukut,15999.0,2026-03-20 10:32:22,0.0,0.0
95,Hukut,15999.0,2026-03-20 10:32:22,0.0,0.0
95,Hukut,15999.0,2026-03-20 10:32:22,0.0,0.0
95,Hukut,15999.0,2026-03-20 10:32:22,0.0,0.0
95,Hukut,15999.0,2026-03-20 10:32:22,0.0,0.0
95,Hukut,15999.0,2026-03-20 10:32:23,0.0,0.0
95,Hukut,15999.0,2026-03-20 10:32:23,0.0,0.0
95,Hukut,15999.0,2026-03-20 10:32:23,0.0,0.0
95,Hukut,15999.0,2026-03-20 10:32:23,0.0,0.0
95,Hukut,15999.0,2026-03-20 10:32:23,0.0,0.0
95,Hukut,15999.0,2026-03-20 10:32:23,0.0,0.0
95,Hukut,15999.0,2026-03-20 10:32:23,0.0,0.0
96,Hukut,16999.0,2026-03-20 10:32:21,0.0,0.0
96,Hukut,16999.0,2026-03-20 10:32:21,0.0,0.0
96,Hukut,16999.0,2026-03-20 10:32:21,0.0,0.0
96,Hukut,16999.0,2026-03-20 10:32:22,0.0,0.0
96,Hukut,16999.0,2026-03-20 10:32:22,0.0,0.0
96,Hukut,16999.0,2026-03-20 10:32:22,0.0,0.0
96,Hukut,16999.0,2026-03-20 10:32:22,0.0,0.0
96,Hukut,16999.0,2026-03-20 10:32:23,0.0,0.0
96,Hukut,16999.0,2026-03-20 10:32:23,0.0,0.0
96,Hukut,16999.0,2026-03-20 10:32:23,0.0,0.0
101,Hukut,19999.0,2026-03-20 10:32:19,0.0,0.0
101,Hukut,19999.0,2026-03-20 10:32:21,0.0,0.0
101,Hukut,19999.0,2026-03-20 10:32:21,0.0,0.0
101,Hukut,19999.0,2026-03-20 10:32:21,0.0,0.0
101,Hukut,19999.0,2026-03-20 10:32:21,0.0,0.0
101,Hukut,19999.0,2026-03-20 10:32:21,0.0,0.0
101,Hukut,19999.0,2026-03-20 10:32:21,0.0,0.0
101,Hukut,19999.0,2026-03-20 10:32:22,0.0,0.0
101,Hukut,19999.0,2026-03-20 10:32:22,0.0,0.0
101,Hukut,19999.0,2026-03-20 10:32:22,0.0,0.0
101,Hukut,19999.0,2026-03-20 10:32:22,0.0,0.0
101,Hukut,19999.0,2026-03-20 10:32:22,0.0,0.0
101,Hukut,19999.0,2026-03-20 10:32:22,0.0,0.0
101,Hukut,19999.0,2026-03-20 10:32:22,0.0,0.0
101,Hukut,19999.0,2026-03-20 10:32:22,0.0,0.0
101,Hukut,19999.0,2026-03-20 10:32:23,0.0,0.0
101,Hukut,19999.0,2026-03-20 10:32:23,0.0,0.0
101,Hukut,19999.0,2026-03-20 10:32:23,0.0,0.0
101,Hukut,19999.0,2026-03-20 10:32:23,0.0,0.0
101,Hukut,19999.0,2026-03-20 10:32:23,0.0,0.0
101,Hukut,19999.0,2026-03-20 10:32:23,0.0,0.0
99,Hukut,17999.0,2026-03-20 10:32:21,0.0,0.0
99,Hukut,17999.0,2026-03-20 10:32:21,0.0,0.0
99,Hukut,17999.0,2026-03-20 10:32:21,0.0,0.0
99,Hukut,17999.0,2026-03-20 10:32:22,0.0,0.0
99,Hukut,17999.0,2026-03-20 10:32:22,0.0,0.0
99,Hukut,17999.0,2026-03-20 10:32:22,0.0,0.0
99,Hukut,17999.0,2026-03-20 10:32:22,0.0,0.0
99,Hukut,17999.0,2026-03-20 10:32:23,0.0,0.0
99,Hukut,17999.0,2026-03-20 10:32:23,0.0,0.0
99,Hukut,17999.0,2026-03-20 10:32:23,0.0,0.0
143,Hukut,35000.0,2026-03-20 10:32:21,0.0,0.0
143,Hukut,35000.0,2026-03-20 10:32:21,0.0,0.0
143,Hukut,35000.0,2026-03-20 10:32:21,0.0,0.0
143,Hukut,35000.0,2026-03-20 10:32:22,0.0,0.0
143,Hukut,35000.0,2026-03-20 10:32:22,0.0,0.0
143,Hukut,35000.0,2026-03-20 10:32:22,0.0,0.0
143,Hukut,35000.0,2026-03-20 10:32:22,0.0,0.0
143,Hukut,35000.0,2026-03-20 10:32:23,0.0,0.0
143,Hukut,35000.0,2026-03-20 10:32:23,0.0,0.0
143,Hukut,35000.0,2026-03-20 10:32:23,0.0,0.0
185,Hukut,59000.0,2026-03-20 10:32:21,0.0,0.0
185,Hukut,59000.0,2026-03-20 10:32:21,0.0,0.0
185,Hukut,59000.0,2026-03-20 10:32:21,0.0,0.0
185,Hukut,59000.0,2026-03-20 10:32:22,0.0,0.0
185,Hukut,59000.0,2026-03-20 10:32:22,0.0,0.0
185,Hukut,59000.0,2026-03-20 10:32:22,0.0,0.0
185,Hukut,59000.0,2026-03-20 10:32:22,0.0,0.0
185,Hukut,59000.0,2026-03-20 10:32:23,0.0,0.0
185,Hukut,59000.0,2026-03-20 10:32:23,0.0,0.0
185,Hukut,59000.0,2026-03-20 10:32:23,0.0,0.0
187,Hukut,70000.0,2026-03-20 10:32:21,0.0,0.0
187,Hukut,70000.0,2026-03-20 10:32:21,0.0,0.0
187,Hukut,70000.0,2026-03-20 10:32:21,0.0,0.0
187,Hukut,70000.0,2026-03-20 10:32:22,0.0,0.0
187,Hukut,70000.0,2026-03-20 10:32:22,0.0,0.0
187,Hukut,70000.0,2026-03-20 10:32:22,0.0,0.0
187,Hukut,70000.0,2026-03-20 10:32:22,0.0,0.0
187,Hukut,70000.0,2026-03-20 10:32:23,0.0,0.0
187,Hukut,70000.0,2026-03-20 10:32:23,0.0,0.0
187,Hukut,70000.0,2026-03-20 10:32:23,0.0,0.0
189,Hukut,75000.0,2026-03-20 10:32:21,0.0,0.0
189,Hukut,75000.0,2026-03-20 10:32:21,0.0,0.0
189,Hukut,75000.0,2026-03-20 10:32:21,0.0,0.0
189,Hukut,75000.0,2026-03-20 10:32:22,0.0,0.0
189,Hukut,75000.0,2026-03-20 10:32:22,0.0,0.0
189,Hukut,75000.0,2026-03-20 10:32:22,0.0,0.0
189,Hukut,75000.0,2026-03-20 10:32:22,0.0,0.0
189,Hukut,75000.0,2026-03-20 10:32:23,0.0,0.0
189,Hukut,75000.0,2026-03-20 10:32:23,0.0,0.0
189,Hukut,75000.0,2026-03-20 10:32:23,0.0,0.0
190,Hukut,75000.0,2026-03-20 10:32:21,0.0,0.0
190,Hukut,75000.0,2026-03-20 10:32:21,0.0,0.0
190,Hukut,75000.0,2026-03-20 10:32:22,0.0,0.0
190,Hukut,75000.0,2026-03-20 10:32:22,0.0,0.0
190,Hukut,75000.0,2026-03-20 10:32:22,0.0,0.0
190,Hukut,75000.0,2026-03-20 10:32:22,0.0,0.0
190,Hukut,75000.0,2026-03-20 10:32:22,0.0,0.0
190,Hukut,75000.0,2026-03-20 10:32:23,0.0,0.0
190,Hukut,75000.0,2026-03-20 10:32:23,0.0,0.0
190,Hukut,75000.0,2026-03-20 10:32:23,0.0,0.0
7,Hukut,88000.0,2026-03-20 10:32:21,0.0,0.0
7,Hukut,88000.0,2026-03-20 10:32:21,0.0,0.0
7,Hukut,88000.0,2026-03-20 10:32:22,0.0,0.0
7,Hukut,88000.0,2026-03-20 10:32:22,0.0,0.0
7,Hukut,88000.0,2026-03-20 10:32:22,0.0,0.0
7,Hukut,88000.0,2026-03-20 10:32:22,0.0,0.0
7,Hukut,88000.0,2026-03-20 10:32:22,0.0,0.0
7,Hukut,88000.0,2026-03-20 10:32:23,0.0,0.0
7,Hukut,88000.0,2026-03-20 10:32:23,0.0,0.0
7,Hukut,88000.0,2026-03-20 10:32:23,0.0,0.0
776,Daraz,131.0,2026-03-25T19:56:47.980217,0.0,0.0
776,Daraz,131.0,2026-03-25T19:56:48.046447,0.0,0.0
776,Daraz,131.0,2026-03-25T19:56:48.131670,0.0,0.0
776,Daraz,131.0,2026-03-25T19:56:48.196449,0.0,0.0
776,Daraz,131.0,2026-03-25T19:56:48.246466,0.0,0.0
776,Daraz,131.0,2026-03-25T19:56:48.350489,0.0,0.0
776,Daraz,131.0,2026-03-25T19:56:48.424537,0.0,0.0
776,Daraz,131.0,2026-03-25T19:56:48.513045,0.0,0.0
776,Daraz,131.0,2026-03-25T19:56:48.574999,0.0,0.0
776,Daraz,131.0,2026-03-25T19:56:48.629294,0.0,0.0
776,Daraz,131.0,2026-03-25T19:56:48.713285,0.0,0.0
776,Daraz,131.0,2026-03-25T19:56:48.762226,0.0,0.0
776,Daraz,131.0,2026-03-25T19:56:48.812102,0.0,0.0
776,Daraz,131.0,2026-03-25T19:56:48.912556,0.0,0.0
776,Daraz,131.0,2026-03-25T19:56:48.998543,0.0,0.0
776,Daraz,131.0,2026-03-25T19:56:49.063571,0.0,0.0
776,Daraz,131.0,2026-03-25T19:56:49.133784,0.0,0.0
776,Daraz,131.0,2026-03-25T19:56:49.211898,0.0,0.0
776,Daraz,131.0,2026-03-25T19:56:49.278933,0.0,0.0
776,Daraz,131.0,2026-03-25T19:56:49.363185,0.0,0.0
776,Daraz,131.0,2026-03-25T19:56:49.429421,0.0,0.0
776,Daraz,131.0,2026-03-25T19:56:49.504463,0.0,0.0
776,Daraz,131.0,2026-03-25T19:56:49.574420,0.0,0.0
776,Daraz,131.0,2026-03-25T19:56:49.646483,0.0,0.0
776,Daraz,131.0,2026-03-25T19:56:49.736289,0.0,0.0
776,Daraz,131.0,2026-03-25T19:56:49.794788,0.0,0.0
776,Daraz,131.0,2026-03-25T19:56:49.861966,0.0,0.0
776,Daraz,131.0,2026-03-25T19:56:49.929393,0.0,0.0
776,Daraz,131.0,2026-03-25T19:56:50.012206,0.0,0.0
776,Daraz,131.0,2026-03-25T19:56:50.096363,0.0,0.0
776,Daraz,131.0,2026-03-25T19:56:50.145880,0.0,0.0
776,Daraz,131.0,2026-03-25T19:56:50.244482,0.0,0.0
776,Daraz,131.0,2026-03-25T19:56:50.329388,0.0,0.0
776,Daraz,131.0,2026-03-25T19:56:50.428127,0.0,0.0
776,Daraz,131.0,2026-03-25T19:56:50.494561,0.0,0.0
776,Daraz,131.0,2026-03-25T19:56:50.577815,0.0,0.0
776,Daraz,131.0,2026-03-25T19:56:50.649243,0.0,0.0
776,Daraz,131.0,2026-03-25T19:56:50.727392,0.0,0.0
776,Daraz,131.0,2026-03-25T19:56:50.827575,0.0,0.0
776,Daraz,131.0,2026-03-25T19:56:50.893838,0.0,0.0
776,Daraz,131.0,2026-03-25T19:56:50.964136,0.0,0.0
776,Daraz,131.0,2026-03-25T19:56:51.010867,0.0,0.0
776,Daraz,131.0,2026-03-25T19:56:51.088145,0.0,0.0
776,Daraz,131.0,2026-03-25T19:56:51.160264,0.0,0.0
776,Daraz,131.0,2026-03-25T19:56:51.243951,0.0,0.0
776,Daraz,131.0,2026-03-25T19:56:51.310492,0.0,0.0
776,Daraz,131.0,2026-03-25T19:56:51.394225,0.0,0.0
776,Daraz,131.0,2026-03-25T19:56:51.482712,0.0,0.0
776,Daraz,131.0,2026-03-25T19:56:51.577606,0.0,0.0
776,Daraz,131.0,2026-03-25T19:56:51.660472,0.0,0.0
776,Daraz,131.0,2026-03-25T19:56:51.743855,0.0,0.0
776,Daraz,131.0,2026-03-25T19:56:51.793564,0.0,0.0
776,Daraz,131.0,2026-03-25T19:56:51.876953,0.0,0.0
776,Daraz,131.0,2026-03-25T19:56:51.957157,0.0,0.0
776,Daraz,131.0,2026-03-25T19:56:52.050132,0.0,0.0
776,Daraz,131.0,2026-03-25T19:56:52.109544,0.0,0.0
776,Daraz,131.0,2026-03-25T19:56:52.193295,0.0,0.0
776,Daraz,131.0,2026-03-25T19:56:52.260054,0.0,0.0
776,Daraz,131.0,2026-03-25T19:56:52.359754,0.0,0.0
776,Daraz,131.0,2026-03-25T19:56:52.481112,0.0,0.0
776,Daraz,131.0,2026-03-25T19:56:52.575781,0.0,0.0
776,Daraz,131.0,2026-03-25T19:56:52.659395,0.0,0.0
776,Daraz,131.0,2026-03-25T19:56:52.724810,0.0,0.0
776,Daraz,131.0,2026-03-25T19:56:52.792796,0.0,0.0
776,Daraz,131.0,2026-03-25T19:56:52.876025,0.0,0.0
776,Daraz,131.0,2026-03-25T19:56:52.959659,0.0,0.0
776,Daraz,131.0,2026-03-25T19:56:53.041027,0.0,0.0
776,Daraz,131.0,2026-03-25T19:56:53.135880,0.0,0.0
776,Daraz,131.0,2026-03-25T19:56:53.193138,0.0,0.0
776,Daraz,131.0,2026-03-25T19:56:53.259402,0.0,0.0
776,Daraz,131.0,2026-03-25T19:56:53.326750,0.0,0.0
776,Daraz,131.0,2026-03-25T19:56:53.410923,0.0,0.0
776,Daraz,131.0,2026-03-25T19:56:53.480966,0.0,0.0
776,Daraz,131.0,2026-03-25T19:56:53.580491,0.0,0.0
776,Daraz,131.0,2026-03-25T19:56:53.658732,0.0,0.0
776,Daraz,131.0,2026-03-25T19:56:53.742076,0.0,0.0
776,Daraz,131.0,2026-03-25T19:56:53.824719,0.0,0.0
776,Daraz,131.0,2026-03-25T19:56:53.917222,0.0,0.0
776,Daraz,131.0,2026-03-25T19:56:54.031024,0.0,0.0
776,Daraz,131.0,2026-03-25T19:56:54.099440,0.0,0.0
776,Daraz,131.0,2026-03-25T19:56:54.175018,0.0,0.0
776,Daraz,131.0,2026-03-25T19:56:54.241430,0.0,0.0
776,Daraz,131.0,2026-03-25T19:56:54.325679,0.0,0.0
776,Daraz,131.0,2026-03-25T19:56:54.391279,0.0,0.0
776,Daraz,131.0,2026-03-25T19:56:54.492270,0.0,0.0
776,Daraz,131.0,2026-03-25T19:56:54.557885,0.0,0.0
776,Daraz,131.0,2026-03-25T19:56:54.658360,0.0,0.0
776,Daraz,131.0,2026-03-25T19:56:54.741998,0.0,0.0
776,Daraz,131.0,2026-03-25T19:56:54.841497,0.0,0.0
776,Daraz,131.0,2026-03-25T19:56:54.938146,0.0,0.0
776,Daraz,131.0,2026-03-25T19:56:55.046932,0.0,0.0
776,Daraz,131.0,2026-03-25T19:56:55.154188,0.0,0.0
776,Daraz,131.0,2026-03-25T19:56:55.207798,0.0,0.0
776,Daraz,131.0,2026-03-25T19:56:55.270637,0.0,0.0
776,Daraz,131.0,2026-03-25T19:56:55.337460,0.0,0.0
776,Daraz,131.0,2026-03-25T19:56:55.454385,0.0,0.0
776,Daraz,131.0,2026-03-25T19:56:55.553971,0.0,0.0
776,Daraz,131.0,2026-03-25T19:56:55.637241,0.0,0.0
776,Daraz,131.0,2026-03-25T19:56:55.695077,0.0,0.0
776,Daraz,131.0,2026-03-25T19:56:55.787408,0.0,0.0
776,Daraz,131.0,2026-03-25T19:56:55.883797,0.0,0.0
776,Daraz,131.0,2026-03-25T19:56:55.969225,0.0,0.0
776,Daraz,131.0,2026-03-25T19:56:56.047988,0.0,0.0
776,Daraz,131.0,2026-03-25T19:56:56.143744,0.0,0.0
776,Daraz,131.0,2026-03-25T19:56:56.207038,0.0,0.0
776,Daraz,131.0,2026-03-25T19:56:56.293945,0.0,0.0
776,Daraz,131.0,2026-03-25T19:56:56.388353,0.0,0.0
776,Daraz,131.0,2026-03-25T19:56:56.491435,0.0,0.0
776,Daraz,131.0,2026-03-25T19:56:56.571295,0.0,0.0
776,Daraz,131.0,2026-03-25T19:56:56.673745,0.0,0.0
776,Daraz,131.0,2026-03-25T19:56:56.738289,0.0,0.0
776,Daraz,131.0,2026-03-25T19:56:56.778768,0.0,0.0
776,Daraz,131.0,2026-03-25T19:56:56.823510,0.0,0.0
776,Daraz,131.0,2026-03-25T19:56:56.888353,0.0,0.0
776,Daraz,131.0,2026-03-25T19:56:56.961048,0.0,0.0
776,Daraz,131.0,2026-03-25T19:56:57.039198,0.0,0.0
776,Daraz,131.0,2026-03-25T19:56:57.100688,0.0,0.0
776,Daraz,131.0,2026-03-25T19:56:57.183938,0.0,0.0
776,Daraz,131.0,2026-03-25T19:56:57.246768,0.0,0.0
776,Daraz,131.0,2026-03-25T19:56:57.294718,0.0,0.0
776,Daraz,131.0,2026-03-25T19:56:57.338074,0.0,0.0
776,Daraz,131.0,2026-03-25T19:56:57.403739,0.0,0.0
776,Daraz,131.0,2026-03-25T19:56:57.509263,0.0,0.0
776,Daraz,131.0,2026-03-25T19:56:57.570306,0.0,0.0
776,Daraz,131.0,2026-03-25T19:56:57.654342,0.0,0.0
776,Daraz,131.0,2026-03-25T19:56:57.737406,0.0,0.0
776,Daraz,131.0,2026-03-25T19:56:57.787181,0.0,0.0
776,Daraz,131.0,2026-03-25T19:56:57.870513,0.0,0.0
776,Daraz,131.0,2026-03-25T19:56:57.953781,0.0,0.0
776,Daraz,131.0,2026-03-25T19:56:58.037696,0.0,0.0
776,Daraz,131.0,2026-03-25T19:56:58.128093,0.0,0.0
776,Daraz,131.0,2026-03-25T19:56:58.169871,0.0,0.0
776,Daraz,131.0,2026-03-25T19:56:58.237170,0.0,0.0
776,Daraz,131.0,2026-03-25T19:56:58.286665,0.0,0.0
776,Daraz,131.0,2026-03-25T19:56:58.358498,0.0,0.0
776,Daraz,131.0,2026-03-25T19:56:58.461307,0.0,0.0
776,Daraz,131.0,2026-03-25T19:56:58.536489,0.0,0.0
776,Daraz,131.0,2026-03-25T19:56:58.589678,0.0,0.0
776,Daraz,131.0,2026-03-25T19:56:58.687318,0.0,0.0
776,Daraz,131.0,2026-03-25T19:56:58.771736,0.0,0.0
776,Daraz,131.0,2026-03-25T19:56:58.826407,0.0,0.0
776,Daraz,131.0,2026-03-25T19:56:58.885014,0.0,0.0
776,Daraz,131.0,2026-03-25T19:56:58.947082,0.0,0.0
776,Daraz,131.0,2026-03-25T19:56:59.020542,0.0,0.0
776,Daraz,131.0,2026-03-25T19:56:59.093907,0.0,0.0
776,Daraz,131.0,2026-03-25T19:56:59.153360,0.0,0.0
776,Daraz,131.0,2026-03-25T19:56:59.223534,0.0,0.0
776,Daraz,131.0,2026-03-25T19:56:59.310164,0.0,0.0
776,Daraz,131.0,2026-03-25T19:56:59.359509,0.0,0.0
776,Daraz,131.0,2026-03-25T19:56:59.414534,0.0,0.0
776,Daraz,131.0,2026-03-25T19:56:59.485458,0.0,0.0
776,Daraz,131.0,2026-03-25T19:56:59.555251,0.0,0.0
776,Daraz,131.0,2026-03-25T19:56:59.620195,0.0,0.0
776,Daraz,131.0,2026-03-25T19:56:59.676907,0.0,0.0
776,Daraz,131.0,2026-03-25T19:56:59.719812,0.0,0.0
776,Daraz,131.0,2026-03-25T19:56:59.786272,0.0,0.0
776,Daraz,131.0,2026-03-25T19:56:59.835165,0.0,0.0
776,Daraz,131.0,2026-03-25T19:56:59.905212,0.0,0.0
776,Daraz,131.0,2026-03-25T19:56:59.968273,0.0,0.0
776,Daraz,131.0,2026-03-25T19:57:00.035777,0.0,0.0
776,Daraz,131.0,2026-03-25T19:57:00.090169,0.0,0.0
776,Daraz,131.0,2026-03-25T19:57:00.147478,0.0,0.0
776,Daraz,131.0,2026-03-25T19:57:00.197867,0.0,0.0
776,Daraz,131.0,2026-03-25T19:57:00.255331,0.0,0.0
776,Daraz,131.0,2026-03-25T19:57:00.305244,0.0,0.0
776,Daraz,131.0,2026-03-25T19:57:00.354499,0.0,0.0
776,Daraz,131.0,2026-03-25T19:57:00.418624,0.0,0.0
776,Daraz,131.0,2026-03-25T19:57:00.482338,0.0,0.0
776,Daraz,131.0,2026-03-25T19:57:00.535421,0.0,0.0
776,Daraz,131.0,2026-03-25T19:57:00.589661,0.0,0.0
776,Daraz,131.0,2026-03-25T19:57:00.640340,0.0,0.0
776,Daraz,131.0,2026-03-25T19:57:00.681796,0.0,0.0
776,Daraz,131.0,2026-03-25T19:57:00.739780,0.0,0.0
776,Daraz,131.0,2026-03-25T19:57:00.788200,0.0,0.0
776,Daraz,131.0,2026-03-25T19:57:00.834946,0.0,0.0
776,Daraz,131.0,2026-03-25T19:57:00.879196,0.0,0.0
776,Daraz,131.0,2026-03-25T19:57:00.938467,0.0,0.0
776,Daraz,131.0,2026-03-25T19:57:00.988844,0.0,0.0
776,Daraz,131.0,2026-03-25T19:57:01.050481,0.0,0.0
776,Daraz,131.0,2026-03-25T19:57:01.103430,0.0,0.0
776,Daraz,131.0,2026-03-25T19:57:01.157463,0.0,0.0
776,Daraz,131.0,2026-03-25T19:57:01.205957,0.0,0.0
776,Daraz,131.0,2026-03-25T19:57:01.255596,0.0,0.0
776,Daraz,131.0,2026-03-25T19:57:01.304806,0.0,0.0
776,Daraz,131.0,2026-03-25T19:57:01.355273,0.0,0.0
776,Daraz,131.0,2026-03-25T19:57:01.401190,0.0,0.0
776,Daraz,131.0,2026-03-25T19:57:01.445809,0.0,0.0
776,Daraz,131.0,2026-03-25T19:57:01.504662,0.0,0.0
776,Daraz,131.0,2026-03-25T19:57:01.570892,0.0,0.0
776,Daraz,131.0,2026-03-25T19:57:01.637484,0.0,0.0
776,Daraz,131.0,2026-03-25T19:57:01.704471,0.0,0.0
776,Daraz,131.0,2026-03-25T19:57:01.754259,0.0,0.0
776,Daraz,131.0,2026-03-25T19:57:01.786152,0.0,0.0
776,Daraz,131.0,2026-03-25T19:57:01.866423,0.0,0.0
776,Daraz,131.0,2026-03-25T19:57:01.936026,0.0,0.0
776,Daraz,131.0,2026-03-25T19:57:02.002874,0.0,0.0
776,Daraz,131.0,2026-03-25T19:57:02.049492,0.0,0.0
776,Daraz,131.0,2026-03-25T19:57:02.101561,0.0,0.0
776,Daraz,131.0,2026-03-25T19:57:02.152591,0.0,0.0
776,Daraz,131.0,2026-03-25T19:57:02.205656,0.0,0.0
776,Daraz,131.0,2026-03-25T19:57:02.253728,0.0,0.0
776,Daraz,131.0,2026-03-25T19:57:02.294990,0.0,0.0
776,Daraz,131.0,2026-03-25T19:57:02.354837,0.0,0.0
776,Daraz,131.0,2026-03-25T19:57:02.420360,0.0,0.0
776,Daraz,131.0,2026-03-25T19:57:02.465929,0.0,0.0
776,Daraz,131.0,2026-03-25T19:57:02.503944,0.0,0.0
776,Daraz,131.0,2026-03-25T19:57:02.566675,0.0,0.0
776,Daraz,131.0,2026-03-25T19:57:02.617236,0.0,0.0
776,Daraz,131.0,2026-03-25T19:57:02.654924,0.0,0.0
776,Daraz,131.0,2026-03-25T19:57:02.717189,0.0,0.0
776,Daraz,131.0,2026-03-25T19:57:02.772029,0.0,0.0
776,Daraz,131.0,2026-03-25T19:57:02.829264,0.0,0.0
776,Daraz,131.0,2026-03-25T19:57:02.887596,0.0,0.0
776,Daraz,131.0,2026-03-25T19:57:02.945651,0.0,0.0
776,Daraz,131.0,2026-03-25T19:57:03.004539,0.0,0.0
776,Daraz,131.0,2026-03-25T19:57:03.051799,0.0,0.0
776,Daraz,131.0,2026-03-25T19:57:03.116448,0.0,0.0
776,Daraz,131.0,2026-03-25T19:57:03.171466,0.0,0.0
776,Daraz,131.0,2026-03-25T19:57:03.234050,0.0,0.0
776,Daraz,131.0,2026-03-25T19:57:03.288146,0.0,0.0
776,Daraz,131.0,2026-03-25T19:57:03.354115,0.0,0.0
776,Daraz,131.0,2026-03-25T19:57:03.410917,0.0,0.0
776,Daraz,131.0,2026-03-25T19:57:03.464957,0.0,0.0
776,Daraz,131.0,2026-03-25T19:57:03.515461,0.0,0.0
776,Daraz,131.0,2026-03-25T19:57:03.565480,0.0,0.0
776,Daraz,131.0,2026-03-25T19:57:03.615546,0.0,0.0
776,Daraz,131.0,2026-03-25T19:57:03.682205,0.0,0.0
776,Daraz,131.0,2026-03-25T19:57:03.748545,0.0,0.0
776,Daraz,131.0,2026-03-25T19:57:03.812281,0.0,0.0
776,Daraz,131.0,2026-03-25T19:57:03.857352,0.0,0.0
776,Daraz,131.0,2026-03-25T19:57:03.911239,0.0,0.0
776,Daraz,131.0,2026-03-25T19:57:03.953694,0.0,0.0
776,Daraz,131.0,2026-03-25T19:57:04.004526,0.0,0.0
776,Daraz,131.0,2026-03-25T19:57:04.077105,0.0,0.0
776,Daraz,131.0,2026-03-25T19:57:04.140657,0.0,0.0
776,Daraz,131.0,2026-03-25T19:57:04.189608,0.0,0.0
776,Daraz,131.0,2026-03-25T19:57:04.240762,0.0,0.0
776,Daraz,131.0,2026-03-25T19:57:04.303788,0.0,0.0
776,Daraz,131.0,2026-03-25T19:57:04.353635,0.0,0.0
776,Daraz,131.0,2026-03-25T19:57:04.420318,0.0,0.0
776,Daraz,131.0,2026-03-25T19:57:04.478786,0.0,0.0
776,Daraz,131.0,2026-03-25T19:57:04.533785,0.0,0.0
776,Daraz,131.0,2026-03-25T19:57:04.567396,0.0,0.0
776,Daraz,131.0,2026-03-25T19:57:04.635779,0.0,0.0
776,Daraz,131.0,2026-03-25T19:57:04.700538,0.0,0.0
776,Daraz,131.0,2026-03-25T19:57:04.763453,0.0,0.0
776,Daraz,131.0,2026-03-25T19:57:04.814949,0.0,0.0
776,Daraz,131.0,2026-03-25T19:57:04.869658,0.0,0.0
776,Daraz,131.0,2026-03-25T19:57:04.919250,0.0,0.0
776,Daraz,131.0,2026-03-25T19:57:04.984872,0.0,0.0
776,Daraz,131.0,2026-03-25T19:57:05.052980,0.0,0.0
776,Daraz,131.0,2026-03-25T19:57:05.119222,0.0,0.0
776,Daraz,131.0,2026-03-25T19:57:05.183510,0.0,0.0
776,Daraz,131.0,2026-03-25T19:57:05.245862,0.0,0.0
776,Daraz,131.0,2026-03-25T19:57:05.303342,0.0,0.0
776,Daraz,131.0,2026-03-25T19:57:05.367434,0.0,0.0
776,Daraz,131.0,2026-03-25T19:57:05.416632,0.0,0.0
776,Daraz,131.0,2026-03-25T19:57:05.468515,0.0,0.0
776,Daraz,131.0,2026-03-25T19:57:05.530396,0.0,0.0
776,Daraz,131.0,2026-03-25T19:57:05.574494,0.0,0.0
776,Daraz,131.0,2026-03-25T19:57:05.636438,0.0,0.0
776,Daraz,131.0,2026-03-25T19:57:05.715377,0.0,0.0
776,Daraz,131.0,2026-03-25T19:57:05.752856,0.0,0.0
776,Daraz,131.0,2026-03-25T19:57:05.799745,0.0,0.0
776,Daraz,131.0,2026-03-25T19:57:05.852250,0.0,0.0
776,Daraz,131.0,2026-03-25T19:57:05.908450,0.0,0.0
776,Daraz,131.0,2026-03-25T19:57:05.968624,0.0,0.0
776,Daraz,131.0,2026-03-25T19:57:06.035450,0.0,0.0
776,Daraz,131.0,2026-03-25T19:57:06.085079,0.0,0.0
776,Daraz,131.0,2026-03-25T19:57:06.135030,0.0,0.0
776,Daraz,131.0,2026-03-25T19:57:06.193438,0.0,0.0
776,Daraz,131.0,2026-03-25T19:57:06.248310,0.0,0.0
776,Daraz,131.0,2026-03-25T19:57:06.298336,0.0,0.0
776,Daraz,131.0,2026-03-25T19:57:06.346070,0.0,0.0
776,Daraz,131.0,2026-03-25T19:57:06.385434,0.0,0.0
776,Daraz,131.0,2026-03-25T19:57:06.451467,0.0,0.0
776,Daraz,131.0,2026-03-25T19:57:06.506864,0.0,0.0
776,Daraz,131.0,2026-03-25T19:57:06.554395,0.0,0.0
776,Daraz,131.0,2026-03-25T19:57:06.596293,0.0,0.0
776,Daraz,131.0,2026-03-25T19:57:06.651942,0.0,0.0
776,Daraz,131.0,2026-03-25T19:57:06.712440,0.0,0.0
776,Daraz,131.0,2026-03-25T19:57:06.765814,0.0,0.0
776,Daraz,131.0,2026-03-25T19:57:06.815602,0.0,0.0
776,Daraz,131.0,2026-03-25T19:57:06.865168,0.0,0.0
776,Daraz,131.0,2026-03-25T19:57:06.913093,0.0,0.0
776,Daraz,131.0,2026-03-25T19:57:06.969916,0.0,0.0
776,Daraz,131.0,2026-03-25T19:57:07.034913,0.0,0.0
776,Daraz,131.0,2026-03-25T19:57:07.083877,0.0,0.0
776,Daraz,131.0,2026-03-25T19:57:07.151831,0.0,0.0
776,Daraz,131.0,2026-03-25T19:57:07.207003,0.0,0.0
776,Daraz,131.0,2026-03-25T19:57:07.269230,0.0,0.0
776,Daraz,131.0,2026-03-25T19:57:07.328589,0.0,0.0
776,Daraz,131.0,2026-03-25T19:57:07.379145,0.0,0.0
776,Daraz,131.0,2026-03-25T19:57:07.440671,0.0,0.0
776,Daraz,131.0,2026-03-25T19:57:07.515187,0.0,0.0
776,Daraz,131.0,2026-03-25T19:57:07.575311,0.0,0.0
776,Daraz,131.0,2026-03-25T19:57:07.644847,0.0,0.0
776,Daraz,131.0,2026-03-25T19:57:07.719066,0.0,0.0
776,Daraz,131.0,2026-03-25T19:57:07.790401,0.0,0.0
776,Daraz,131.0,2026-03-25T19:57:07.846378,0.0,0.0
776,Daraz,131.0,2026-03-25T19:57:07.904011,0.0,0.0
776,Daraz,131.0,2026-03-25T19:57:07.969902,0.0,0.0
776,Daraz,131.0,2026-03-25T19:57:08.013262,0.0,0.0
776,Daraz,131.0,2026-03-25T19:57:08.064243,0.0,0.0
776,Daraz,131.0,2026-03-25T19:57:08.129873,0.0,0.0
776,Daraz,131.0,2026-03-25T19:57:08.206473,0.0,0.0
776,Daraz,131.0,2026-03-25T19:57:08.282574,0.0,0.0
776,Daraz,131.0,2026-03-25T19:57:08.348270,0.0,0.0
776,Daraz,131.0,2026-03-25T19:57:08.417184,0.0,0.0
776,Daraz,131.0,2026-03-25T19:57:08.478576,0.0,0.0
776,Daraz,131.0,2026-03-25T19:57:08.525188,0.0,0.0
776,Daraz,131.0,2026-03-25T19:57:08.588536,0.0,0.0
776,Daraz,131.0,2026-03-25T19:57:08.644663,0.0,0.0
776,Daraz,131.0,2026-03-25T19:57:08.706832,0.0,0.0
776,Daraz,131.0,2026-03-25T19:57:08.763594,0.0,0.0
776,Daraz,131.0,2026-03-25T19:57:08.825004,0.0,0.0
776,Daraz,131.0,2026-03-25T19:57:08.889326,0.0,0.0
776,Daraz,131.0,2026-03-25T19:57:08.958173,0.0,0.0
776,Daraz,131.0,2026-03-25T19:57:09.037397,0.0,0.0
776,Daraz,131.0,2026-03-25T19:57:09.100710,0.0,0.0
776,Daraz,131.0,2026-03-25T19:57:09.165500,0.0,0.0
776,Daraz,131.0,2026-03-25T19:57:09.226366,0.0,0.0
776,Daraz,131.0,2026-03-25T19:57:09.274123,0.0,0.0
776,Daraz,131.0,2026-03-25T19:57:09.325305,0.0,0.0
776,Daraz,131.0,2026-03-25T19:57:09.388234,0.0,0.0
776,Daraz,131.0,2026-03-25T19:57:09.444912,0.0,0.0
776,Daraz,131.0,2026-03-25T19:57:09.493687,0.0,0.0
776,Daraz,131.0,2026-03-25T19:57:09.559474,0.0,0.0
776,Daraz,131.0,2026-03-25T19:57:09.622510,0.0,0.0
776,Daraz,131.0,2026-03-25T19:57:09.678326,0.0,0.0
776,Daraz,131.0,2026-03-25T19:57:09.753433,0.0,0.0
776,Daraz,131.0,2026-03-25T19:57:09.816692,0.0,0.0
776,Daraz,131.0,2026-03-25T19:57:09.868760,0.0,0.0
776,Daraz,131.0,2026-03-25T19:57:09.945833,0.0,0.0
776,Daraz,131.0,2026-03-25T19:57:10.011246,0.0,0.0
776,Daraz,131.0,2026-03-25T19:57:10.069505,0.0,0.0
776,Daraz,131.0,2026-03-25T19:57:10.122568,0.0,0.0
776,Daraz,131.0,2026-03-25T19:57:10.182364,0.0,0.0
776,Daraz,131.0,2026-03-25T19:57:10.239644,0.0,0.0
776,Daraz,131.0,2026-03-25T19:57:10.319815,0.0,0.0
776,Daraz,131.0,2026-03-25T19:57:10.387520,0.0,0.0
776,Daraz,131.0,2026-03-25T19:57:10.450666,0.0,0.0
776,Daraz,131.0,2026-03-25T19:57:10.489038,0.0,0.0
776,Daraz,131.0,2026-03-25T19:57:10.537995,0.0,0.0
776,Daraz,131.0,2026-03-25T19:57:10.599256,0.0,0.0
776,Daraz,131.0,2026-03-25T19:57:10.662496,0.0,0.0
776,Daraz,131.0,2026-03-25T19:57:10.720370,0.0,0.0
776,Daraz,131.0,2026-03-25T19:57:10.809243,0.0,0.0
776,Daraz,131.0,2026-03-25T19:57:10.869959,0.0,0.0
776,Daraz,131.0,2026-03-25T19:57:10.944400,0.0,0.0
776,Daraz,131.0,2026-03-25T19:57:11.008263,0.0,0.0
776,Daraz,131.0,2026-03-25T19:57:11.066223,0.0,0.0
776,Daraz,131.0,2026-03-25T19:57:11.123873,0.0,0.0
776,Daraz,131.0,2026-03-25T19:57:11.171815,0.0,0.0
776,Daraz,131.0,2026-03-25T19:57:11.235648,0.0,0.0
776,Daraz,131.0,2026-03-25T19:57:11.315062,0.0,0.0
776,Daraz,131.0,2026-03-25T19:57:11.378469,0.0,0.0
776,Daraz,131.0,2026-03-25T19:57:11.426230,0.0,0.0
776,Daraz,131.0,2026-03-25T19:57:11.489798,0.0,0.0
776,Daraz,131.0,2026-03-25T19:57:11.542410,0.0,0.0
776,Daraz,131.0,2026-03-25T19:57:11.614275,0.0,0.0
776,Daraz,131.0,2026-03-25T19:57:11.660143,0.0,0.0
776,Daraz,131.0,2026-03-25T19:57:11.707617,0.0,0.0
776,Daraz,131.0,2026-03-25T19:57:11.766875,0.0,0.0
776,Daraz,131.0,2026-03-25T19:57:11.829396,0.0,0.0
776,Daraz,131.0,2026-03-25T19:57:11.882558,0.0,0.0
776,Daraz,131.0,2026-03-25T19:57:11.934204,0.0,0.0
776,Daraz,131.0,2026-03-25T19:57:11.974020,0.0,0.0
776,Daraz,131.0,2026-03-25T19:57:12.047374,0.0,0.0
776,Daraz,131.0,2026-03-25T19:57:12.101979,0.0,0.0
776,Daraz,131.0,2026-03-25T19:57:12.165313,0.0,0.0
776,Daraz,131.0,2026-03-25T19:57:12.233099,0.0,0.0
776,Daraz,131.0,2026-03-25T19:57:12.286750,0.0,0.0
776,Daraz,131.0,2026-03-25T19:57:12.337927,0.0,0.0
776,Daraz,131.0,2026-03-25T19:57:12.387532,0.0,0.0
776,Daraz,131.0,2026-03-25T19:57:12.472785,0.0,0.0
776,Daraz,131.0,2026-03-25T19:57:12.530606,0.0,0.0
776,Daraz,131.0,2026-03-25T19:57:12.594467,0.0,0.0
776,Daraz,131.0,2026-03-25T19:57:12.638230,0.0,0.0
776,Daraz,131.0,2026-03-25T19:57:12.685823,0.0,0.0
776,Daraz,131.0,2026-03-25T19:57:12.750306,0.0,0.0
776,Daraz,131.0,2026-03-25T19:57:12.793512,0.0,0.0
776,Daraz,131.0,2026-03-25T19:57:12.861944,0.0,0.0
776,Daraz,131.0,2026-03-25T19:57:12.917519,0.0,0.0
776,Daraz,131.0,2026-03-25T19:57:12.970881,0.0,0.0
776,Daraz,131.0,2026-03-25T19:57:13.040271,0.0,0.0
776,Daraz,131.0,2026-03-25T19:57:13.108123,0.0,0.0
776,Daraz,131.0,2026-03-25T19:57:13.163344,0.0,0.0
776,Daraz,131.0,2026-03-25T19:57:13.224481,0.0,0.0
776,Daraz,131.0,2026-03-25T19:57:13.291334,0.0,0.0
776,Daraz,131.0,2026-03-25T19:57:13.353760,0.0,0.0
776,Daraz,131.0,2026-03-25T19:57:13.419266,0.0,0.0
776,Daraz,131.0,2026-03-25T19:57:13.471631,0.0,0.0
776,Daraz,131.0,2026-03-25T19:57:13.520594,0.0,0.0
776,Daraz,131.0,2026-03-25T19:57:13.564065,0.0,0.0
776,Daraz,131.0,2026-03-25T19:57:13.616146,0.0,0.0
776,Daraz,131.0,2026-03-25T19:57:13.682517,0.0,0.0
776,Daraz,131.0,2026-03-25T19:57:13.736515,0.0,0.0
776,Daraz,131.0,2026-03-25T19:57:13.781335,0.0,0.0
776,Daraz,131.0,2026-03-25T19:57:13.824657,0.0,0.0
776,Daraz,131.0,2026-03-25T19:57:13.881782,0.0,0.0
776,Daraz,131.0,2026-03-25T19:57:13.937166,0.0,0.0
776,Daraz,131.0,2026-03-25T19:57:13.990830,0.0,0.0
776,Daraz,131.0,2026-03-25T19:57:14.043797,0.0,0.0
776,Daraz,131.0,2026-03-25T19:57:14.096733,0.0,0.0
776,Daraz,131.0,2026-03-25T19:57:14.153476,0.0,0.0
776,Daraz,131.0,2026-03-25T19:57:14.210272,0.0,0.0
776,Daraz,131.0,2026-03-25T19:57:14.257309,0.0,0.0
776,Daraz,131.0,2026-03-25T19:57:14.316215,0.0,0.0
776,Daraz,131.0,2026-03-25T19:57:14.373984,0.0,0.0
776,Daraz,131.0,2026-03-25T19:57:14.440361,0.0,0.0
776,Daraz,131.0,2026-03-25T19:57:14.507452,0.0,0.0
776,Daraz,131.0,2026-03-25T19:57:14.559357,0.0,0.0
776,Daraz,131.0,2026-03-25T19:57:14.607966,0.0,0.0
776,Daraz,131.0,2026-03-25T19:57:14.668704,0.0,0.0
776,Daraz,131.0,2026-03-25T19:57:14.723968,0.0,0.0
776,Daraz,131.0,2026-03-25T19:57:14.790258,0.0,0.0
776,Daraz,131.0,2026-03-25T19:57:14.840537,0.0,0.0
776,Daraz,131.0,2026-03-25T19:57:14.894304,0.0,0.0
776,Daraz,131.0,2026-03-25T19:57:14.940421,0.0,0.0
776,Daraz,131.0,2026-03-25T19:57:15.000734,0.0,0.0
776,Daraz,131.0,2026-03-25T19:57:15.073292,0.0,0.0
776,Daraz,131.0,2026-03-25T19:57:15.139482,0.0,0.0
776,Daraz,131.0,2026-03-25T19:57:15.202403,0.0,0.0
776,Daraz,131.0,2026-03-25T19:57:15.273384,0.0,0.0
776,Daraz,131.0,2026-03-25T19:57:15.328295,0.0,0.0
776,Daraz,131.0,2026-03-25T19:57:15.396183,0.0,0.0
776,Daraz,131.0,2026-03-25T19:57:15.469875,0.0,0.0
776,Daraz,131.0,2026-03-25T19:57:15.559061,0.0,0.0
776,Daraz,131.0,2026-03-25T19:57:15.628576,0.0,0.0
776,Daraz,131.0,2026-03-25T19:57:15.707589,0.0,0.0
776,Daraz,131.0,2026-03-25T19:57:15.771205,0.0,0.0
776,Daraz,131.0,2026-03-25T19:57:15.835465,0.0,0.0
776,Daraz,131.0,2026-03-25T19:57:15.906387,0.0,0.0
776,Daraz,131.0,2026-03-25T19:57:15.973481,0.0,0.0
776,Daraz,131.0,2026-03-25T19:57:16.048368,0.0,0.0
776,Daraz,131.0,2026-03-25T19:57:16.110721,0.0,0.0
776,Daraz,131.0,2026-03-25T19:57:16.163807,0.0,0.0
776,Daraz,131.0,2026-03-25T19:57:16.241289,0.0,0.0
776,Daraz,131.0,2026-03-25T19:57:16.313533,0.0,0.0
776,Daraz,131.0,2026-03-25T19:57:16.403270,0.0,0.0
776,Daraz,131.0,2026-03-25T19:57:16.492970,0.0,0.0
776,Daraz,131.0,2026-03-25T19:57:16.562372,0.0,0.0
776,Daraz,131.0,2026-03-25T19:57:16.635335,0.0,0.0
776,Daraz,131.0,2026-03-25T19:57:16.719096,0.0,0.0
776,Daraz,131.0,2026-03-25T19:57:16.802321,0.0,0.0
776,Daraz,131.0,2026-03-25T19:57:16.869119,0.0,0.0
776,Daraz,131.0,2026-03-25T19:57:16.944559,0.0,0.0
776,Daraz,131.0,2026-03-25T19:57:17.003981,0.0,0.0
776,Daraz,131.0,2026-03-25T19:57:17.063531,0.0,0.0
776,Daraz,131.0,2026-03-25T19:57:17.135306,0.0,0.0
776,Daraz,131.0,2026-03-25T19:57:17.193713,0.0,0.0
776,Daraz,131.0,2026-03-25T19:57:17.268776,0.0,0.0
776,Daraz,131.0,2026-03-25T19:57:17.335759,0.0,0.0
776,Daraz,131.0,2026-03-25T19:57:17.389720,0.0,0.0
776,Daraz,131.0,2026-03-25T19:57:17.460508,0.0,0.0
776,Daraz,131.0,2026-03-25T19:57:17.541856,0.0,0.0
776,Daraz,131.0,2026-03-25T19:57:17.612406,0.0,0.0
776,Daraz,131.0,2026-03-25T19:57:17.667355,0.0,0.0
776,Daraz,131.0,2026-03-25T19:57:17.718106,0.0,0.0
776,Daraz,131.0,2026-03-25T19:57:17.800997,0.0,0.0
776,Daraz,131.0,2026-03-25T19:57:17.901370,0.0,0.0
776,Daraz,131.0,2026-03-25T19:57:17.956966,0.0,0.0
776,Daraz,131.0,2026-03-25T19:57:18.000896,0.0,0.0
776,Daraz,131.0,2026-03-25T19:57:18.048644,0.0,0.0
776,Daraz,131.0,2026-03-25T19:57:18.098319,0.0,0.0
776,Daraz,131.0,2026-03-25T19:57:18.167419,0.0,0.0
776,Daraz,131.0,2026-03-25T19:57:18.235111,0.0,0.0
776,Daraz,131.0,2026-03-25T19:57:18.284114,0.0,0.0
776,Daraz,131.0,2026-03-25T19:57:18.334456,0.0,0.0
776,Daraz,131.0,2026-03-25T19:57:18.400877,0.0,0.0
776,Daraz,131.0,2026-03-25T19:57:18.467492,0.0,0.0
776,Daraz,131.0,2026-03-25T19:57:18.546637,0.0,0.0
776,Daraz,131.0,2026-03-25T19:57:18.643616,0.0,0.0
776,Daraz,131.0,2026-03-25T19:57:18.721201,0.0,0.0
776,Daraz,131.0,2026-03-25T19:57:18.773597,0.0,0.0
776,Daraz,131.0,2026-03-25T19:57:18.824049,0.0,0.0
776,Daraz,131.0,2026-03-25T19:57:18.891600,0.0,0.0
776,Daraz,131.0,2026-03-25T19:57:18.957196,0.0,0.0
776,Daraz,131.0,2026-03-25T19:57:19.007175,0.0,0.0
776,Daraz,131.0,2026-03-25T19:57:19.055573,0.0,0.0
776,Daraz,131.0,2026-03-25T19:57:19.121797,0.0,0.0
776,Daraz,131.0,2026-03-25T19:57:19.189250,0.0,0.0
776,Daraz,131.0,2026-03-25T19:57:19.255788,0.0,0.0
7,Hukut,88000.0,2026-03-25T19:57:20.909675,0.0,0.0
810,Daraz,422.0,2026-03-25T19:57:21.350538,39.0,10.182767624020887
777,Daraz,131.0,2026-03-25T19:57:21.388551,0.0,0.0
776,Daraz,131.0,2026-03-25T19:57:21.456998,0.0,0.0
777,Daraz,131.0,2026-03-25T19:57:21.505588,0.0,0.0
778,Daraz,166.0,2026-03-25T19:57:21.555085,0.0,0.0
779,Daraz,186.0,2026-03-25T19:57:21.604912,0.0,0.0
780,Daraz,186.0,2026-03-25T19:57:21.667597,0.0,0.0
781,Daraz,211.0,2026-03-25T19:57:21.730941,0.0,0.0
782,Daraz,211.0,2026-03-25T19:57:21.788073,0.0,0.0
783,Daraz,223.0,2026-03-25T19:57:21.848546,0.0,0.0
784,Daraz,225.0,2026-03-25T19:57:21.896661,0.0,0.0
785,Daraz,249.0,2026-03-25T19:57:21.949694,0.0,0.0
786,Daraz,249.0,2026-03-25T19:57:22.002784,0.0,0.0
787,Daraz,249.0,2026-03-25T19:57:22.051622,0.0,0.0
788,Daraz,249.0,2026-03-25T19:57:22.102931,0.0,0.0
789,Daraz,259.0,2026-03-25T19:57:22.161070,0.0,0.0
790,Daraz,275.0,2026-03-25T19:57:22.208565,0.0,0.0
791,Daraz,275.0,2026-03-25T19:57:22.267020,0.0,0.0
792,Daraz,311.0,2026-03-25T19:57:22.333189,0.0,0.0
793,Daraz,332.0,2026-03-25T19:57:22.399924,0.0,0.0
794,Daraz,1100.0,2026-03-25T19:57:22.483390,0.0,0.0
795,Daraz,405.0,2026-03-25T19:57:22.549817,0.0,0.0
796,Daraz,1720.0,2026-03-25T19:57:22.633061,0.0,0.0
797,Daraz,450.0,2026-03-25T19:57:22.700464,0.0,0.0
798,Daraz,1755.0,2026-03-25T19:57:22.782963,0.0,0.0
799,Daraz,480.0,2026-03-25T19:57:22.866311,0.0,0.0
3,Daraz,1850.0,2026-03-25T19:57:22.949364,0.0,0.0
800,Daraz,629.0,2026-03-25T19:57:23.016520,0.0,0.0
583,Daraz,2000.0,2026-03-25T19:57:23.082127,0.0,0.0
801,Daraz,749.0,2026-03-25T19:57:23.150611,0.0,0.0
173,Daraz,2149.0,2026-03-25T19:57:23.208187,0.0,0.0
802,Daraz,749.0,2026-03-25T19:57:23.252233,0.0,0.0
584,Daraz,2200.0,2026-03-25T19:57:23.300834,0.0,0.0
7,Hukut,88000.0,2026-03-25T19:57:23.349318,0.0,0.0
803,Hukut,89999.0,2026-03-25T19:57:23.382381,0.0,0.0
804,Hukut,98000.0,2026-03-25T19:57:23.471619,0.0,0.0
805,Hukut,99000.0,2026-03-25T19:57:23.512144,0.0,0.0
806,Daraz,152500.0,2026-03-25T19:57:23.563841,0.0,0.0
807,Daraz,150.0,2026-03-25T19:57:23.643927,0.0,0.0
808,Daraz,189.0,2026-03-25T19:57:23.709502,0.0,0.0
809,Daraz,370.0,2026-03-25T19:57:23.792106,0.0,0.0
810,Daraz,383.0,2026-03-25T19:57:23.870709,-39.0,-9.24170616113744
810,Daraz,422.0,2026-03-25T19:57:23.949872,39.0,10.182767624020887
778,Daraz,166.0,2026-03-25T19:57:24.029041,0.0,0.0
776,Daraz,131.0,2026-03-25T19:57:24.125162,0.0,0.0
777,Daraz,131.0,2026-03-25T19:57:24.220282,0.0,0.0
778,Daraz,166.0,2026-03-25T19:57:24.287313,0.0,0.0
779,Daraz,186.0,2026-03-25T19:57:24.331490,0.0,0.0
780,Daraz,186.0,2026-03-25T19:57:24.395755,0.0,0.0
781,Daraz,211.0,2026-03-25T19:57:24.475583,0.0,0.0
782,Daraz,211.0,2026-03-25T19:57:24.555093,0.0,0.0
783,Daraz,223.0,2026-03-25T19:57:24.634364,0.0,0.0
784,Daraz,225.0,2026-03-25T19:57:24.699585,0.0,0.0
785,Daraz,249.0,2026-03-25T19:57:24.762698,0.0,0.0
786,Daraz,249.0,2026-03-25T19:57:24.844181,0.0,0.0
787,Daraz,249.0,2026-03-25T19:57:24.914216,0.0,0.0
788,Daraz,249.0,2026-03-25T19:57:24.999370,0.0,0.0
789,Daraz,259.0,2026-03-25T19:57:25.066568,0.0,0.0
790,Daraz,275.0,2026-03-25T19:57:25.125570,0.0,0.0
791,Daraz,275.0,2026-03-25T19:57:25.188668,0.0,0.0
792,Daraz,311.0,2026-03-25T19:57:25.282838,0.0,0.0
793,Daraz,332.0,2026-03-25T19:57:25.350476,0.0,0.0
794,Daraz,1100.0,2026-03-25T19:57:25.385126,0.0,0.0
795,Daraz,405.0,2026-03-25T19:57:25.464087,0.0,0.0
796,Daraz,1720.0,2026-03-25T19:57:25.522931,0.0,0.0
797,Daraz,450.0,2026-03-25T19:57:25.584695,0.0,0.0
798,Daraz,1755.0,2026-03-25T19:57:25.634084,0.0,0.0
799,Daraz,480.0,2026-03-25T19:57:25.701081,0.0,0.0
3,Daraz,1850.0,2026-03-25T19:57:25.783659,0.0,0.0
800,Daraz,629.0,2026-03-25T19:57:25.834045,0.0,0.0
583,Daraz,2000.0,2026-03-25T19:57:25.899131,0.0,0.0
801,Daraz,749.0,2026-03-25T19:57:25.978884,0.0,0.0
173,Daraz,2149.0,2026-03-25T19:57:26.046650,0.0,0.0
802,Daraz,749.0,2026-03-25T19:57:26.099087,0.0,0.0
584,Daraz,2200.0,2026-03-25T19:57:26.152560,0.0,0.0
7,Hukut,88000.0,2026-03-25T19:57:26.219319,0.0,0.0
803,Hukut,89999.0,2026-03-25T19:57:26.255384,0.0,0.0
804,Hukut,98000.0,2026-03-25T19:57:26.334915,0.0,0.0
805,Hukut,99000.0,2026-03-25T19:57:26.386504,0.0,0.0
806,Daraz,152500.0,2026-03-25T19:57:26.467726,0.0,0.0
807,Daraz,150.0,2026-03-25T19:57:26.519102,0.0,0.0
808,Daraz,189.0,2026-03-25T19:57:26.599926,0.0,0.0
809,Daraz,370.0,2026-03-25T19:57:26.673138,0.0,0.0
810,Daraz,383.0,2026-03-25T19:57:26.736686,-39.0,-9.24170616113744
810,Daraz,422.0,2026-03-25T19:57:26.787962,39.0,10.182767624020887
779,Daraz,186.0,2026-03-25T19:57:26.847730,0.0,0.0
776,Daraz,131.0,2026-03-25T19:57:26.894863,0.0,0.0
777,Daraz,131.0,2026-03-25T19:57:26.943870,0.0,0.0
778,Daraz,166.0,2026-03-25T19:57:26.991597,0.0,0.0
779,Daraz,186.0,2026-03-25T19:57:27.043395,0.0,0.0
780,Daraz,186.0,2026-03-25T19:57:27.094379,0.0,0.0
781,Daraz,211.0,2026-03-25T19:57:27.146475,0.0,0.0
782,Daraz,211.0,2026-03-25T19:57:27.202034,0.0,0.0
783,Daraz,223.0,2026-03-25T19:57:27.256499,0.0,0.0
784,Daraz,225.0,2026-03-25T19:57:27.305866,0.0,0.0
785,Daraz,249.0,2026-03-25T19:57:27.376280,0.0,0.0
786,Daraz,249.0,2026-03-25T19:57:27.437033,0.0,0.0
787,Daraz,249.0,2026-03-25T19:57:27.501835,0.0,0.0
788,Daraz,249.0,2026-03-25T19:57:27.556669,0.0,0.0
789,Daraz,259.0,2026-03-25T19:57:27.606556,0.0,0.0
790,Daraz,275.0,2026-03-25T19:57:27.660297,0.0,0.0
791,Daraz,275.0,2026-03-25T19:57:27.731419,0.0,0.0
792,Daraz,311.0,2026-03-25T19:57:27.794332,0.0,0.0
793,Daraz,332.0,2026-03-25T19:57:27.861503,0.0,0.0
794,Daraz,1100.0,2026-03-25T19:57:27.920166,0.0,0.0
795,Daraz,405.0,2026-03-25T19:57:28.001627,0.0,0.0
796,Daraz,1720.0,2026-03-25T19:57:28.080480,0.0,0.0
797,Daraz,450.0,2026-03-25T19:57:28.160153,0.0,0.0
798,Daraz,1755.0,2026-03-25T19:57:28.221034,0.0,0.0
799,Daraz,480.0,2026-03-25T19:57:28.265483,0.0,0.0
3,Daraz,1850.0,2026-03-25T19:57:28.316378,0.0,0.0
800,Daraz,629.0,2026-03-25T19:57:28.379312,0.0,0.0
583,Daraz,2000.0,2026-03-25T19:57:28.429605,0.0,0.0
801,Daraz,749.0,2026-03-25T19:57:28.511505,0.0,0.0
173,Daraz,2149.0,2026-03-25T19:57:28.577913,0.0,0.0
802,Daraz,749.0,2026-03-25T19:57:28.654779,0.0,0.0
584,Daraz,2200.0,2026-03-25T19:57:28.711400,0.0,0.0
7,Hukut,88000.0,2026-03-25T19:57:28.795582,0.0,0.0
803,Hukut,89999.0,2026-03-25T19:57:28.831912,0.0,0.0
804,Hukut,98000.0,2026-03-25T19:57:28.894953,0.0,0.0
805,Hukut,99000.0,2026-03-25T19:57:28.944541,0.0,0.0
806,Daraz,152500.0,2026-03-25T19:57:29.011265,0.0,0.0
807,Daraz,150.0,2026-03-25T19:57:29.078049,0.0,0.0
808,Daraz,189.0,2026-03-25T19:57:29.154599,0.0,0.0
809,Daraz,370.0,2026-03-25T19:57:29.211037,0.0,0.0
810,Daraz,383.0,2026-03-25T19:57:29.278606,-39.0,-9.24170616113744
810,Daraz,422.0,2026-03-25T19:57:29.360318,39.0,10.182767624020887
780,Daraz,186.0,2026-03-25T19:57:29.427606,0.0,0.0
776,Daraz,131.0,2026-03-25T19:57:29.493417,0.0,0.0
777,Daraz,131.0,2026-03-25T19:57:29.558630,0.0,0.0
778,Daraz,166.0,2026-03-25T19:57:29.622479,0.0,0.0
779,Daraz,186.0,2026-03-25T19:57:29.696914,0.0,0.0
780,Daraz,186.0,2026-03-25T19:57:29.743165,0.0,0.0
781,Daraz,211.0,2026-03-25T19:57:29.826937,0.0,0.0
782,Daraz,211.0,2026-03-25T19:57:29.892270,0.0,0.0
783,Daraz,223.0,2026-03-25T19:57:29.998195,0.0,0.0
784,Daraz,225.0,2026-03-25T19:57:30.060613,0.0,0.0
785,Daraz,249.0,2026-03-25T19:57:30.160467,0.0,0.0
786,Daraz,249.0,2026-03-25T19:57:30.242331,0.0,0.0
787,Daraz,249.0,2026-03-25T19:57:30.293265,0.0,0.0
788,Daraz,249.0,2026-03-25T19:57:30.393229,0.0,0.0
789,Daraz,259.0,2026-03-25T19:57:30.475865,0.0,0.0
790,Daraz,275.0,2026-03-25T19:57:30.560189,0.0,0.0
791,Daraz,275.0,2026-03-25T19:57:30.659830,0.0,0.0
792,Daraz,311.0,2026-03-25T19:57:30.759774,0.0,0.0
793,Daraz,332.0,2026-03-25T19:57:30.826067,0.0,0.0
794,Daraz,1100.0,2026-03-25T19:57:30.926413,0.0,0.0
795,Daraz,405.0,2026-03-25T19:57:31.026116,0.0,0.0
796,Daraz,1720.0,2026-03-25T19:57:31.145849,0.0,0.0
797,Daraz,450.0,2026-03-25T19:57:31.225919,0.0,0.0
798,Daraz,1755.0,2026-03-25T19:57:31.330026,0.0,0.0
799,Daraz,480.0,2026-03-25T19:57:31.429341,0.0,0.0
3,Daraz,1850.0,2026-03-25T19:57:31.525493,0.0,0.0
800,Daraz,629.0,2026-03-25T19:57:31.625404,0.0,0.0
583,Daraz,2000.0,2026-03-25T19:57:31.725332,0.0,0.0
801,Daraz,749.0,2026-03-25T19:57:31.841860,0.0,0.0
173,Daraz,2149.0,2026-03-25T19:57:31.933708,0.0,0.0
802,Daraz,749.0,2026-03-25T19:57:32.025307,0.0,0.0
584,Daraz,2200.0,2026-03-25T19:57:32.116642,0.0,0.0
7,Hukut,88000.0,2026-03-25T19:57:32.207948,0.0,0.0
803,Hukut,89999.0,2026-03-25T19:57:32.241107,0.0,0.0
804,Hukut,98000.0,2026-03-25T19:57:32.324912,0.0,0.0
805,Hukut,99000.0,2026-03-25T19:57:32.442915,0.0,0.0
806,Daraz,152500.0,2026-03-25T19:57:32.540890,0.0,0.0
807,Daraz,150.0,2026-03-25T19:57:32.651166,0.0,0.0
808,Daraz,189.0,2026-03-25T19:57:32.707972,0.0,0.0
809,Daraz,370.0,2026-03-25T19:57:32.774516,0.0,0.0
810,Daraz,383.0,2026-03-25T19:57:32.873991,-39.0,-9.24170616113744
810,Daraz,422.0,2026-03-25T19:57:32.973912,39.0,10.182767624020887
781,Daraz,211.0,2026-03-25T19:57:33.083088,0.0,0.0
776,Daraz,131.0,2026-03-25T19:57:33.174107,0.0,0.0
777,Daraz,131.0,2026-03-25T19:57:33.224164,0.0,0.0
778,Daraz,166.0,2026-03-25T19:57:33.273727,0.0,0.0
779,Daraz,186.0,2026-03-25T19:57:33.357441,0.0,0.0
780,Daraz,186.0,2026-03-25T19:57:33.463671,0.0,0.0
781,Daraz,211.0,2026-03-25T19:57:33.540173,0.0,0.0
782,Daraz,211.0,2026-03-25T19:57:33.640570,0.0,0.0
783,Daraz,223.0,2026-03-25T19:57:33.715950,0.0,0.0
784,Daraz,225.0,2026-03-25T19:57:33.790292,0.0,0.0
785,Daraz,249.0,2026-03-25T19:57:33.907136,0.0,0.0
786,Daraz,249.0,2026-03-25T19:57:34.015747,0.0,0.0
787,Daraz,249.0,2026-03-25T19:57:34.106223,0.0,0.0
788,Daraz,249.0,2026-03-25T19:57:34.206588,0.0,0.0
789,Daraz,259.0,2026-03-25T19:57:34.306715,0.0,0.0
790,Daraz,275.0,2026-03-25T19:57:34.425102,0.0,0.0
791,Daraz,275.0,2026-03-25T19:57:34.496613,0.0,0.0
792,Daraz,311.0,2026-03-25T19:57:34.573338,0.0,0.0
793,Daraz,332.0,2026-03-25T19:57:34.673248,0.0,0.0
794,Daraz,1100.0,2026-03-25T19:57:34.794952,0.0,0.0
795,Daraz,405.0,2026-03-25T19:57:34.906282,0.0,0.0
796,Daraz,1720.0,2026-03-25T19:57:35.022701,0.0,0.0
797,Daraz,450.0,2026-03-25T19:57:35.106508,0.0,0.0
798,Daraz,1755.0,2026-03-25T19:57:35.222345,0.0,0.0
799,Daraz,480.0,2026-03-25T19:57:35.329025,0.0,0.0
3,Daraz,1850.0,2026-03-25T19:57:35.389080,0.0,0.0
800,Daraz,629.0,2026-03-25T19:57:35.489241,0.0,0.0
583,Daraz,2000.0,2026-03-25T19:57:35.589170,0.0,0.0
801,Daraz,749.0,2026-03-25T19:57:35.689151,0.0,0.0
173,Daraz,2149.0,2026-03-25T19:57:35.794030,0.0,0.0
802,Daraz,749.0,2026-03-25T19:57:35.902853,0.0,0.0
584,Daraz,2200.0,2026-03-25T19:57:35.989885,0.0,0.0
7,Hukut,88000.0,2026-03-25T19:57:36.071338,0.0,0.0
803,Hukut,89999.0,2026-03-25T19:57:36.138462,0.0,0.0
804,Hukut,98000.0,2026-03-25T19:57:36.206031,0.0,0.0
805,Hukut,99000.0,2026-03-25T19:57:36.288240,0.0,0.0
806,Daraz,152500.0,2026-03-25T19:57:36.386880,0.0,0.0
807,Daraz,150.0,2026-03-25T19:57:36.477905,0.0,0.0
808,Daraz,189.0,2026-03-25T19:57:36.554586,0.0,0.0
809,Daraz,370.0,2026-03-25T19:57:36.604860,0.0,0.0
810,Daraz,383.0,2026-03-25T19:57:36.687932,-39.0,-9.24170616113744
810,Daraz,422.0,2026-03-25T19:57:36.763496,39.0,10.182767624020887
782,Daraz,211.0,2026-03-25T19:57:36.837452,0.0,0.0
776,Daraz,131.0,2026-03-25T19:57:36.904378,0.0,0.0
777,Daraz,131.0,2026-03-25T19:57:36.987997,0.0,0.0
778,Daraz,166.0,2026-03-25T19:57:37.054509,0.0,0.0
779,Daraz,186.0,2026-03-25T19:57:37.107644,0.0,0.0
780,Daraz,186.0,2026-03-25T19:57:37.200127,0.0,0.0
781,Daraz,211.0,2026-03-25T19:57:37.270829,0.0,0.0
782,Daraz,211.0,2026-03-25T19:57:37.353584,0.0,0.0
783,Daraz,223.0,2026-03-25T19:57:37.419353,0.0,0.0
784,Daraz,225.0,2026-03-25T19:57:37.478589,0.0,0.0
785,Daraz,249.0,2026-03-25T19:57:37.537334,0.0,0.0
786,Daraz,249.0,2026-03-25T19:57:37.637158,0.0,0.0
787,Daraz,249.0,2026-03-25T19:57:37.712471,0.0,0.0
788,Daraz,249.0,2026-03-25T19:57:37.796829,0.0,0.0
789,Daraz,259.0,2026-03-25T19:57:37.886771,0.0,0.0
790,Daraz,275.0,2026-03-25T19:57:37.997627,0.0,0.0
791,Daraz,275.0,2026-03-25T19:57:38.068664,0.0,0.0
792,Daraz,311.0,2026-03-25T19:57:38.136635,0.0,0.0
793,Daraz,332.0,2026-03-25T19:57:38.220251,0.0,0.0
794,Daraz,1100.0,2026-03-25T19:57:38.320099,0.0,0.0
795,Daraz,405.0,2026-03-25T19:57:38.420301,0.0,0.0
796,Daraz,1720.0,2026-03-25T19:57:38.537206,0.0,0.0
797,Daraz,450.0,2026-03-25T19:57:38.653506,0.0,0.0
798,Daraz,1755.0,2026-03-25T19:57:38.769544,0.0,0.0
799,Daraz,480.0,2026-03-25T19:57:38.869867,0.0,0.0
3,Daraz,1850.0,2026-03-25T19:57:38.995728,0.0,0.0
800,Daraz,629.0,2026-03-25T19:57:39.102538,0.0,0.0
583,Daraz,2000.0,2026-03-25T19:57:39.169319,0.0,0.0
801,Daraz,749.0,2026-03-25T19:57:39.285960,0.0,0.0
173,Daraz,2149.0,2026-03-25T19:57:39.385939,0.0,0.0
802,Daraz,749.0,2026-03-25T19:57:39.451939,0.0,0.0
584,Daraz,2200.0,2026-03-25T19:57:39.550269,0.0,0.0
7,Hukut,88000.0,2026-03-25T19:57:39.635786,0.0,0.0
803,Hukut,89999.0,2026-03-25T19:57:39.701671,0.0,0.0
804,Hukut,98000.0,2026-03-25T19:57:39.809840,0.0,0.0
805,Hukut,99000.0,2026-03-25T19:57:39.901501,0.0,0.0
806,Daraz,152500.0,2026-03-25T19:57:39.992646,0.0,0.0
807,Daraz,150.0,2026-03-25T19:57:40.069100,0.0,0.0
808,Daraz,189.0,2026-03-25T19:57:40.184917,0.0,0.0
809,Daraz,370.0,2026-03-25T19:57:40.268233,0.0,0.0
810,Daraz,383.0,2026-03-25T19:57:40.351291,-39.0,-9.24170616113744
810,Daraz,422.0,2026-03-25T19:57:40.461373,39.0,10.182767624020887
783,Daraz,223.0,2026-03-25T19:57:40.538142,0.0,0.0
776,Daraz,131.0,2026-03-25T19:57:40.600893,0.0,0.0
777,Daraz,131.0,2026-03-25T19:57:40.719159,0.0,0.0
778,Daraz,166.0,2026-03-25T19:57:40.817739,0.0,0.0
779,Daraz,186.0,2026-03-25T19:57:40.912128,0.0,0.0
780,Daraz,186.0,2026-03-25T19:57:41.008075,0.0,0.0
781,Daraz,211.0,2026-03-25T19:57:41.103927,0.0,0.0
782,Daraz,211.0,2026-03-25T19:57:41.214643,0.0,0.0
783,Daraz,223.0,2026-03-25T19:57:41.310553,0.0,0.0
784,Daraz,225.0,2026-03-25T19:57:41.375091,0.0,0.0
785,Daraz,249.0,2026-03-25T19:57:41.476089,0.0,0.0
786,Daraz,249.0,2026-03-25T19:57:41.579349,0.0,0.0
787,Daraz,249.0,2026-03-25T19:57:41.690686,0.0,0.0
788,Daraz,249.0,2026-03-25T19:57:41.797844,0.0,0.0
789,Daraz,259.0,2026-03-25T19:57:41.896845,0.0,0.0
790,Daraz,275.0,2026-03-25T19:57:42.015092,0.0,0.0
791,Daraz,275.0,2026-03-25T19:57:42.114906,0.0,0.0
792,Daraz,311.0,2026-03-25T19:57:42.181614,0.0,0.0
793,Daraz,332.0,2026-03-25T19:57:42.298479,0.0,0.0
794,Daraz,1100.0,2026-03-25T19:57:42.414663,0.0,0.0
795,Daraz,405.0,2026-03-25T19:57:42.498199,0.0,0.0
796,Daraz,1720.0,2026-03-25T19:57:42.597935,0.0,0.0
797,Daraz,450.0,2026-03-25T19:57:42.698191,0.0,0.0
798,Daraz,1755.0,2026-03-25T19:57:42.796056,0.0,0.0
799,Daraz,480.0,2026-03-25T19:57:42.891385,0.0,0.0
3,Daraz,1850.0,2026-03-25T19:57:42.970958,0.0,0.0
800,Daraz,629.0,2026-03-25T19:57:43.065826,0.0,0.0
583,Daraz,2000.0,2026-03-25T19:57:43.149531,0.0,0.0
801,Daraz,749.0,2026-03-25T19:57:43.209542,0.0,0.0
173,Daraz,2149.0,2026-03-25T19:57:43.290833,0.0,0.0
802,Daraz,749.0,2026-03-25T19:57:43.351679,0.0,0.0
584,Daraz,2200.0,2026-03-25T19:57:43.434418,0.0,0.0
7,Hukut,88000.0,2026-03-25T19:57:43.535783,0.0,0.0
803,Hukut,89999.0,2026-03-25T19:57:43.608602,0.0,0.0
804,Hukut,98000.0,2026-03-25T19:57:43.692014,0.0,0.0
805,Hukut,99000.0,2026-03-25T19:57:43.755382,0.0,0.0
806,Daraz,152500.0,2026-03-25T19:57:43.819228,0.0,0.0
807,Daraz,150.0,2026-03-25T19:57:43.914685,0.0,0.0
808,Daraz,189.0,2026-03-25T19:57:43.980192,0.0,0.0
809,Daraz,370.0,2026-03-25T19:57:44.074109,0.0,0.0
810,Daraz,383.0,2026-03-25T19:57:44.138202,-39.0,-9.24170616113744
810,Daraz,422.0,2026-03-25T19:57:44.233615,39.0,10.182767624020887
784,Daraz,225.0,2026-03-25T19:57:44.329078,0.0,0.0
776,Daraz,131.0,2026-03-25T19:57:44.424345,0.0,0.0
777,Daraz,131.0,2026-03-25T19:57:44.520208,0.0,0.0
778,Daraz,166.0,2026-03-25T19:57:44.599533,0.0,0.0
779,Daraz,186.0,2026-03-25T19:57:44.715373,0.0,0.0
780,Daraz,186.0,2026-03-25T19:57:44.825719,0.0,0.0
781,Daraz,211.0,2026-03-25T19:57:44.931314,0.0,0.0
782,Daraz,211.0,2026-03-25T19:57:44.994721,0.0,0.0
783,Daraz,223.0,2026-03-25T19:57:45.058687,0.0,0.0
784,Daraz,225.0,2026-03-25T19:57:45.152149,0.0,0.0
785,Daraz,249.0,2026-03-25T19:57:45.218494,0.0,0.0
786,Daraz,249.0,2026-03-25T19:57:45.273719,0.0,0.0
787,Daraz,249.0,2026-03-25T19:57:45.370173,0.0,0.0
788,Daraz,249.0,2026-03-25T19:57:45.467387,0.0,0.0
789,Daraz,259.0,2026-03-25T19:57:45.572902,0.0,0.0
790,Daraz,275.0,2026-03-25T19:57:45.675381,0.0,0.0
791,Daraz,275.0,2026-03-25T19:57:45.774642,0.0,0.0
792,Daraz,311.0,2026-03-25T19:57:45.854055,0.0,0.0
793,Daraz,332.0,2026-03-25T19:57:45.968705,0.0,0.0
794,Daraz,1100.0,2026-03-25T19:57:46.059846,0.0,0.0
795,Daraz,405.0,2026-03-25T19:57:46.159965,0.0,0.0
796,Daraz,1720.0,2026-03-25T19:57:46.276335,0.0,0.0
797,Daraz,450.0,2026-03-25T19:57:46.399419,0.0,0.0
798,Daraz,1755.0,2026-03-25T19:57:46.509719,0.0,0.0
799,Daraz,480.0,2026-03-25T19:57:46.609356,0.0,0.0
3,Daraz,1850.0,2026-03-25T19:57:46.729392,0.0,0.0
800,Daraz,629.0,2026-03-25T19:57:46.822200,0.0,0.0
583,Daraz,2000.0,2026-03-25T19:57:46.918004,0.0,0.0
801,Daraz,749.0,2026-03-25T19:57:47.013430,0.0,0.0
173,Daraz,2149.0,2026-03-25T19:57:47.075357,0.0,0.0
802,Daraz,749.0,2026-03-25T19:57:47.162517,0.0,0.0
584,Daraz,2200.0,2026-03-25T19:57:47.243902,0.0,0.0
7,Hukut,88000.0,2026-03-25T19:57:47.303292,0.0,0.0
803,Hukut,89999.0,2026-03-25T19:57:47.355192,0.0,0.0
804,Hukut,98000.0,2026-03-25T19:57:47.425410,0.0,0.0
805,Hukut,99000.0,2026-03-25T19:57:47.534276,0.0,0.0
806,Daraz,152500.0,2026-03-25T19:57:47.600644,0.0,0.0
807,Daraz,150.0,2026-03-25T19:57:47.678127,0.0,0.0
808,Daraz,189.0,2026-03-25T19:57:47.756788,0.0,0.0
809,Daraz,370.0,2026-03-25T19:57:47.820886,0.0,0.0
810,Daraz,383.0,2026-03-25T19:57:47.899703,-39.0,-9.24170616113744
810,Daraz,422.0,2026-03-25T19:57:48.012426,39.0,10.182767624020887
785,Daraz,249.0,2026-03-25T19:57:48.094217,0.0,0.0
776,Daraz,131.0,2026-03-25T19:57:48.175157,0.0,0.0
777,Daraz,131.0,2026-03-25T19:57:48.239581,0.0,0.0
778,Daraz,166.0,2026-03-25T19:57:48.319492,0.0,0.0
779,Daraz,186.0,2026-03-25T19:57:48.398655,0.0,0.0
780,Daraz,186.0,2026-03-25T19:57:48.461568,0.0,0.0
781,Daraz,211.0,2026-03-25T19:57:48.572804,0.0,0.0
782,Daraz,211.0,2026-03-25T19:57:48.668814,0.0,0.0
783,Daraz,223.0,2026-03-25T19:57:48.748502,0.0,0.0
784,Daraz,225.0,2026-03-25T19:57:48.865883,0.0,0.0
785,Daraz,249.0,2026-03-25T19:57:48.928417,0.0,0.0
786,Daraz,249.0,2026-03-25T19:57:49.003514,0.0,0.0
787,Daraz,249.0,2026-03-25T19:57:49.075236,0.0,0.0
788,Daraz,249.0,2026-03-25T19:57:49.146680,0.0,0.0
789,Daraz,259.0,2026-03-25T19:57:49.233647,0.0,0.0
790,Daraz,275.0,2026-03-25T19:57:49.312733,0.0,0.0
791,Daraz,275.0,2026-03-25T19:57:49.389949,0.0,0.0
792,Daraz,311.0,2026-03-25T19:57:49.500236,0.0,0.0
793,Daraz,332.0,2026-03-25T19:57:49.563394,0.0,0.0
794,Daraz,1100.0,2026-03-25T19:57:49.626471,0.0,0.0
795,Daraz,405.0,2026-03-25T19:57:49.702712,0.0,0.0
796,Daraz,1720.0,2026-03-25T19:57:49.779324,0.0,0.0
797,Daraz,450.0,2026-03-25T19:57:49.853474,0.0,0.0
798,Daraz,1755.0,2026-03-25T19:57:49.926826,0.0,0.0
799,Daraz,480.0,2026-03-25T19:57:49.991699,0.0,0.0
3,Daraz,1850.0,2026-03-25T19:57:50.082631,0.0,0.0
800,Daraz,629.0,2026-03-25T19:57:50.198183,0.0,0.0
583,Daraz,2000.0,2026-03-25T19:57:50.299694,0.0,0.0
801,Daraz,749.0,2026-03-25T19:57:50.394117,0.0,0.0
173,Daraz,2149.0,2026-03-25T19:57:50.473114,0.0,0.0
802,Daraz,749.0,2026-03-25T19:57:50.549907,0.0,0.0
584,Daraz,2200.0,2026-03-25T19:57:50.662030,0.0,0.0
7,Hukut,88000.0,2026-03-25T19:57:50.757436,0.0,0.0
803,Hukut,89999.0,2026-03-25T19:57:50.829353,0.0,0.0
804,Hukut,98000.0,2026-03-25T19:57:50.932672,0.0,0.0
805,Hukut,99000.0,2026-03-25T19:57:51.026093,0.0,0.0
806,Daraz,152500.0,2026-03-25T19:57:51.091278,0.0,0.0
807,Daraz,150.0,2026-03-25T19:57:51.153946,0.0,0.0
808,Daraz,189.0,2026-03-25T19:57:51.265460,0.0,0.0
809,Daraz,370.0,2026-03-25T19:57:51.377022,0.0,0.0
810,Daraz,383.0,2026-03-25T19:57:51.489577,-39.0,-9.24170616113744
810,Daraz,422.0,2026-03-25T19:57:51.573792,39.0,10.182767624020887
786,Daraz,249.0,2026-03-25T19:57:51.638837,0.0,0.0
776,Daraz,131.0,2026-03-25T19:57:51.713342,0.0,0.0
777,Daraz,131.0,2026-03-25T19:57:51.789205,0.0,0.0
778,Daraz,166.0,2026-03-25T19:57:51.860885,0.0,0.0
779,Daraz,186.0,2026-03-25T19:57:51.928703,0.0,0.0
780,Daraz,186.0,2026-03-25T19:57:52.023948,0.0,0.0
781,Daraz,211.0,2026-03-25T19:57:52.142655,0.0,0.0
782,Daraz,211.0,2026-03-25T19:57:52.243608,0.0,0.0
783,Daraz,223.0,2026-03-25T19:57:52.357153,0.0,0.0
784,Daraz,225.0,2026-03-25T19:57:52.434768,0.0,0.0
785,Daraz,249.0,2026-03-25T19:57:52.492855,0.0,0.0
786,Daraz,249.0,2026-03-25T19:57:52.571612,0.0,0.0
787,Daraz,249.0,2026-03-25T19:57:52.648769,0.0,0.0
788,Daraz,249.0,2026-03-25T19:57:52.731637,0.0,0.0
789,Daraz,259.0,2026-03-25T19:57:52.806517,0.0,0.0
790,Daraz,275.0,2026-03-25T19:57:52.894551,0.0,0.0
791,Daraz,275.0,2026-03-25T19:57:52.969592,0.0,0.0
792,Daraz,311.0,2026-03-25T19:57:53.036029,0.0,0.0
793,Daraz,332.0,2026-03-25T19:57:53.104424,0.0,0.0
794,Daraz,1100.0,2026-03-25T19:57:53.169523,0.0,0.0
795,Daraz,405.0,2026-03-25T19:57:53.235654,0.0,0.0
796,Daraz,1720.0,2026-03-25T19:57:53.302142,0.0,0.0
797,Daraz,450.0,2026-03-25T19:57:53.373602,0.0,0.0
798,Daraz,1755.0,2026-03-25T19:57:53.420416,0.0,0.0
799,Daraz,480.0,2026-03-25T19:57:53.470033,0.0,0.0
3,Daraz,1850.0,2026-03-25T19:57:53.535470,0.0,0.0
800,Daraz,629.0,2026-03-25T19:57:53.628738,0.0,0.0
583,Daraz,2000.0,2026-03-25T19:57:53.701827,0.0,0.0
801,Daraz,749.0,2026-03-25T19:57:53.782363,0.0,0.0
173,Daraz,2149.0,2026-03-25T19:57:53.849605,0.0,0.0
802,Daraz,749.0,2026-03-25T19:57:53.916634,0.0,0.0
584,Daraz,2200.0,2026-03-25T19:57:53.971942,0.0,0.0
7,Hukut,88000.0,2026-03-25T19:57:54.035464,0.0,0.0
803,Hukut,89999.0,2026-03-25T19:57:54.077361,0.0,0.0
804,Hukut,98000.0,2026-03-25T19:57:54.132919,0.0,0.0
805,Hukut,99000.0,2026-03-25T19:57:54.212249,0.0,0.0
806,Daraz,152500.0,2026-03-25T19:57:54.301214,0.0,0.0
807,Daraz,150.0,2026-03-25T19:57:54.366082,0.0,0.0
808,Daraz,189.0,2026-03-25T19:57:54.427028,0.0,0.0
809,Daraz,370.0,2026-03-25T19:57:54.512133,0.0,0.0
810,Daraz,383.0,2026-03-25T19:57:54.578608,-39.0,-9.24170616113744
810,Daraz,422.0,2026-03-25T19:57:54.666706,39.0,10.182767624020887
787,Daraz,249.0,2026-03-25T19:57:54.729105,0.0,0.0
776,Daraz,131.0,2026-03-25T19:57:54.795958,0.0,0.0
777,Daraz,131.0,2026-03-25T19:57:54.862615,0.0,0.0
778,Daraz,166.0,2026-03-25T19:57:54.951624,0.0,0.0
779,Daraz,186.0,2026-03-25T19:57:55.018315,0.0,0.0
780,Daraz,186.0,2026-03-25T19:57:55.083604,0.0,0.0
781,Daraz,211.0,2026-03-25T19:57:55.161881,0.0,0.0
782,Daraz,211.0,2026-03-25T19:57:55.214284,0.0,0.0
783,Daraz,223.0,2026-03-25T19:57:55.311652,0.0,0.0
784,Daraz,225.0,2026-03-25T19:57:55.371701,0.0,0.0
785,Daraz,249.0,2026-03-25T19:57:55.421979,0.0,0.0
786,Daraz,249.0,2026-03-25T19:57:55.493583,0.0,0.0
787,Daraz,249.0,2026-03-25T19:57:55.558131,0.0,0.0
788,Daraz,249.0,2026-03-25T19:57:55.633237,0.0,0.0
789,Daraz,259.0,2026-03-25T19:57:55.704926,0.0,0.0
790,Daraz,275.0,2026-03-25T19:57:55.761259,0.0,0.0
791,Daraz,275.0,2026-03-25T19:57:55.818296,0.0,0.0
792,Daraz,311.0,2026-03-25T19:57:55.882276,0.0,0.0
793,Daraz,332.0,2026-03-25T19:57:55.950046,0.0,0.0
794,Daraz,1100.0,2026-03-25T19:57:56.017227,0.0,0.0
795,Daraz,405.0,2026-03-25T19:57:56.065536,0.0,0.0
796,Daraz,1720.0,2026-03-25T19:57:56.136535,0.0,0.0
797,Daraz,450.0,2026-03-25T19:57:56.200480,0.0,0.0
798,Daraz,1755.0,2026-03-25T19:57:56.250804,0.0,0.0
799,Daraz,480.0,2026-03-25T19:57:56.321970,0.0,0.0
3,Daraz,1850.0,2026-03-25T19:57:56.363366,0.0,0.0
800,Daraz,629.0,2026-03-25T19:57:56.430468,0.0,0.0
583,Daraz,2000.0,2026-03-25T19:57:56.498106,0.0,0.0
801,Daraz,749.0,2026-03-25T19:57:56.560973,0.0,0.0
173,Daraz,2149.0,2026-03-25T19:57:56.616471,0.0,0.0
802,Daraz,749.0,2026-03-25T19:57:56.662940,0.0,0.0
584,Daraz,2200.0,2026-03-25T19:57:56.710530,0.0,0.0
7,Hukut,88000.0,2026-03-25T19:57:56.789816,0.0,0.0
803,Hukut,89999.0,2026-03-25T19:57:56.829692,0.0,0.0
804,Hukut,98000.0,2026-03-25T19:57:56.893932,0.0,0.0
805,Hukut,99000.0,2026-03-25T19:57:56.960433,0.0,0.0
806,Daraz,152500.0,2026-03-25T19:57:57.027774,0.0,0.0
807,Daraz,150.0,2026-03-25T19:57:57.081145,0.0,0.0
808,Daraz,189.0,2026-03-25T19:57:57.143680,0.0,0.0
809,Daraz,370.0,2026-03-25T19:57:57.226768,0.0,0.0
810,Daraz,383.0,2026-03-25T19:57:57.276724,-39.0,-9.24170616113744
810,Daraz,422.0,2026-03-25T19:57:57.360039,39.0,10.182767624020887
788,Daraz,249.0,2026-03-25T19:57:57.426432,0.0,0.0
776,Daraz,131.0,2026-03-25T19:57:57.525269,0.0,0.0
777,Daraz,131.0,2026-03-25T19:57:57.593158,0.0,0.0
778,Daraz,166.0,2026-03-25T19:57:57.665776,0.0,0.0
779,Daraz,186.0,2026-03-25T19:57:57.713996,0.0,0.0
780,Daraz,186.0,2026-03-25T19:57:57.814044,0.0,0.0
781,Daraz,211.0,2026-03-25T19:57:57.884166,0.0,0.0
782,Daraz,211.0,2026-03-25T19:57:57.946252,0.0,0.0
783,Daraz,223.0,2026-03-25T19:57:57.999780,0.0,0.0
784,Daraz,225.0,2026-03-25T19:57:58.063890,0.0,0.0
785,Daraz,249.0,2026-03-25T19:57:58.109270,0.0,0.0
786,Daraz,249.0,2026-03-25T19:57:58.158937,0.0,0.0
787,Daraz,249.0,2026-03-25T19:57:58.225796,0.0,0.0
788,Daraz,249.0,2026-03-25T19:57:58.275909,0.0,0.0
789,Daraz,259.0,2026-03-25T19:57:58.342528,0.0,0.0
790,Daraz,275.0,2026-03-25T19:57:58.408854,0.0,0.0
791,Daraz,275.0,2026-03-25T19:57:58.458933,0.0,0.0
792,Daraz,311.0,2026-03-25T19:57:58.508957,0.0,0.0
793,Daraz,332.0,2026-03-25T19:57:58.575038,0.0,0.0
794,Daraz,1100.0,2026-03-25T19:57:58.625305,0.0,0.0
795,Daraz,405.0,2026-03-25T19:57:58.692141,0.0,0.0
796,Daraz,1720.0,2026-03-25T19:57:58.742029,0.0,0.0
797,Daraz,450.0,2026-03-25T19:57:58.808773,0.0,0.0
798,Daraz,1755.0,2026-03-25T19:57:58.875265,0.0,0.0
799,Daraz,480.0,2026-03-25T19:57:58.937531,0.0,0.0
3,Daraz,1850.0,2026-03-25T19:57:58.991882,0.0,0.0
800,Daraz,629.0,2026-03-25T19:57:59.058361,0.0,0.0
583,Daraz,2000.0,2026-03-25T19:57:59.136823,0.0,0.0
801,Daraz,749.0,2026-03-25T19:57:59.201973,0.0,0.0
173,Daraz,2149.0,2026-03-25T19:57:59.266693,0.0,0.0
802,Daraz,749.0,2026-03-25T19:57:59.308741,0.0,0.0
584,Daraz,2200.0,2026-03-25T19:57:59.391554,0.0,0.0
7,Hukut,88000.0,2026-03-25T19:57:59.458178,0.0,0.0
803,Hukut,89999.0,2026-03-25T19:57:59.491432,0.0,0.0
804,Hukut,98000.0,2026-03-25T19:57:59.574688,0.0,0.0
805,Hukut,99000.0,2026-03-25T19:57:59.657980,0.0,0.0
806,Daraz,152500.0,2026-03-25T19:57:59.741105,0.0,0.0
807,Daraz,150.0,2026-03-25T19:57:59.825198,0.0,0.0
808,Daraz,189.0,2026-03-25T19:57:59.877760,0.0,0.0
809,Daraz,370.0,2026-03-25T19:57:59.938518,0.0,0.0
810,Daraz,383.0,2026-03-25T19:57:59.990677,-39.0,-9.24170616113744
810,Daraz,422.0,2026-03-25T19:58:00.087136,39.0,10.182767624020887
789,Daraz,259.0,2026-03-25T19:58:00.170930,0.0,0.0
776,Daraz,131.0,2026-03-25T19:58:00.262379,0.0,0.0
777,Daraz,131.0,2026-03-25T19:58:00.334837,0.0,0.0
778,Daraz,166.0,2026-03-25T19:58:00.397494,0.0,0.0
779,Daraz,186.0,2026-03-25T19:58:00.466606,0.0,0.0
780,Daraz,186.0,2026-03-25T19:58:00.512817,0.0,0.0
781,Daraz,211.0,2026-03-25T19:58:00.546208,0.0,0.0
782,Daraz,211.0,2026-03-25T19:58:00.629360,0.0,0.0
783,Daraz,223.0,2026-03-25T19:58:00.712515,0.0,0.0
784,Daraz,225.0,2026-03-25T19:58:00.778889,0.0,0.0
785,Daraz,249.0,2026-03-25T19:58:00.830410,0.0,0.0
786,Daraz,249.0,2026-03-25T19:58:00.896496,0.0,0.0
787,Daraz,249.0,2026-03-25T19:58:00.970346,0.0,0.0
788,Daraz,249.0,2026-03-25T19:58:01.062860,0.0,0.0
789,Daraz,259.0,2026-03-25T19:58:01.145966,0.0,0.0
790,Daraz,275.0,2026-03-25T19:58:01.217161,0.0,0.0
791,Daraz,275.0,2026-03-25T19:58:01.262802,0.0,0.0
792,Daraz,311.0,2026-03-25T19:58:01.328841,0.0,0.0
793,Daraz,332.0,2026-03-25T19:58:01.395699,0.0,0.0
794,Daraz,1100.0,2026-03-25T19:58:01.478115,0.0,0.0
795,Daraz,405.0,2026-03-25T19:58:01.546201,0.0,0.0
796,Daraz,1720.0,2026-03-25T19:58:01.612392,0.0,0.0
797,Daraz,450.0,2026-03-25T19:58:01.679219,0.0,0.0
798,Daraz,1755.0,2026-03-25T19:58:01.761952,0.0,0.0
799,Daraz,480.0,2026-03-25T19:58:01.829474,0.0,0.0
3,Daraz,1850.0,2026-03-25T19:58:01.895009,0.0,0.0
800,Daraz,629.0,2026-03-25T19:58:01.995230,0.0,0.0
583,Daraz,2000.0,2026-03-25T19:58:02.044843,0.0,0.0
801,Daraz,749.0,2026-03-25T19:58:02.161474,0.0,0.0
173,Daraz,2149.0,2026-03-25T19:58:02.262671,0.0,0.0
802,Daraz,749.0,2026-03-25T19:58:02.363038,0.0,0.0
584,Daraz,2200.0,2026-03-25T19:58:02.433742,0.0,0.0
7,Hukut,88000.0,2026-03-25T19:58:02.506100,0.0,0.0
803,Hukut,89999.0,2026-03-25T19:58:02.560661,0.0,0.0
804,Hukut,98000.0,2026-03-25T19:58:02.660962,0.0,0.0
805,Hukut,99000.0,2026-03-25T19:58:02.710921,0.0,0.0
806,Daraz,152500.0,2026-03-25T19:58:02.794263,0.0,0.0
807,Daraz,150.0,2026-03-25T19:58:02.877475,0.0,0.0
808,Daraz,189.0,2026-03-25T19:58:02.966396,0.0,0.0
809,Daraz,370.0,2026-03-25T19:58:03.066658,0.0,0.0
810,Daraz,383.0,2026-03-25T19:58:03.159170,-39.0,-9.24170616113744
810,Daraz,422.0,2026-03-25T19:58:03.227422,39.0,10.182767624020887
790,Daraz,275.0,2026-03-25T19:58:03.343702,0.0,0.0
776,Daraz,131.0,2026-03-25T19:58:03.460713,0.0,0.0
777,Daraz,131.0,2026-03-25T19:58:03.560366,0.0,0.0
778,Daraz,166.0,2026-03-25T19:58:03.643373,0.0,0.0
779,Daraz,186.0,2026-03-25T19:58:03.693816,0.0,0.0
780,Daraz,186.0,2026-03-25T19:58:03.743969,0.0,0.0
781,Daraz,211.0,2026-03-25T19:58:03.830258,0.0,0.0
782,Daraz,211.0,2026-03-25T19:58:03.893716,0.0,0.0
783,Daraz,223.0,2026-03-25T19:58:03.993231,0.0,0.0
784,Daraz,225.0,2026-03-25T19:58:04.076072,0.0,0.0
785,Daraz,249.0,2026-03-25T19:58:04.166247,0.0,0.0
786,Daraz,249.0,2026-03-25T19:58:04.259678,0.0,0.0
787,Daraz,249.0,2026-03-25T19:58:04.367547,0.0,0.0
788,Daraz,249.0,2026-03-25T19:58:04.442538,0.0,0.0
789,Daraz,259.0,2026-03-25T19:58:04.561839,0.0,0.0
790,Daraz,275.0,2026-03-25T19:58:04.650487,0.0,0.0
791,Daraz,275.0,2026-03-25T19:58:04.701587,0.0,0.0
792,Daraz,311.0,2026-03-25T19:58:04.759268,0.0,0.0
793,Daraz,332.0,2026-03-25T19:58:04.859100,0.0,0.0
794,Daraz,1100.0,2026-03-25T19:58:04.926189,0.0,0.0
795,Daraz,405.0,2026-03-25T19:58:04.999137,0.0,0.0
796,Daraz,1720.0,2026-03-25T19:58:05.063426,0.0,0.0
797,Daraz,450.0,2026-03-25T19:58:05.126049,0.0,0.0
798,Daraz,1755.0,2026-03-25T19:58:05.209091,0.0,0.0
799,Daraz,480.0,2026-03-25T19:58:05.292417,0.0,0.0
3,Daraz,1850.0,2026-03-25T19:58:05.375495,0.0,0.0
800,Daraz,629.0,2026-03-25T19:58:05.426929,0.0,0.0
583,Daraz,2000.0,2026-03-25T19:58:05.505284,0.0,0.0
801,Daraz,749.0,2026-03-25T19:58:05.565072,0.0,0.0
173,Daraz,2149.0,2026-03-25T19:58:05.631566,0.0,0.0
802,Daraz,749.0,2026-03-25T19:58:05.695629,0.0,0.0
584,Daraz,2200.0,2026-03-25T19:58:05.762474,0.0,0.0
7,Hukut,88000.0,2026-03-25T19:58:05.827996,0.0,0.0
803,Hukut,89999.0,2026-03-25T19:58:05.875777,0.0,0.0
804,Hukut,98000.0,2026-03-25T19:58:05.924671,0.0,0.0
805,Hukut,99000.0,2026-03-25T19:58:06.003595,0.0,0.0
806,Daraz,152500.0,2026-03-25T19:58:06.051191,0.0,0.0
807,Daraz,150.0,2026-03-25T19:58:06.114449,0.0,0.0
808,Daraz,189.0,2026-03-25T19:58:06.184606,0.0,0.0
809,Daraz,370.0,2026-03-25T19:58:06.239200,0.0,0.0
810,Daraz,383.0,2026-03-25T19:58:06.305976,-39.0,-9.24170616113744
810,Daraz,422.0,2026-03-25T19:58:06.389279,39.0,10.182767624020887
791,Daraz,275.0,2026-03-25T19:58:06.472726,0.0,0.0
776,Daraz,131.0,2026-03-25T19:58:06.556302,0.0,0.0
777,Daraz,131.0,2026-03-25T19:58:06.639108,0.0,0.0
778,Daraz,166.0,2026-03-25T19:58:06.689340,0.0,0.0
779,Daraz,186.0,2026-03-25T19:58:06.760267,0.0,0.0
780,Daraz,186.0,2026-03-25T19:58:06.839455,0.0,0.0
781,Daraz,211.0,2026-03-25T19:58:06.938837,0.0,0.0
782,Daraz,211.0,2026-03-25T19:58:07.021716,0.0,0.0
783,Daraz,223.0,2026-03-25T19:58:07.088314,0.0,0.0
784,Daraz,225.0,2026-03-25T19:58:07.167755,0.0,0.0
785,Daraz,249.0,2026-03-25T19:58:07.262990,0.0,0.0
786,Daraz,249.0,2026-03-25T19:58:07.353389,0.0,0.0
787,Daraz,249.0,2026-03-25T19:58:07.436526,0.0,0.0
788,Daraz,249.0,2026-03-25T19:58:07.508322,0.0,0.0
789,Daraz,259.0,2026-03-25T19:58:07.562309,0.0,0.0
790,Daraz,275.0,2026-03-25T19:58:07.622205,0.0,0.0
791,Daraz,275.0,2026-03-25T19:58:07.675938,0.0,0.0
792,Daraz,311.0,2026-03-25T19:58:07.731199,0.0,0.0
793,Daraz,332.0,2026-03-25T19:58:07.793145,0.0,0.0
794,Daraz,1100.0,2026-03-25T19:58:07.872425,0.0,0.0
795,Daraz,405.0,2026-03-25T19:58:07.967700,0.0,0.0
796,Daraz,1720.0,2026-03-25T19:58:08.047175,0.0,0.0
797,Daraz,450.0,2026-03-25T19:58:08.117294,0.0,0.0
798,Daraz,1755.0,2026-03-25T19:58:08.184027,0.0,0.0
799,Daraz,480.0,2026-03-25T19:58:08.251627,0.0,0.0
3,Daraz,1850.0,2026-03-25T19:58:08.316801,0.0,0.0
800,Daraz,629.0,2026-03-25T19:58:08.399875,0.0,0.0
583,Daraz,2000.0,2026-03-25T19:58:08.483381,0.0,0.0
801,Daraz,749.0,2026-03-25T19:58:08.566471,0.0,0.0
173,Daraz,2149.0,2026-03-25T19:58:08.634883,0.0,0.0
802,Daraz,749.0,2026-03-25T19:58:08.701411,0.0,0.0
584,Daraz,2200.0,2026-03-25T19:58:08.750505,0.0,0.0
7,Hukut,88000.0,2026-03-25T19:58:08.831088,0.0,0.0
803,Hukut,89999.0,2026-03-25T19:58:08.868713,0.0,0.0
804,Hukut,98000.0,2026-03-25T19:58:08.949908,0.0,0.0
805,Hukut,99000.0,2026-03-25T19:58:09.033463,0.0,0.0
806,Daraz,152500.0,2026-03-25T19:58:09.085376,0.0,0.0
807,Daraz,150.0,2026-03-25T19:58:09.133400,0.0,0.0
808,Daraz,189.0,2026-03-25T19:58:09.199006,0.0,0.0
809,Daraz,370.0,2026-03-25T19:58:09.264746,0.0,0.0
810,Daraz,383.0,2026-03-25T19:58:09.346398,-39.0,-9.24170616113744
810,Daraz,422.0,2026-03-25T19:58:09.399838,39.0,10.182767624020887
792,Daraz,311.0,2026-03-25T19:58:09.485205,0.0,0.0
776,Daraz,131.0,2026-03-25T19:58:09.565063,0.0,0.0
777,Daraz,131.0,2026-03-25T19:58:09.637813,0.0,0.0
778,Daraz,166.0,2026-03-25T19:58:09.704219,0.0,0.0
779,Daraz,186.0,2026-03-25T19:58:09.772213,0.0,0.0
780,Daraz,186.0,2026-03-25T19:58:09.851822,0.0,0.0
781,Daraz,211.0,2026-03-25T19:58:09.936913,0.0,0.0
782,Daraz,211.0,2026-03-25T19:58:09.999246,0.0,0.0
783,Daraz,223.0,2026-03-25T19:58:10.051916,0.0,0.0
784,Daraz,225.0,2026-03-25T19:58:10.131894,0.0,0.0
785,Daraz,249.0,2026-03-25T19:58:10.214735,0.0,0.0
786,Daraz,249.0,2026-03-25T19:58:10.282305,0.0,0.0
787,Daraz,249.0,2026-03-25T19:58:10.348653,0.0,0.0
788,Daraz,249.0,2026-03-25T19:58:10.410654,0.0,0.0
789,Daraz,259.0,2026-03-25T19:58:10.467894,0.0,0.0
790,Daraz,275.0,2026-03-25T19:58:10.531775,0.0,0.0
791,Daraz,275.0,2026-03-25T19:58:10.598397,0.0,0.0
792,Daraz,311.0,2026-03-25T19:58:10.679108,0.0,0.0
793,Daraz,332.0,2026-03-25T19:58:10.743591,0.0,0.0
794,Daraz,1100.0,2026-03-25T19:58:10.815093,0.0,0.0
795,Daraz,405.0,2026-03-25T19:58:10.884417,0.0,0.0
796,Daraz,1720.0,2026-03-25T19:58:10.979129,0.0,0.0
797,Daraz,450.0,2026-03-25T19:58:11.053494,0.0,0.0
798,Daraz,1755.0,2026-03-25T19:58:11.121032,0.0,0.0
799,Daraz,480.0,2026-03-25T19:58:11.230991,0.0,0.0
3,Daraz,1850.0,2026-03-25T19:58:11.330857,0.0,0.0
800,Daraz,629.0,2026-03-25T19:58:11.398302,0.0,0.0
583,Daraz,2000.0,2026-03-25T19:58:11.511663,0.0,0.0
801,Daraz,749.0,2026-03-25T19:58:11.614070,0.0,0.0
173,Daraz,2149.0,2026-03-25T19:58:11.680544,0.0,0.0
802,Daraz,749.0,2026-03-25T19:58:11.756850,0.0,0.0
584,Daraz,2200.0,2026-03-25T19:58:11.830343,0.0,0.0
7,Hukut,88000.0,2026-03-25T19:58:11.913642,0.0,0.0
803,Hukut,89999.0,2026-03-25T19:58:11.980977,0.0,0.0
804,Hukut,98000.0,2026-03-25T19:58:12.061948,0.0,0.0
805,Hukut,99000.0,2026-03-25T19:58:12.141209,0.0,0.0
806,Daraz,152500.0,2026-03-25T19:58:12.205348,0.0,0.0
807,Daraz,150.0,2026-03-25T19:58:12.269236,0.0,0.0
808,Daraz,189.0,2026-03-25T19:58:12.364780,0.0,0.0
809,Daraz,370.0,2026-03-25T19:58:12.444324,0.0,0.0
810,Daraz,383.0,2026-03-25T19:58:12.539019,-39.0,-9.24170616113744
810,Daraz,422.0,2026-03-25T19:58:12.618439,39.0,10.182767624020887
793,Daraz,332.0,2026-03-25T19:58:12.704117,0.0,0.0
776,Daraz,131.0,2026-03-25T19:58:12.777376,0.0,0.0
777,Daraz,131.0,2026-03-25T19:58:12.840690,0.0,0.0
778,Daraz,166.0,2026-03-25T19:58:12.936081,0.0,0.0
779,Daraz,186.0,2026-03-25T19:58:13.030949,0.0,0.0
780,Daraz,186.0,2026-03-25T19:58:13.110860,0.0,0.0
781,Daraz,211.0,2026-03-25T19:58:13.192361,0.0,0.0
782,Daraz,211.0,2026-03-25T19:58:13.270490,0.0,0.0
783,Daraz,223.0,2026-03-25T19:58:13.349995,0.0,0.0
784,Daraz,225.0,2026-03-25T19:58:13.461450,0.0,0.0
785,Daraz,249.0,2026-03-25T19:58:13.556537,0.0,0.0
786,Daraz,249.0,2026-03-25T19:58:13.625758,0.0,0.0
787,Daraz,249.0,2026-03-25T19:58:13.731626,0.0,0.0
788,Daraz,249.0,2026-03-25T19:58:13.846254,0.0,0.0
789,Daraz,259.0,2026-03-25T19:58:13.958964,0.0,0.0
790,Daraz,275.0,2026-03-25T19:58:14.022426,0.0,0.0
791,Daraz,275.0,2026-03-25T19:58:14.133546,0.0,0.0
792,Daraz,311.0,2026-03-25T19:58:14.197224,0.0,0.0
793,Daraz,332.0,2026-03-25T19:58:14.244467,0.0,0.0
794,Daraz,1100.0,2026-03-25T19:58:14.345007,0.0,0.0
795,Daraz,405.0,2026-03-25T19:58:14.447796,0.0,0.0
796,Daraz,1720.0,2026-03-25T19:58:14.495242,0.0,0.0
797,Daraz,450.0,2026-03-25T19:58:14.578037,0.0,0.0
798,Daraz,1755.0,2026-03-25T19:58:14.645060,0.0,0.0
799,Daraz,480.0,2026-03-25T19:58:14.748237,0.0,0.0
3,Daraz,1850.0,2026-03-25T19:58:14.811205,0.0,0.0
800,Daraz,629.0,2026-03-25T19:58:14.871199,0.0,0.0
583,Daraz,2000.0,2026-03-25T19:58:14.911273,0.0,0.0
801,Daraz,749.0,2026-03-25T19:58:15.027942,0.0,0.0
173,Daraz,2149.0,2026-03-25T19:58:15.097086,0.0,0.0
802,Daraz,749.0,2026-03-25T19:58:15.159575,0.0,0.0
584,Daraz,2200.0,2026-03-25T19:58:15.238814,0.0,0.0
7,Hukut,88000.0,2026-03-25T19:58:15.322609,0.0,0.0
803,Hukut,89999.0,2026-03-25T19:58:15.382197,0.0,0.0
804,Hukut,98000.0,2026-03-25T19:58:15.492894,0.0,0.0
805,Hukut,99000.0,2026-03-25T19:58:15.572418,0.0,0.0
806,Daraz,152500.0,2026-03-25T19:58:15.668255,0.0,0.0
807,Daraz,150.0,2026-03-25T19:58:15.748543,0.0,0.0
808,Daraz,189.0,2026-03-25T19:58:15.843630,0.0,0.0
809,Daraz,370.0,2026-03-25T19:58:15.923721,0.0,0.0
810,Daraz,383.0,2026-03-25T19:58:15.987137,-39.0,-9.24170616113744
810,Daraz,422.0,2026-03-25T19:58:16.098593,39.0,10.182767624020887
794,Daraz,1100.0,2026-03-25T19:58:16.177706,0.0,0.0
776,Daraz,131.0,2026-03-25T19:58:16.273676,0.0,0.0
777,Daraz,131.0,2026-03-25T19:58:16.385306,0.0,0.0
778,Daraz,166.0,2026-03-25T19:58:16.496379,0.0,0.0
779,Daraz,186.0,2026-03-25T19:58:16.575810,0.0,0.0
780,Daraz,186.0,2026-03-25T19:58:16.694567,0.0,0.0
781,Daraz,211.0,2026-03-25T19:58:16.772950,0.0,0.0
782,Daraz,211.0,2026-03-25T19:58:16.898952,0.0,0.0
783,Daraz,223.0,2026-03-25T19:58:17.010038,0.0,0.0
784,Daraz,225.0,2026-03-25T19:58:17.091458,0.0,0.0
785,Daraz,249.0,2026-03-25T19:58:17.207976,0.0,0.0
786,Daraz,249.0,2026-03-25T19:58:17.307849,0.0,0.0
787,Daraz,249.0,2026-03-25T19:58:17.407514,0.0,0.0
788,Daraz,249.0,2026-03-25T19:58:17.490927,0.0,0.0
789,Daraz,259.0,2026-03-25T19:58:17.590241,0.0,0.0
790,Daraz,275.0,2026-03-25T19:58:17.640490,0.0,0.0
791,Daraz,275.0,2026-03-25T19:58:17.741075,0.0,0.0
792,Daraz,311.0,2026-03-25T19:58:17.844656,0.0,0.0
793,Daraz,332.0,2026-03-25T19:58:17.890634,0.0,0.0
794,Daraz,1100.0,2026-03-25T19:58:17.976179,0.0,0.0
795,Daraz,405.0,2026-03-25T19:58:18.039946,0.0,0.0
796,Daraz,1720.0,2026-03-25T19:58:18.135969,0.0,0.0
797,Daraz,450.0,2026-03-25T19:58:18.189853,0.0,0.0
798,Daraz,1755.0,2026-03-25T19:58:18.268957,0.0,0.0
799,Daraz,480.0,2026-03-25T19:58:18.372562,0.0,0.0
3,Daraz,1850.0,2026-03-25T19:58:18.438012,0.0,0.0
800,Daraz,629.0,2026-03-25T19:58:18.517145,0.0,0.0
583,Daraz,2000.0,2026-03-25T19:58:18.612036,0.0,0.0
801,Daraz,749.0,2026-03-25T19:58:18.678268,0.0,0.0
173,Daraz,2149.0,2026-03-25T19:58:18.757205,0.0,0.0
802,Daraz,749.0,2026-03-25T19:58:18.852571,0.0,0.0
584,Daraz,2200.0,2026-03-25T19:58:18.928691,0.0,0.0
7,Hukut,88000.0,2026-03-25T19:58:19.024949,0.0,0.0
803,Hukut,89999.0,2026-03-25T19:58:19.090754,0.0,0.0
804,Hukut,98000.0,2026-03-25T19:58:19.184255,0.0,0.0
805,Hukut,99000.0,2026-03-25T19:58:19.256838,0.0,0.0
806,Daraz,152500.0,2026-03-25T19:58:19.322451,0.0,0.0
807,Daraz,150.0,2026-03-25T19:58:19.387466,0.0,0.0
808,Daraz,189.0,2026-03-25T19:58:19.488875,0.0,0.0
809,Daraz,370.0,2026-03-25T19:58:19.555367,0.0,0.0
810,Daraz,383.0,2026-03-25T19:58:19.670945,-39.0,-9.24170616113744
810,Daraz,422.0,2026-03-25T19:58:19.739885,39.0,10.182767624020887
795,Daraz,405.0,2026-03-25T19:58:19.806248,0.0,0.0
776,Daraz,131.0,2026-03-25T19:58:19.904581,0.0,0.0
777,Daraz,131.0,2026-03-25T19:58:20.022914,0.0,0.0
778,Daraz,166.0,2026-03-25T19:58:20.097709,0.0,0.0
779,Daraz,186.0,2026-03-25T19:58:20.219280,0.0,0.0
780,Daraz,186.0,2026-03-25T19:58:20.335650,0.0,0.0
781,Daraz,211.0,2026-03-25T19:58:20.422319,0.0,0.0
782,Daraz,211.0,2026-03-25T19:58:20.521061,0.0,0.0
783,Daraz,223.0,2026-03-25T19:58:20.606599,0.0,0.0
784,Daraz,225.0,2026-03-25T19:58:20.700185,0.0,0.0
785,Daraz,249.0,2026-03-25T19:58:20.805989,0.0,0.0
786,Daraz,249.0,2026-03-25T19:58:20.905443,0.0,0.0
787,Daraz,249.0,2026-03-25T19:58:21.020985,0.0,0.0
788,Daraz,249.0,2026-03-25T19:58:21.106361,0.0,0.0
789,Daraz,259.0,2026-03-25T19:58:21.189693,0.0,0.0
790,Daraz,275.0,2026-03-25T19:58:21.288731,0.0,0.0
791,Daraz,275.0,2026-03-25T19:58:21.405770,0.0,0.0
792,Daraz,311.0,2026-03-25T19:58:21.544755,0.0,0.0
793,Daraz,332.0,2026-03-25T19:58:21.646420,0.0,0.0
794,Daraz,1100.0,2026-03-25T19:58:21.736626,0.0,0.0
795,Daraz,405.0,2026-03-25T19:58:21.854478,0.0,0.0
796,Daraz,1720.0,2026-03-25T19:58:21.959795,0.0,0.0
797,Daraz,450.0,2026-03-25T19:58:22.054132,0.0,0.0
798,Daraz,1755.0,2026-03-25T19:58:22.153935,0.0,0.0
799,Daraz,480.0,2026-03-25T19:58:22.253974,0.0,0.0
3,Daraz,1850.0,2026-03-25T19:58:22.309317,0.0,0.0
800,Daraz,629.0,2026-03-25T19:58:22.369392,0.0,0.0
583,Daraz,2000.0,2026-03-25T19:58:22.503881,0.0,0.0
801,Daraz,749.0,2026-03-25T19:58:22.586989,0.0,0.0
173,Daraz,2149.0,2026-03-25T19:58:22.687068,0.0,0.0
802,Daraz,749.0,2026-03-25T19:58:22.803730,0.0,0.0
584,Daraz,2200.0,2026-03-25T19:58:22.903543,0.0,0.0
7,Hukut,88000.0,2026-03-25T19:58:23.002299,0.0,0.0
803,Hukut,89999.0,2026-03-25T19:58:23.086676,0.0,0.0
804,Hukut,98000.0,2026-03-25T19:58:23.153726,0.0,0.0
805,Hukut,99000.0,2026-03-25T19:58:23.220601,0.0,0.0
806,Daraz,152500.0,2026-03-25T19:58:23.287057,0.0,0.0
807,Daraz,150.0,2026-03-25T19:58:23.368954,0.0,0.0
808,Daraz,189.0,2026-03-25T19:58:23.472787,0.0,0.0
809,Daraz,370.0,2026-03-25T19:58:23.537247,0.0,0.0
810,Daraz,383.0,2026-03-25T19:58:23.604053,-39.0,-9.24170616113744
810,Daraz,422.0,2026-03-25T19:58:23.720840,39.0,10.182767624020887
796,Daraz,1720.0,2026-03-25T19:58:23.808653,0.0,0.0
776,Daraz,131.0,2026-03-25T19:58:23.917118,0.0,0.0
777,Daraz,131.0,2026-03-25T19:58:24.001694,0.0,0.0
778,Daraz,166.0,2026-03-25T19:58:24.054350,0.0,0.0
779,Daraz,186.0,2026-03-25T19:58:24.154517,0.0,0.0
780,Daraz,186.0,2026-03-25T19:58:24.238196,0.0,0.0
781,Daraz,211.0,2026-03-25T19:58:24.292787,0.0,0.0
782,Daraz,211.0,2026-03-25T19:58:24.385517,0.0,0.0
783,Daraz,223.0,2026-03-25T19:58:24.463111,0.0,0.0
784,Daraz,225.0,2026-03-25T19:58:24.535302,0.0,0.0
785,Daraz,249.0,2026-03-25T19:58:24.619162,0.0,0.0
786,Daraz,249.0,2026-03-25T19:58:24.702528,0.0,0.0
787,Daraz,249.0,2026-03-25T19:58:24.785639,0.0,0.0
788,Daraz,249.0,2026-03-25T19:58:24.891251,0.0,0.0
789,Daraz,259.0,2026-03-25T19:58:24.971946,0.0,0.0
790,Daraz,275.0,2026-03-25T19:58:25.070415,0.0,0.0
791,Daraz,275.0,2026-03-25T19:58:25.174724,0.0,0.0
792,Daraz,311.0,2026-03-25T19:58:25.241354,0.0,0.0
793,Daraz,332.0,2026-03-25T19:58:25.326824,0.0,0.0
794,Daraz,1100.0,2026-03-25T19:58:25.412005,0.0,0.0
795,Daraz,405.0,2026-03-25T19:58:25.481379,0.0,0.0
796,Daraz,1720.0,2026-03-25T19:58:25.547855,0.0,0.0
797,Daraz,450.0,2026-03-25T19:58:25.618228,0.0,0.0
798,Daraz,1755.0,2026-03-25T19:58:25.695124,0.0,0.0
799,Daraz,480.0,2026-03-25T19:58:25.735767,0.0,0.0
3,Daraz,1850.0,2026-03-25T19:58:25.817729,0.0,0.0
800,Daraz,629.0,2026-03-25T19:58:25.925916,0.0,0.0
583,Daraz,2000.0,2026-03-25T19:58:26.015781,0.0,0.0
801,Daraz,749.0,2026-03-25T19:58:26.151533,0.0,0.0
173,Daraz,2149.0,2026-03-25T19:58:26.244007,0.0,0.0
802,Daraz,749.0,2026-03-25T19:58:26.308862,0.0,0.0
584,Daraz,2200.0,2026-03-25T19:58:26.388740,0.0,0.0
7,Hukut,88000.0,2026-03-25T19:58:26.470467,0.0,0.0
803,Hukut,89999.0,2026-03-25T19:58:26.520076,0.0,0.0
804,Hukut,98000.0,2026-03-25T19:58:26.605992,0.0,0.0
805,Hukut,99000.0,2026-03-25T19:58:26.692607,0.0,0.0
806,Daraz,152500.0,2026-03-25T19:58:26.767194,0.0,0.0
807,Daraz,150.0,2026-03-25T19:58:26.862547,0.0,0.0
808,Daraz,189.0,2026-03-25T19:58:26.973790,0.0,0.0
809,Daraz,370.0,2026-03-25T19:58:27.101088,0.0,0.0
810,Daraz,383.0,2026-03-25T19:58:27.222003,-39.0,-9.24170616113744
810,Daraz,422.0,2026-03-25T19:58:27.295529,39.0,10.182767624020887
797,Daraz,450.0,2026-03-25T19:58:27.397046,0.0,0.0
776,Daraz,131.0,2026-03-25T19:58:27.506966,0.0,0.0
777,Daraz,131.0,2026-03-25T19:58:27.583363,0.0,0.0
778,Daraz,166.0,2026-03-25T19:58:27.672395,0.0,0.0
779,Daraz,186.0,2026-03-25T19:58:27.731150,0.0,0.0
780,Daraz,186.0,2026-03-25T19:58:27.856105,0.0,0.0
781,Daraz,211.0,2026-03-25T19:58:27.932182,0.0,0.0
782,Daraz,211.0,2026-03-25T19:58:28.035913,0.0,0.0
783,Daraz,223.0,2026-03-25T19:58:28.131271,0.0,0.0
784,Daraz,225.0,2026-03-25T19:58:28.211594,0.0,0.0
785,Daraz,249.0,2026-03-25T19:58:28.314817,0.0,0.0
786,Daraz,249.0,2026-03-25T19:58:28.421928,0.0,0.0
787,Daraz,249.0,2026-03-25T19:58:28.532034,0.0,0.0
788,Daraz,249.0,2026-03-25T19:58:28.774728,0.0,0.0
789,Daraz,259.0,2026-03-25T19:58:28.858085,0.0,0.0
790,Daraz,275.0,2026-03-25T19:58:28.919640,0.0,0.0
791,Daraz,275.0,2026-03-25T19:58:28.986325,0.0,0.0
792,Daraz,311.0,2026-03-25T19:58:29.036185,0.0,0.0
793,Daraz,332.0,2026-03-25T19:58:29.102781,0.0,0.0
794,Daraz,1100.0,2026-03-25T19:58:29.165108,0.0,0.0
795,Daraz,405.0,2026-03-25T19:58:29.236311,0.0,0.0
796,Daraz,1720.0,2026-03-25T19:58:29.353481,0.0,0.0
797,Daraz,450.0,2026-03-25T19:58:29.467978,0.0,0.0
798,Daraz,1755.0,2026-03-25T19:58:29.545309,0.0,0.0
799,Daraz,480.0,2026-03-25T19:58:29.656451,0.0,0.0
3,Daraz,1850.0,2026-03-25T19:58:29.767802,0.0,0.0
800,Daraz,629.0,2026-03-25T19:58:29.879327,0.0,0.0
583,Daraz,2000.0,2026-03-25T19:58:29.942877,0.0,0.0
801,Daraz,749.0,2026-03-25T19:58:30.022867,0.0,0.0
173,Daraz,2149.0,2026-03-25T19:58:30.133982,0.0,0.0
802,Daraz,749.0,2026-03-25T19:58:30.232465,0.0,0.0
584,Daraz,2200.0,2026-03-25T19:58:30.327753,0.0,0.0
7,Hukut,88000.0,2026-03-25T19:58:30.391379,0.0,0.0
803,Hukut,89999.0,2026-03-25T19:58:30.423187,0.0,0.0
804,Hukut,98000.0,2026-03-25T19:58:30.566139,0.0,0.0
805,Hukut,99000.0,2026-03-25T19:58:30.678152,0.0,0.0
806,Daraz,152500.0,2026-03-25T19:58:30.789561,0.0,0.0
807,Daraz,150.0,2026-03-25T19:58:30.900359,0.0,0.0
808,Daraz,189.0,2026-03-25T19:58:30.980140,0.0,0.0
809,Daraz,370.0,2026-03-25T19:58:31.113026,0.0,0.0
810,Daraz,383.0,2026-03-25T19:58:31.193914,-39.0,-9.24170616113744
810,Daraz,422.0,2026-03-25T19:58:31.279227,39.0,10.182767624020887
798,Daraz,1755.0,2026-03-25T19:58:31.397046,0.0,0.0
776,Daraz,131.0,2026-03-25T19:58:31.508699,0.0,0.0
777,Daraz,131.0,2026-03-25T19:58:31.614796,0.0,0.0
778,Daraz,166.0,2026-03-25T19:58:31.744069,0.0,0.0
779,Daraz,186.0,2026-03-25T19:58:31.858662,0.0,0.0
780,Daraz,186.0,2026-03-25T19:58:31.926619,0.0,0.0
781,Daraz,211.0,2026-03-25T19:58:31.997662,0.0,0.0
782,Daraz,211.0,2026-03-25T19:58:32.096498,0.0,0.0
783,Daraz,223.0,2026-03-25T19:58:32.182011,0.0,0.0
784,Daraz,225.0,2026-03-25T19:58:32.282385,0.0,0.0
785,Daraz,249.0,2026-03-25T19:58:32.392411,0.0,0.0
786,Daraz,249.0,2026-03-25T19:58:32.465364,0.0,0.0
787,Daraz,249.0,2026-03-25T19:58:32.582305,0.0,0.0
788,Daraz,249.0,2026-03-25T19:58:32.698397,0.0,0.0
789,Daraz,259.0,2026-03-25T19:58:32.815011,0.0,0.0
790,Daraz,275.0,2026-03-25T19:58:32.898412,0.0,0.0
791,Daraz,275.0,2026-03-25T19:58:33.012775,0.0,0.0
792,Daraz,311.0,2026-03-25T19:58:33.092846,0.0,0.0
793,Daraz,332.0,2026-03-25T19:58:33.160728,0.0,0.0
794,Daraz,1100.0,2026-03-25T19:58:33.266801,0.0,0.0
795,Daraz,405.0,2026-03-25T19:58:33.379525,0.0,0.0
796,Daraz,1720.0,2026-03-25T19:58:33.470806,0.0,0.0
797,Daraz,450.0,2026-03-25T19:58:33.560817,0.0,0.0
798,Daraz,1755.0,2026-03-25T19:58:33.680914,0.0,0.0
799,Daraz,480.0,2026-03-25T19:58:33.791747,0.0,0.0
3,Daraz,1850.0,2026-03-25T19:58:33.869898,0.0,0.0
800,Daraz,629.0,2026-03-25T19:58:33.941996,0.0,0.0
583,Daraz,2000.0,2026-03-25T19:58:34.055394,0.0,0.0
801,Daraz,749.0,2026-03-25T19:58:34.162922,0.0,0.0
173,Daraz,2149.0,2026-03-25T19:58:34.258377,0.0,0.0
802,Daraz,749.0,2026-03-25T19:58:34.331195,0.0,0.0
584,Daraz,2200.0,2026-03-25T19:58:34.413349,0.0,0.0
7,Hukut,88000.0,2026-03-25T19:58:34.476704,0.0,0.0
803,Hukut,89999.0,2026-03-25T19:58:34.540282,0.0,0.0
804,Hukut,98000.0,2026-03-25T19:58:34.634417,0.0,0.0
805,Hukut,99000.0,2026-03-25T19:58:34.711321,0.0,0.0
806,Daraz,152500.0,2026-03-25T19:58:34.822897,0.0,0.0
807,Daraz,150.0,2026-03-25T19:58:34.935991,0.0,0.0
808,Daraz,189.0,2026-03-25T19:58:35.002305,0.0,0.0
809,Daraz,370.0,2026-03-25T19:58:35.069206,0.0,0.0
810,Daraz,383.0,2026-03-25T19:58:35.159849,-39.0,-9.24170616113744
810,Daraz,422.0,2026-03-25T19:58:35.237105,39.0,10.182767624020887
799,Daraz,480.0,2026-03-25T19:58:35.320881,0.0,0.0
776,Daraz,131.0,2026-03-25T19:58:35.440152,0.0,0.0
777,Daraz,131.0,2026-03-25T19:58:35.522354,0.0,0.0
778,Daraz,166.0,2026-03-25T19:58:35.570097,0.0,0.0
779,Daraz,186.0,2026-03-25T19:58:35.664250,0.0,0.0
780,Daraz,186.0,2026-03-25T19:58:35.757803,0.0,0.0
781,Daraz,211.0,2026-03-25T19:58:35.876948,0.0,0.0
782,Daraz,211.0,2026-03-25T19:58:35.978276,0.0,0.0
783,Daraz,223.0,2026-03-25T19:58:36.025939,0.0,0.0
784,Daraz,225.0,2026-03-25T19:58:36.093328,0.0,0.0
785,Daraz,249.0,2026-03-25T19:58:36.156965,0.0,0.0
786,Daraz,249.0,2026-03-25T19:58:36.225383,0.0,0.0
787,Daraz,249.0,2026-03-25T19:58:36.291482,0.0,0.0
788,Daraz,249.0,2026-03-25T19:58:36.359452,0.0,0.0
789,Daraz,259.0,2026-03-25T19:58:36.409938,0.0,0.0
790,Daraz,275.0,2026-03-25T19:58:36.462284,0.0,0.0
791,Daraz,275.0,2026-03-25T19:58:36.526079,0.0,0.0
792,Daraz,311.0,2026-03-25T19:58:36.591438,0.0,0.0
793,Daraz,332.0,2026-03-25T19:58:36.660618,0.0,0.0
794,Daraz,1100.0,2026-03-25T19:58:36.713248,0.0,0.0
795,Daraz,405.0,2026-03-25T19:58:36.777594,0.0,0.0
796,Daraz,1720.0,2026-03-25T19:58:36.849071,0.0,0.0
797,Daraz,450.0,2026-03-25T19:58:36.933023,0.0,0.0
798,Daraz,1755.0,2026-03-25T19:58:37.010940,0.0,0.0
799,Daraz,480.0,2026-03-25T19:58:37.091641,0.0,0.0
3,Daraz,1850.0,2026-03-25T19:58:37.158579,0.0,0.0
800,Daraz,629.0,2026-03-25T19:58:37.227105,0.0,0.0
583,Daraz,2000.0,2026-03-25T19:58:37.293597,0.0,0.0
801,Daraz,749.0,2026-03-25T19:58:37.342438,0.0,0.0
173,Daraz,2149.0,2026-03-25T19:58:37.408071,0.0,0.0
802,Daraz,749.0,2026-03-25T19:58:37.474645,0.0,0.0
584,Daraz,2200.0,2026-03-25T19:58:37.574599,0.0,0.0
7,Hukut,88000.0,2026-03-25T19:58:37.627614,0.0,0.0
803,Hukut,89999.0,2026-03-25T19:58:37.677983,0.0,0.0
804,Hukut,98000.0,2026-03-25T19:58:37.741795,0.0,0.0
805,Hukut,99000.0,2026-03-25T19:58:37.824642,0.0,0.0
806,Daraz,152500.0,2026-03-25T19:58:37.907642,0.0,0.0
807,Daraz,150.0,2026-03-25T19:58:37.979291,0.0,0.0
808,Daraz,189.0,2026-03-25T19:58:38.047171,0.0,0.0
809,Daraz,370.0,2026-03-25T19:58:38.112108,0.0,0.0
810,Daraz,383.0,2026-03-25T19:58:38.193635,-39.0,-9.24170616113744
810,Daraz,422.0,2026-03-25T19:58:38.278357,39.0,10.182767624020887
3,Daraz,1850.0,2026-03-25T19:58:38.328583,0.0,0.0
776,Daraz,131.0,2026-03-25T19:58:38.402842,0.0,0.0
777,Daraz,131.0,2026-03-25T19:58:38.463377,0.0,0.0
778,Daraz,166.0,2026-03-25T19:58:38.528868,0.0,0.0
779,Daraz,186.0,2026-03-25T19:58:38.598328,0.0,0.0
780,Daraz,186.0,2026-03-25T19:58:38.685631,0.0,0.0
781,Daraz,211.0,2026-03-25T19:58:38.759104,0.0,0.0
782,Daraz,211.0,2026-03-25T19:58:38.810616,0.0,0.0
783,Daraz,223.0,2026-03-25T19:58:38.888075,0.0,0.0
784,Daraz,225.0,2026-03-25T19:58:38.956386,0.0,0.0
785,Daraz,249.0,2026-03-25T19:58:39.031606,0.0,0.0
786,Daraz,249.0,2026-03-25T19:58:39.105709,0.0,0.0
787,Daraz,249.0,2026-03-25T19:58:39.194962,0.0,0.0
788,Daraz,249.0,2026-03-25T19:58:39.289390,0.0,0.0
789,Daraz,259.0,2026-03-25T19:58:39.362231,0.0,0.0
790,Daraz,275.0,2026-03-25T19:58:39.428692,0.0,0.0
791,Daraz,275.0,2026-03-25T19:58:39.497825,0.0,0.0
792,Daraz,311.0,2026-03-25T19:58:39.561697,0.0,0.0
793,Daraz,332.0,2026-03-25T19:58:39.623979,0.0,0.0
794,Daraz,1100.0,2026-03-25T19:58:39.718083,0.0,0.0
795,Daraz,405.0,2026-03-25T19:58:39.775957,0.0,0.0
796,Daraz,1720.0,2026-03-25T19:58:39.844124,0.0,0.0
797,Daraz,450.0,2026-03-25T19:58:39.933501,0.0,0.0
798,Daraz,1755.0,2026-03-25T19:58:39.989357,0.0,0.0
799,Daraz,480.0,2026-03-25T19:58:40.052606,0.0,0.0
3,Daraz,1850.0,2026-03-25T19:58:40.132499,0.0,0.0
800,Daraz,629.0,2026-03-25T19:58:40.212268,0.0,0.0
583,Daraz,2000.0,2026-03-25T19:58:40.297426,0.0,0.0
801,Daraz,749.0,2026-03-25T19:58:40.364514,0.0,0.0
173,Daraz,2149.0,2026-03-25T19:58:40.419636,0.0,0.0
802,Daraz,749.0,2026-03-25T19:58:40.473970,0.0,0.0
584,Daraz,2200.0,2026-03-25T19:58:40.523883,0.0,0.0
7,Hukut,88000.0,2026-03-25T19:58:40.625284,0.0,0.0
803,Hukut,89999.0,2026-03-25T19:58:40.673222,0.0,0.0
804,Hukut,98000.0,2026-03-25T19:58:40.756225,0.0,0.0
805,Hukut,99000.0,2026-03-25T19:58:40.835129,0.0,0.0
806,Daraz,152500.0,2026-03-25T19:58:40.890007,0.0,0.0
807,Daraz,150.0,2026-03-25T19:58:40.973031,0.0,0.0
808,Daraz,189.0,2026-03-25T19:58:41.056242,0.0,0.0
809,Daraz,370.0,2026-03-25T19:58:41.122952,0.0,0.0
810,Daraz,383.0,2026-03-25T19:58:41.206852,-39.0,-9.24170616113744
810,Daraz,422.0,2026-03-25T19:58:41.280097,39.0,10.182767624020887
800,Daraz,629.0,2026-03-25T19:58:41.360154,0.0,0.0
776,Daraz,131.0,2026-03-25T19:58:41.431869,0.0,0.0
777,Daraz,131.0,2026-03-25T19:58:41.510679,0.0,0.0
778,Daraz,166.0,2026-03-25T19:58:41.607714,0.0,0.0
779,Daraz,186.0,2026-03-25T19:58:41.695553,0.0,0.0
780,Daraz,186.0,2026-03-25T19:58:41.781419,0.0,0.0
781,Daraz,211.0,2026-03-25T19:58:41.870090,0.0,0.0
782,Daraz,211.0,2026-03-25T19:58:41.949367,0.0,0.0
783,Daraz,223.0,2026-03-25T19:58:42.037799,0.0,0.0
784,Daraz,225.0,2026-03-25T19:58:42.115936,0.0,0.0
785,Daraz,249.0,2026-03-25T19:58:42.167498,0.0,0.0
786,Daraz,249.0,2026-03-25T19:58:42.232885,0.0,0.0
787,Daraz,249.0,2026-03-25T19:58:42.312666,0.0,0.0
788,Daraz,249.0,2026-03-25T19:58:42.399638,0.0,0.0
789,Daraz,259.0,2026-03-25T19:58:42.481234,0.0,0.0
790,Daraz,275.0,2026-03-25T19:58:42.539671,0.0,0.0
791,Daraz,275.0,2026-03-25T19:58:42.608033,0.0,0.0
792,Daraz,311.0,2026-03-25T19:58:42.707689,0.0,0.0
793,Daraz,332.0,2026-03-25T19:58:42.788463,0.0,0.0
794,Daraz,1100.0,2026-03-25T19:58:42.824260,0.0,0.0
795,Daraz,405.0,2026-03-25T19:58:42.905576,0.0,0.0
796,Daraz,1720.0,2026-03-25T19:58:42.960125,0.0,0.0
797,Daraz,450.0,2026-03-25T19:58:43.024718,0.0,0.0
798,Daraz,1755.0,2026-03-25T19:58:43.107644,0.0,0.0
799,Daraz,480.0,2026-03-25T19:58:43.190795,0.0,0.0
3,Daraz,1850.0,2026-03-25T19:58:43.273775,0.0,0.0
800,Daraz,629.0,2026-03-25T19:58:43.343303,0.0,0.0
583,Daraz,2000.0,2026-03-25T19:58:43.420403,0.0,0.0
801,Daraz,749.0,2026-03-25T19:58:43.474186,0.0,0.0
173,Daraz,2149.0,2026-03-25T19:58:43.540643,0.0,0.0
802,Daraz,749.0,2026-03-25T19:58:43.590221,0.0,0.0
584,Daraz,2200.0,2026-03-25T19:58:43.672183,0.0,0.0
7,Hukut,88000.0,2026-03-25T19:58:43.723479,0.0,0.0
803,Hukut,89999.0,2026-03-25T19:58:43.756659,0.0,0.0
804,Hukut,98000.0,2026-03-25T19:58:43.840166,0.0,0.0
805,Hukut,99000.0,2026-03-25T19:58:43.923558,0.0,0.0
806,Daraz,152500.0,2026-03-25T19:58:43.989760,0.0,0.0
807,Daraz,150.0,2026-03-25T19:58:44.073190,0.0,0.0
808,Daraz,189.0,2026-03-25T19:58:44.174465,0.0,0.0
809,Daraz,370.0,2026-03-25T19:58:44.271474,0.0,0.0
810,Daraz,383.0,2026-03-25T19:58:44.376039,-39.0,-9.24170616113744
810,Daraz,422.0,2026-03-25T19:58:44.497385,39.0,10.182767624020887
583,Daraz,2000.0,2026-03-25T19:58:44.606493,0.0,0.0
776,Daraz,131.0,2026-03-25T19:58:44.713125,0.0,0.0
777,Daraz,131.0,2026-03-25T19:58:44.772058,0.0,0.0
778,Daraz,166.0,2026-03-25T19:58:44.872642,0.0,0.0
779,Daraz,186.0,2026-03-25T19:58:44.942869,0.0,0.0
780,Daraz,186.0,2026-03-25T19:58:45.005342,0.0,0.0
781,Daraz,211.0,2026-03-25T19:58:45.105943,0.0,0.0
782,Daraz,211.0,2026-03-25T19:58:45.205262,0.0,0.0
783,Daraz,223.0,2026-03-25T19:58:45.288664,0.0,0.0
784,Daraz,225.0,2026-03-25T19:58:45.388869,0.0,0.0
785,Daraz,249.0,2026-03-25T19:58:45.481707,0.0,0.0
786,Daraz,249.0,2026-03-25T19:58:45.554902,0.0,0.0
787,Daraz,249.0,2026-03-25T19:58:45.671849,0.0,0.0
788,Daraz,249.0,2026-03-25T19:58:45.755217,0.0,0.0
789,Daraz,259.0,2026-03-25T19:58:45.855096,0.0,0.0
790,Daraz,275.0,2026-03-25T19:58:45.989809,0.0,0.0
791,Daraz,275.0,2026-03-25T19:58:46.088729,0.0,0.0
792,Daraz,311.0,2026-03-25T19:58:46.185798,0.0,0.0
793,Daraz,332.0,2026-03-25T19:58:46.304926,0.0,0.0
794,Daraz,1100.0,2026-03-25T19:58:46.388146,0.0,0.0
795,Daraz,405.0,2026-03-25T19:58:46.505113,0.0,0.0
796,Daraz,1720.0,2026-03-25T19:58:46.619970,0.0,0.0
797,Daraz,450.0,2026-03-25T19:58:46.733713,0.0,0.0
798,Daraz,1755.0,2026-03-25T19:58:46.787620,0.0,0.0
799,Daraz,480.0,2026-03-25T19:58:46.898845,0.0,0.0
3,Daraz,1850.0,2026-03-25T19:58:47.013262,0.0,0.0
800,Daraz,629.0,2026-03-25T19:58:47.120733,0.0,0.0
583,Daraz,2000.0,2026-03-25T19:58:47.237321,0.0,0.0
801,Daraz,749.0,2026-03-25T19:58:47.337162,0.0,0.0
173,Daraz,2149.0,2026-03-25T19:58:47.450196,0.0,0.0
802,Daraz,749.0,2026-03-25T19:58:47.554921,0.0,0.0
584,Daraz,2200.0,2026-03-25T19:58:47.652492,0.0,0.0
7,Hukut,88000.0,2026-03-25T19:58:47.736610,0.0,0.0
803,Hukut,89999.0,2026-03-25T19:58:47.819924,0.0,0.0
804,Hukut,98000.0,2026-03-25T19:58:47.936514,0.0,0.0
805,Hukut,99000.0,2026-03-25T19:58:48.036723,0.0,0.0
806,Daraz,152500.0,2026-03-25T19:58:48.153284,0.0,0.0
807,Daraz,150.0,2026-03-25T19:58:48.253204,0.0,0.0
808,Daraz,189.0,2026-03-25T19:58:48.319657,0.0,0.0
809,Daraz,370.0,2026-03-25T19:58:48.436166,0.0,0.0
810,Daraz,383.0,2026-03-25T19:58:48.552829,-39.0,-9.24170616113744
810,Daraz,422.0,2026-03-25T19:58:48.669479,39.0,10.182767624020887
801,Daraz,749.0,2026-03-25T19:58:48.785960,0.0,0.0
776,Daraz,131.0,2026-03-25T19:58:48.901425,0.0,0.0
777,Daraz,131.0,2026-03-25T19:58:49.033411,0.0,0.0
778,Daraz,166.0,2026-03-25T19:58:49.135692,0.0,0.0
779,Daraz,186.0,2026-03-25T19:58:49.252206,0.0,0.0
780,Daraz,186.0,2026-03-25T19:58:49.368859,0.0,0.0
781,Daraz,211.0,2026-03-25T19:58:49.468696,0.0,0.0
782,Daraz,211.0,2026-03-25T19:58:49.585449,0.0,0.0
783,Daraz,223.0,2026-03-25T19:58:49.700838,0.0,0.0
784,Daraz,225.0,2026-03-25T19:58:49.835281,0.0,0.0
785,Daraz,249.0,2026-03-25T19:58:49.918267,0.0,0.0
786,Daraz,249.0,2026-03-25T19:58:50.068130,0.0,0.0
787,Daraz,249.0,2026-03-25T19:58:50.152864,0.0,0.0
788,Daraz,249.0,2026-03-25T19:58:50.285698,0.0,0.0
789,Daraz,259.0,2026-03-25T19:58:50.418239,0.0,0.0
790,Daraz,275.0,2026-03-25T19:58:50.510347,0.0,0.0
791,Daraz,275.0,2026-03-25T19:58:50.621570,0.0,0.0
792,Daraz,311.0,2026-03-25T19:58:50.734793,0.0,0.0
793,Daraz,332.0,2026-03-25T19:58:50.834605,0.0,0.0
794,Daraz,1100.0,2026-03-25T19:58:50.950375,0.0,0.0
795,Daraz,405.0,2026-03-25T19:58:51.029675,0.0,0.0
796,Daraz,1720.0,2026-03-25T19:58:51.083570,0.0,0.0
797,Daraz,450.0,2026-03-25T19:58:51.150190,0.0,0.0
798,Daraz,1755.0,2026-03-25T19:58:51.267498,0.0,0.0
799,Daraz,480.0,2026-03-25T19:58:51.366734,0.0,0.0
3,Daraz,1850.0,2026-03-25T19:58:51.433276,0.0,0.0
800,Daraz,629.0,2026-03-25T19:58:51.567004,0.0,0.0
583,Daraz,2000.0,2026-03-25T19:58:51.683692,0.0,0.0
801,Daraz,749.0,2026-03-25T19:58:51.785261,0.0,0.0
173,Daraz,2149.0,2026-03-25T19:58:51.886969,0.0,0.0
802,Daraz,749.0,2026-03-25T19:58:51.986591,0.0,0.0
584,Daraz,2200.0,2026-03-25T19:58:52.050459,0.0,0.0
7,Hukut,88000.0,2026-03-25T19:58:52.131939,0.0,0.0
803,Hukut,89999.0,2026-03-25T19:58:52.216866,0.0,0.0
804,Hukut,98000.0,2026-03-25T19:58:52.320433,0.0,0.0
805,Hukut,99000.0,2026-03-25T19:58:52.433067,0.0,0.0
806,Daraz,152500.0,2026-03-25T19:58:52.546653,0.0,0.0
807,Daraz,150.0,2026-03-25T19:58:52.618641,0.0,0.0
808,Daraz,189.0,2026-03-25T19:58:52.734107,0.0,0.0
809,Daraz,370.0,2026-03-25T19:58:52.837389,0.0,0.0
810,Daraz,383.0,2026-03-25T19:58:52.929796,-39.0,-9.24170616113744
810,Daraz,422.0,2026-03-25T19:58:53.012329,39.0,10.182767624020887
173,Daraz,2149.0,2026-03-25T19:58:53.127446,0.0,0.0
776,Daraz,131.0,2026-03-25T19:58:53.217093,0.0,0.0
777,Daraz,131.0,2026-03-25T19:58:53.328523,0.0,0.0
778,Daraz,166.0,2026-03-25T19:58:53.440380,0.0,0.0
779,Daraz,186.0,2026-03-25T19:58:53.567288,0.0,0.0
780,Daraz,186.0,2026-03-25T19:58:53.694362,0.0,0.0
781,Daraz,211.0,2026-03-25T19:58:53.821875,0.0,0.0
782,Daraz,211.0,2026-03-25T19:58:53.932588,0.0,0.0
783,Daraz,223.0,2026-03-25T19:58:54.040279,0.0,0.0
784,Daraz,225.0,2026-03-25T19:58:54.135544,0.0,0.0
785,Daraz,249.0,2026-03-25T19:58:54.250297,0.0,0.0
786,Daraz,249.0,2026-03-25T19:58:54.368550,0.0,0.0
787,Daraz,249.0,2026-03-25T19:58:54.446709,0.0,0.0
788,Daraz,249.0,2026-03-25T19:58:54.512053,0.0,0.0
789,Daraz,259.0,2026-03-25T19:58:54.629822,0.0,0.0
790,Daraz,275.0,2026-03-25T19:58:54.696390,0.0,0.0
791,Daraz,275.0,2026-03-25T19:58:54.779469,0.0,0.0
792,Daraz,311.0,2026-03-25T19:58:54.896200,0.0,0.0
793,Daraz,332.0,2026-03-25T19:58:55.041825,0.0,0.0
794,Daraz,1100.0,2026-03-25T19:58:55.165522,0.0,0.0
795,Daraz,405.0,2026-03-25T19:58:55.282861,0.0,0.0
796,Daraz,1720.0,2026-03-25T19:58:55.385520,0.0,0.0
797,Daraz,450.0,2026-03-25T19:58:55.495242,0.0,0.0
798,Daraz,1755.0,2026-03-25T19:58:55.578924,0.0,0.0
799,Daraz,480.0,2026-03-25T19:58:55.634827,0.0,0.0
3,Daraz,1850.0,2026-03-25T19:58:55.714318,0.0,0.0
800,Daraz,629.0,2026-03-25T19:58:55.794444,0.0,0.0
583,Daraz,2000.0,2026-03-25T19:58:55.857237,0.0,0.0
801,Daraz,749.0,2026-03-25T19:58:55.928636,0.0,0.0
173,Daraz,2149.0,2026-03-25T19:58:56.008143,0.0,0.0
802,Daraz,749.0,2026-03-25T19:58:56.081497,0.0,0.0
584,Daraz,2200.0,2026-03-25T19:58:56.174046,0.0,0.0
7,Hukut,88000.0,2026-03-25T19:58:56.228126,0.0,0.0
803,Hukut,89999.0,2026-03-25T19:58:56.254136,0.0,0.0
804,Hukut,98000.0,2026-03-25T19:58:56.334465,0.0,0.0
805,Hukut,99000.0,2026-03-25T19:58:56.401835,0.0,0.0
806,Daraz,152500.0,2026-03-25T19:58:56.464299,0.0,0.0
807,Daraz,150.0,2026-03-25T19:58:56.525709,0.0,0.0
808,Daraz,189.0,2026-03-25T19:58:56.607721,0.0,0.0
809,Daraz,370.0,2026-03-25T19:58:56.680271,0.0,0.0
810,Daraz,383.0,2026-03-25T19:58:56.776148,-39.0,-9.24170616113744
810,Daraz,422.0,2026-03-25T19:58:56.856008,39.0,10.182767624020887
802,Daraz,749.0,2026-03-25T19:58:56.951511,0.0,0.0
776,Daraz,131.0,2026-03-25T19:58:57.030610,0.0,0.0
777,Daraz,131.0,2026-03-25T19:58:57.111781,0.0,0.0
778,Daraz,166.0,2026-03-25T19:58:57.170069,0.0,0.0
779,Daraz,186.0,2026-03-25T19:58:57.266876,0.0,0.0
780,Daraz,186.0,2026-03-25T19:58:57.351950,0.0,0.0
781,Daraz,211.0,2026-03-25T19:58:57.423579,0.0,0.0
782,Daraz,211.0,2026-03-25T19:58:57.518883,0.0,0.0
783,Daraz,223.0,2026-03-25T19:58:57.582682,0.0,0.0
784,Daraz,225.0,2026-03-25T19:58:57.665268,0.0,0.0
785,Daraz,249.0,2026-03-25T19:58:57.724163,0.0,0.0
786,Daraz,249.0,2026-03-25T19:58:57.807037,0.0,0.0
787,Daraz,249.0,2026-03-25T19:58:57.888969,0.0,0.0
788,Daraz,249.0,2026-03-25T19:58:57.983775,0.0,0.0
789,Daraz,259.0,2026-03-25T19:58:58.045383,0.0,0.0
790,Daraz,275.0,2026-03-25T19:58:58.110723,0.0,0.0
791,Daraz,275.0,2026-03-25T19:58:58.180378,0.0,0.0
792,Daraz,311.0,2026-03-25T19:58:58.266443,0.0,0.0
793,Daraz,332.0,2026-03-25T19:58:58.332419,0.0,0.0
794,Daraz,1100.0,2026-03-25T19:58:58.399008,0.0,0.0
795,Daraz,405.0,2026-03-25T19:58:58.465698,0.0,0.0
796,Daraz,1720.0,2026-03-25T19:58:58.548777,0.0,0.0
797,Daraz,450.0,2026-03-25T19:58:58.615761,0.0,0.0
798,Daraz,1755.0,2026-03-25T19:58:58.682210,0.0,0.0
799,Daraz,480.0,2026-03-25T19:58:58.748672,0.0,0.0
3,Daraz,1850.0,2026-03-25T19:58:58.815407,0.0,0.0
800,Daraz,629.0,2026-03-25T19:58:58.891303,0.0,0.0
583,Daraz,2000.0,2026-03-25T19:58:58.961575,0.0,0.0
801,Daraz,749.0,2026-03-25T19:58:59.028893,0.0,0.0
173,Daraz,2149.0,2026-03-25T19:58:59.094634,0.0,0.0
802,Daraz,749.0,2026-03-25T19:58:59.191845,0.0,0.0
584,Daraz,2200.0,2026-03-25T19:58:59.287751,0.0,0.0
7,Hukut,88000.0,2026-03-25T19:58:59.343171,0.0,0.0
803,Hukut,89999.0,2026-03-25T19:58:59.390509,0.0,0.0
804,Hukut,98000.0,2026-03-25T19:58:59.486078,0.0,0.0
805,Hukut,99000.0,2026-03-25T19:58:59.565596,0.0,0.0
806,Daraz,152500.0,2026-03-25T19:58:59.662327,0.0,0.0
807,Daraz,150.0,2026-03-25T19:58:59.746241,0.0,0.0
808,Daraz,189.0,2026-03-25T19:58:59.821292,0.0,0.0
809,Daraz,370.0,2026-03-25T19:58:59.892457,0.0,0.0
810,Daraz,383.0,2026-03-25T19:58:59.971412,-39.0,-9.24170616113744
810,Daraz,422.0,2026-03-25T19:59:00.050479,39.0,10.182767624020887
584,Daraz,2200.0,2026-03-25T19:59:00.121603,0.0,0.0
776,Daraz,131.0,2026-03-25T19:59:00.177951,0.0,0.0
777,Daraz,131.0,2026-03-25T19:59:00.260079,0.0,0.0
778,Daraz,166.0,2026-03-25T19:59:00.335158,0.0,0.0
779,Daraz,186.0,2026-03-25T19:59:00.410456,0.0,0.0
780,Daraz,186.0,2026-03-25T19:59:00.505586,0.0,0.0
781,Daraz,211.0,2026-03-25T19:59:00.553813,0.0,0.0
782,Daraz,211.0,2026-03-25T19:59:00.633893,0.0,0.0
783,Daraz,223.0,2026-03-25T19:59:00.735588,0.0,0.0
784,Daraz,225.0,2026-03-25T19:59:00.803119,0.0,0.0
785,Daraz,249.0,2026-03-25T19:59:00.885078,0.0,0.0
786,Daraz,249.0,2026-03-25T19:59:00.968270,0.0,0.0
787,Daraz,249.0,2026-03-25T19:59:01.067343,0.0,0.0
788,Daraz,249.0,2026-03-25T19:59:01.158928,0.0,0.0
789,Daraz,259.0,2026-03-25T19:59:01.235126,0.0,0.0
790,Daraz,275.0,2026-03-25T19:59:01.328806,0.0,0.0
791,Daraz,275.0,2026-03-25T19:59:01.405334,0.0,0.0
792,Daraz,311.0,2026-03-25T19:59:01.484761,0.0,0.0
793,Daraz,332.0,2026-03-25T19:59:01.585010,0.0,0.0
794,Daraz,1100.0,2026-03-25T19:59:01.651754,0.0,0.0
795,Daraz,405.0,2026-03-25T19:59:01.754006,0.0,0.0
796,Daraz,1720.0,2026-03-25T19:59:01.818593,0.0,0.0
797,Daraz,450.0,2026-03-25T19:59:01.896922,0.0,0.0
798,Daraz,1755.0,2026-03-25T19:59:01.968077,0.0,0.0
799,Daraz,480.0,2026-03-25T19:59:02.046031,0.0,0.0
3,Daraz,1850.0,2026-03-25T19:59:02.151102,0.0,0.0
800,Daraz,629.0,2026-03-25T19:59:02.261384,0.0,0.0
583,Daraz,2000.0,2026-03-25T19:59:02.318132,0.0,0.0
801,Daraz,749.0,2026-03-25T19:59:02.410746,0.0,0.0
173,Daraz,2149.0,2026-03-25T19:59:02.484102,0.0,0.0
802,Daraz,749.0,2026-03-25T19:59:02.567866,0.0,0.0
584,Daraz,2200.0,2026-03-25T19:59:02.645554,0.0,0.0
7,Hukut,88000.0,2026-03-25T19:59:02.730531,0.0,0.0
803,Hukut,89999.0,2026-03-25T19:59:02.772450,0.0,0.0
804,Hukut,98000.0,2026-03-25T19:59:02.854821,0.0,0.0
805,Hukut,99000.0,2026-03-25T19:59:02.943919,0.0,0.0
806,Daraz,152500.0,2026-03-25T19:59:02.991742,0.0,0.0
807,Daraz,150.0,2026-03-25T19:59:03.071326,0.0,0.0
808,Daraz,189.0,2026-03-25T19:59:03.150493,0.0,0.0
809,Daraz,370.0,2026-03-25T19:59:03.245541,0.0,0.0
810,Daraz,383.0,2026-03-25T19:59:03.342397,-39.0,-9.24170616113744
810,Daraz,422.0,2026-03-25T19:59:03.414241,39.0,10.182767624020887
7,Hukut,88000.0,2026-03-25T19:59:03.478725,0.0,0.0
776,Daraz,131.0,2026-03-25T19:59:03.508016,0.0,0.0
777,Daraz,131.0,2026-03-25T19:59:03.572154,0.0,0.0
778,Daraz,166.0,2026-03-25T19:59:03.652260,0.0,0.0
779,Daraz,186.0,2026-03-25T19:59:03.733755,0.0,0.0
780,Daraz,186.0,2026-03-25T19:59:03.799168,0.0,0.0
781,Daraz,211.0,2026-03-25T19:59:03.862298,0.0,0.0
782,Daraz,211.0,2026-03-25T19:59:03.927509,0.0,0.0
783,Daraz,223.0,2026-03-25T19:59:04.007021,0.0,0.0
784,Daraz,225.0,2026-03-25T19:59:04.061653,0.0,0.0
785,Daraz,249.0,2026-03-25T19:59:04.134447,0.0,0.0
786,Daraz,249.0,2026-03-25T19:59:04.193890,0.0,0.0
787,Daraz,249.0,2026-03-25T19:59:04.296734,0.0,0.0
788,Daraz,249.0,2026-03-25T19:59:04.388677,0.0,0.0
789,Daraz,259.0,2026-03-25T19:59:04.456917,0.0,0.0
790,Daraz,275.0,2026-03-25T19:59:04.514086,0.0,0.0
791,Daraz,275.0,2026-03-25T19:59:04.591036,0.0,0.0
792,Daraz,311.0,2026-03-25T19:59:04.646728,0.0,0.0
793,Daraz,332.0,2026-03-25T19:59:04.741898,0.0,0.0
794,Daraz,1100.0,2026-03-25T19:59:04.812330,0.0,0.0
795,Daraz,405.0,2026-03-25T19:59:04.879023,0.0,0.0
796,Daraz,1720.0,2026-03-25T19:59:04.965827,0.0,0.0
797,Daraz,450.0,2026-03-25T19:59:05.053546,0.0,0.0
798,Daraz,1755.0,2026-03-25T19:59:05.116423,0.0,0.0
799,Daraz,480.0,2026-03-25T19:59:05.200759,0.0,0.0
3,Daraz,1850.0,2026-03-25T19:59:05.284020,0.0,0.0
800,Daraz,629.0,2026-03-25T19:59:05.366332,0.0,0.0
583,Daraz,2000.0,2026-03-25T19:59:05.448763,0.0,0.0
801,Daraz,749.0,2026-03-25T19:59:05.514495,0.0,0.0
173,Daraz,2149.0,2026-03-25T19:59:05.600090,0.0,0.0
802,Daraz,749.0,2026-03-25T19:59:05.665391,0.0,0.0
584,Daraz,2200.0,2026-03-25T19:59:05.751078,0.0,0.0
7,Hukut,88000.0,2026-03-25T19:59:05.832448,0.0,0.0
803,Hukut,89999.0,2026-03-25T19:59:05.891232,0.0,0.0
804,Hukut,98000.0,2026-03-25T19:59:05.974592,0.0,0.0
805,Hukut,99000.0,2026-03-25T19:59:06.043356,0.0,0.0
806,Daraz,152500.0,2026-03-25T19:59:06.103429,0.0,0.0
807,Daraz,150.0,2026-03-25T19:59:06.168298,0.0,0.0
808,Daraz,189.0,2026-03-25T19:59:06.239062,0.0,0.0
809,Daraz,370.0,2026-03-25T19:59:06.334644,0.0,0.0
810,Daraz,383.0,2026-03-25T19:59:06.395665,-39.0,-9.24170616113744
810,Daraz,422.0,2026-03-25T19:59:06.457227,39.0,10.182767624020887
803,Hukut,89999.0,2026-03-25T19:59:06.517036,0.0,0.0
776,Daraz,131.0,2026-03-25T19:59:06.602207,0.0,0.0
777,Daraz,131.0,2026-03-25T19:59:06.675854,0.0,0.0
778,Daraz,166.0,2026-03-25T19:59:06.771310,0.0,0.0
779,Daraz,186.0,2026-03-25T19:59:06.851237,0.0,0.0
780,Daraz,186.0,2026-03-25T19:59:06.910057,0.0,0.0
781,Daraz,211.0,2026-03-25T19:59:06.984232,0.0,0.0
782,Daraz,211.0,2026-03-25T19:59:07.054872,0.0,0.0
783,Daraz,223.0,2026-03-25T19:59:07.145890,0.0,0.0
784,Daraz,225.0,2026-03-25T19:59:07.238498,0.0,0.0
785,Daraz,249.0,2026-03-25T19:59:07.318235,0.0,0.0
786,Daraz,249.0,2026-03-25T19:59:07.414616,0.0,0.0
787,Daraz,249.0,2026-03-25T19:59:07.488971,0.0,0.0
788,Daraz,249.0,2026-03-25T19:59:07.547902,0.0,0.0
789,Daraz,259.0,2026-03-25T19:59:07.631001,0.0,0.0
790,Daraz,275.0,2026-03-25T19:59:07.715979,0.0,0.0
791,Daraz,275.0,2026-03-25T19:59:07.799114,0.0,0.0
792,Daraz,311.0,2026-03-25T19:59:07.870129,0.0,0.0
793,Daraz,332.0,2026-03-25T19:59:07.940478,0.0,0.0
794,Daraz,1100.0,2026-03-25T19:59:08.027848,0.0,0.0
795,Daraz,405.0,2026-03-25T19:59:08.104067,0.0,0.0
796,Daraz,1720.0,2026-03-25T19:59:08.187426,0.0,0.0
797,Daraz,450.0,2026-03-25T19:59:08.270673,0.0,0.0
798,Daraz,1755.0,2026-03-25T19:59:08.354089,0.0,0.0
799,Daraz,480.0,2026-03-25T19:59:08.420695,0.0,0.0
3,Daraz,1850.0,2026-03-25T19:59:08.503776,0.0,0.0
800,Daraz,629.0,2026-03-25T19:59:08.570538,0.0,0.0
583,Daraz,2000.0,2026-03-25T19:59:08.637350,0.0,0.0
801,Daraz,749.0,2026-03-25T19:59:08.720369,0.0,0.0
173,Daraz,2149.0,2026-03-25T19:59:08.820468,0.0,0.0
802,Daraz,749.0,2026-03-25T19:59:08.904007,0.0,0.0
584,Daraz,2200.0,2026-03-25T19:59:08.971605,0.0,0.0
7,Hukut,88000.0,2026-03-25T19:59:09.049870,0.0,0.0
803,Hukut,89999.0,2026-03-25T19:59:09.087534,0.0,0.0
804,Hukut,98000.0,2026-03-25T19:59:09.169461,0.0,0.0
805,Hukut,99000.0,2026-03-25T19:59:09.267475,0.0,0.0
806,Daraz,152500.0,2026-03-25T19:59:09.363260,0.0,0.0
807,Daraz,150.0,2026-03-25T19:59:09.458273,0.0,0.0
808,Daraz,189.0,2026-03-25T19:59:09.537639,0.0,0.0
809,Daraz,370.0,2026-03-25T19:59:09.620743,0.0,0.0
810,Daraz,383.0,2026-03-25T19:59:09.691359,-39.0,-9.24170616113744
810,Daraz,422.0,2026-03-25T19:59:09.764416,39.0,10.182767624020887
804,Hukut,98000.0,2026-03-25T19:59:09.858511,0.0,0.0
776,Daraz,131.0,2026-03-25T19:59:09.936479,0.0,0.0
777,Daraz,131.0,2026-03-25T19:59:10.015835,0.0,0.0
778,Daraz,166.0,2026-03-25T19:59:10.076904,0.0,0.0
779,Daraz,186.0,2026-03-25T19:59:10.145281,0.0,0.0
780,Daraz,186.0,2026-03-25T19:59:10.242293,0.0,0.0
781,Daraz,211.0,2026-03-25T19:59:10.325019,0.0,0.0
782,Daraz,211.0,2026-03-25T19:59:10.402115,0.0,0.0
783,Daraz,223.0,2026-03-25T19:59:10.468519,0.0,0.0
784,Daraz,225.0,2026-03-25T19:59:10.548363,0.0,0.0
785,Daraz,249.0,2026-03-25T19:59:10.625759,0.0,0.0
786,Daraz,249.0,2026-03-25T19:59:10.695909,0.0,0.0
787,Daraz,249.0,2026-03-25T19:59:10.759877,0.0,0.0
788,Daraz,249.0,2026-03-25T19:59:10.844786,0.0,0.0
789,Daraz,259.0,2026-03-25T19:59:10.915878,0.0,0.0
790,Daraz,275.0,2026-03-25T19:59:10.981113,0.0,0.0
791,Daraz,275.0,2026-03-25T19:59:11.049148,0.0,0.0
792,Daraz,311.0,2026-03-25T19:59:11.130315,0.0,0.0
793,Daraz,332.0,2026-03-25T19:59:11.213588,0.0,0.0
794,Daraz,1100.0,2026-03-25T19:59:11.279887,0.0,0.0
795,Daraz,405.0,2026-03-25T19:59:11.357815,0.0,0.0
796,Daraz,1720.0,2026-03-25T19:59:11.424297,0.0,0.0
797,Daraz,450.0,2026-03-25T19:59:11.513316,0.0,0.0
798,Daraz,1755.0,2026-03-25T19:59:11.579744,0.0,0.0
799,Daraz,480.0,2026-03-25T19:59:11.662983,0.0,0.0
3,Daraz,1850.0,2026-03-25T19:59:11.745005,0.0,0.0
800,Daraz,629.0,2026-03-25T19:59:11.813308,0.0,0.0
583,Daraz,2000.0,2026-03-25T19:59:11.874746,0.0,0.0
801,Daraz,749.0,2026-03-25T19:59:11.955072,0.0,0.0
173,Daraz,2149.0,2026-03-25T19:59:12.028454,0.0,0.0
802,Daraz,749.0,2026-03-25T19:59:12.110316,0.0,0.0
584,Daraz,2200.0,2026-03-25T19:59:12.193365,0.0,0.0
7,Hukut,88000.0,2026-03-25T19:59:12.262366,0.0,0.0
803,Hukut,89999.0,2026-03-25T19:59:12.310470,0.0,0.0
804,Hukut,98000.0,2026-03-25T19:59:12.399818,0.0,0.0
805,Hukut,99000.0,2026-03-25T19:59:12.479362,0.0,0.0
806,Daraz,152500.0,2026-03-25T19:59:12.545800,0.0,0.0
807,Daraz,150.0,2026-03-25T19:59:12.609990,0.0,0.0
808,Daraz,189.0,2026-03-25T19:59:12.688856,0.0,0.0
809,Daraz,370.0,2026-03-25T19:59:12.753422,0.0,0.0
810,Daraz,383.0,2026-03-25T19:59:12.821098,-39.0,-9.24170616113744
810,Daraz,422.0,2026-03-25T19:59:12.900400,39.0,10.182767624020887
805,Hukut,99000.0,2026-03-25T19:59:12.979677,0.0,0.0
776,Daraz,131.0,2026-03-25T19:59:13.074545,0.0,0.0
777,Daraz,131.0,2026-03-25T19:59:13.159996,0.0,0.0
778,Daraz,166.0,2026-03-25T19:59:13.237610,0.0,0.0
779,Daraz,186.0,2026-03-25T19:59:13.322535,0.0,0.0
780,Daraz,186.0,2026-03-25T19:59:13.380575,0.0,0.0
781,Daraz,211.0,2026-03-25T19:59:13.446752,0.0,0.0
782,Daraz,211.0,2026-03-25T19:59:13.512398,0.0,0.0
783,Daraz,223.0,2026-03-25T19:59:13.579356,0.0,0.0
784,Daraz,225.0,2026-03-25T19:59:13.651681,0.0,0.0
785,Daraz,249.0,2026-03-25T19:59:13.715648,0.0,0.0
786,Daraz,249.0,2026-03-25T19:59:13.763319,0.0,0.0
787,Daraz,249.0,2026-03-25T19:59:13.845315,0.0,0.0
788,Daraz,249.0,2026-03-25T19:59:13.894677,0.0,0.0
789,Daraz,259.0,2026-03-25T19:59:13.963943,0.0,0.0
790,Daraz,275.0,2026-03-25T19:59:14.030292,0.0,0.0
791,Daraz,275.0,2026-03-25T19:59:14.108131,0.0,0.0
792,Daraz,311.0,2026-03-25T19:59:14.174373,0.0,0.0
793,Daraz,332.0,2026-03-25T19:59:14.245867,0.0,0.0
794,Daraz,1100.0,2026-03-25T19:59:14.311935,0.0,0.0
795,Daraz,405.0,2026-03-25T19:59:14.397158,0.0,0.0
796,Daraz,1720.0,2026-03-25T19:59:14.465112,0.0,0.0
797,Daraz,450.0,2026-03-25T19:59:14.547235,0.0,0.0
798,Daraz,1755.0,2026-03-25T19:59:14.630928,0.0,0.0
799,Daraz,480.0,2026-03-25T19:59:14.714492,0.0,0.0
3,Daraz,1850.0,2026-03-25T19:59:14.781384,0.0,0.0
800,Daraz,629.0,2026-03-25T19:59:14.847752,0.0,0.0
583,Daraz,2000.0,2026-03-25T19:59:14.915447,0.0,0.0
801,Daraz,749.0,2026-03-25T19:59:14.997353,0.0,0.0
173,Daraz,2149.0,2026-03-25T19:59:15.064475,0.0,0.0
802,Daraz,749.0,2026-03-25T19:59:15.129271,0.0,0.0
584,Daraz,2200.0,2026-03-25T19:59:15.180422,0.0,0.0
7,Hukut,88000.0,2026-03-25T19:59:15.246906,0.0,0.0
803,Hukut,89999.0,2026-03-25T19:59:15.296995,0.0,0.0
804,Hukut,98000.0,2026-03-25T19:59:15.360492,0.0,0.0
805,Hukut,99000.0,2026-03-25T19:59:15.430632,0.0,0.0
806,Daraz,152500.0,2026-03-25T19:59:15.502029,0.0,0.0
807,Daraz,150.0,2026-03-25T19:59:15.580148,0.0,0.0
808,Daraz,189.0,2026-03-25T19:59:15.636990,0.0,0.0
809,Daraz,370.0,2026-03-25T19:59:15.710048,0.0,0.0
810,Daraz,383.0,2026-03-25T19:59:15.776548,-39.0,-9.24170616113744
810,Daraz,422.0,2026-03-25T19:59:15.829253,39.0,10.182767624020887
806,Daraz,152500.0,2026-03-25T19:59:15.912776,0.0,0.0
776,Daraz,131.0,2026-03-25T19:59:15.993757,0.0,0.0
777,Daraz,131.0,2026-03-25T19:59:16.063619,0.0,0.0
778,Daraz,166.0,2026-03-25T19:59:16.130274,0.0,0.0
779,Daraz,186.0,2026-03-25T19:59:16.180156,0.0,0.0
780,Daraz,186.0,2026-03-25T19:59:16.246637,0.0,0.0
781,Daraz,211.0,2026-03-25T19:59:16.313101,0.0,0.0
782,Daraz,211.0,2026-03-25T19:59:16.394051,0.0,0.0
783,Daraz,223.0,2026-03-25T19:59:16.445856,0.0,0.0
784,Daraz,225.0,2026-03-25T19:59:16.524355,0.0,0.0
785,Daraz,249.0,2026-03-25T19:59:16.590417,0.0,0.0
786,Daraz,249.0,2026-03-25T19:59:16.659031,0.0,0.0
787,Daraz,249.0,2026-03-25T19:59:16.746050,0.0,0.0
788,Daraz,249.0,2026-03-25T19:59:16.826189,0.0,0.0
789,Daraz,259.0,2026-03-25T19:59:16.895930,0.0,0.0
790,Daraz,275.0,2026-03-25T19:59:16.962341,0.0,0.0
791,Daraz,275.0,2026-03-25T19:59:17.029593,0.0,0.0
792,Daraz,311.0,2026-03-25T19:59:17.096196,0.0,0.0
793,Daraz,332.0,2026-03-25T19:59:17.183685,0.0,0.0
794,Daraz,1100.0,2026-03-25T19:59:17.250519,0.0,0.0
795,Daraz,405.0,2026-03-25T19:59:17.365467,0.0,0.0
796,Daraz,1720.0,2026-03-25T19:59:17.445559,0.0,0.0
797,Daraz,450.0,2026-03-25T19:59:17.495613,0.0,0.0
798,Daraz,1755.0,2026-03-25T19:59:17.579226,0.0,0.0
799,Daraz,480.0,2026-03-25T19:59:17.661183,0.0,0.0
3,Daraz,1850.0,2026-03-25T19:59:17.729049,0.0,0.0
800,Daraz,629.0,2026-03-25T19:59:17.795856,0.0,0.0
583,Daraz,2000.0,2026-03-25T19:59:17.862528,0.0,0.0
801,Daraz,749.0,2026-03-25T19:59:17.911345,0.0,0.0
173,Daraz,2149.0,2026-03-25T19:59:17.995227,0.0,0.0
802,Daraz,749.0,2026-03-25T19:59:18.063055,0.0,0.0
584,Daraz,2200.0,2026-03-25T19:59:18.128718,0.0,0.0
7,Hukut,88000.0,2026-03-25T19:59:18.195627,0.0,0.0
803,Hukut,89999.0,2026-03-25T19:59:18.245856,0.0,0.0
804,Hukut,98000.0,2026-03-25T19:59:18.295929,0.0,0.0
805,Hukut,99000.0,2026-03-25T19:59:18.371169,0.0,0.0
806,Daraz,152500.0,2026-03-25T19:59:18.445866,0.0,0.0
807,Daraz,150.0,2026-03-25T19:59:18.495124,0.0,0.0
808,Daraz,189.0,2026-03-25T19:59:18.574178,0.0,0.0
809,Daraz,370.0,2026-03-25T19:59:18.628336,0.0,0.0
810,Daraz,383.0,2026-03-25T19:59:18.706378,-39.0,-9.24170616113744
810,Daraz,422.0,2026-03-25T19:59:18.777702,39.0,10.182767624020887
807,Daraz,150.0,2026-03-25T19:59:18.861383,0.0,0.0
776,Daraz,131.0,2026-03-25T19:59:18.923948,0.0,0.0
777,Daraz,131.0,2026-03-25T19:59:19.001535,0.0,0.0
778,Daraz,166.0,2026-03-25T19:59:19.077160,0.0,0.0
779,Daraz,186.0,2026-03-25T19:59:19.127603,0.0,0.0
780,Daraz,186.0,2026-03-25T19:59:19.194140,0.0,0.0
781,Daraz,211.0,2026-03-25T19:59:19.269179,0.0,0.0
782,Daraz,211.0,2026-03-25T19:59:19.346100,0.0,0.0
783,Daraz,223.0,2026-03-25T19:59:19.410949,0.0,0.0
784,Daraz,225.0,2026-03-25T19:59:19.494011,0.0,0.0
785,Daraz,249.0,2026-03-25T19:59:19.559927,0.0,0.0
786,Daraz,249.0,2026-03-25T19:59:19.643143,0.0,0.0
787,Daraz,249.0,2026-03-25T19:59:19.725882,0.0,0.0
788,Daraz,249.0,2026-03-25T19:59:19.810040,0.0,0.0
789,Daraz,259.0,2026-03-25T19:59:19.909518,0.0,0.0
790,Daraz,275.0,2026-03-25T19:59:19.976286,0.0,0.0
791,Daraz,275.0,2026-03-25T19:59:20.042907,0.0,0.0
792,Daraz,311.0,2026-03-25T19:59:20.111267,0.0,0.0
793,Daraz,332.0,2026-03-25T19:59:20.178988,0.0,0.0
794,Daraz,1100.0,2026-03-25T19:59:20.250911,0.0,0.0
795,Daraz,405.0,2026-03-25T19:59:20.331736,0.0,0.0
796,Daraz,1720.0,2026-03-25T19:59:20.405122,0.0,0.0
797,Daraz,450.0,2026-03-25T19:59:20.508400,0.0,0.0
798,Daraz,1755.0,2026-03-25T19:59:20.581677,0.0,0.0
799,Daraz,480.0,2026-03-25T19:59:20.665069,0.0,0.0
3,Daraz,1850.0,2026-03-25T19:59:20.748813,0.0,0.0
800,Daraz,629.0,2026-03-25T19:59:20.827993,0.0,0.0
583,Daraz,2000.0,2026-03-25T19:59:20.898601,0.0,0.0
801,Daraz,749.0,2026-03-25T19:59:20.981733,0.0,0.0
173,Daraz,2149.0,2026-03-25T19:59:21.065334,0.0,0.0
802,Daraz,749.0,2026-03-25T19:59:21.148232,0.0,0.0
584,Daraz,2200.0,2026-03-25T19:59:21.231349,0.0,0.0
7,Hukut,88000.0,2026-03-25T19:59:21.310442,0.0,0.0
803,Hukut,89999.0,2026-03-25T19:59:21.348858,0.0,0.0
804,Hukut,98000.0,2026-03-25T19:59:21.444502,0.0,0.0
805,Hukut,99000.0,2026-03-25T19:59:21.523249,0.0,0.0
806,Daraz,152500.0,2026-03-25T19:59:21.593067,0.0,0.0
807,Daraz,150.0,2026-03-25T19:59:21.666032,0.0,0.0
808,Daraz,189.0,2026-03-25T19:59:21.731996,0.0,0.0
809,Daraz,370.0,2026-03-25T19:59:21.827151,0.0,0.0
810,Daraz,383.0,2026-03-25T19:59:21.913535,-39.0,-9.24170616113744
810,Daraz,422.0,2026-03-25T19:59:21.985259,39.0,10.182767624020887
808,Daraz,189.0,2026-03-25T19:59:22.068254,0.0,0.0
776,Daraz,131.0,2026-03-25T19:59:22.135027,0.0,0.0
777,Daraz,131.0,2026-03-25T19:59:22.218274,0.0,0.0
778,Daraz,166.0,2026-03-25T19:59:22.294951,0.0,0.0
779,Daraz,186.0,2026-03-25T19:59:22.356082,0.0,0.0
780,Daraz,186.0,2026-03-25T19:59:22.441770,0.0,0.0
781,Daraz,211.0,2026-03-25T19:59:22.528711,0.0,0.0
782,Daraz,211.0,2026-03-25T19:59:22.609003,0.0,0.0
783,Daraz,223.0,2026-03-25T19:59:22.680556,0.0,0.0
784,Daraz,225.0,2026-03-25T19:59:22.757376,0.0,0.0
785,Daraz,249.0,2026-03-25T19:59:22.838156,0.0,0.0
786,Daraz,249.0,2026-03-25T19:59:22.921527,0.0,0.0
787,Daraz,249.0,2026-03-25T19:59:22.993615,0.0,0.0
788,Daraz,249.0,2026-03-25T19:59:23.066850,0.0,0.0
789,Daraz,259.0,2026-03-25T19:59:23.141640,0.0,0.0
790,Daraz,275.0,2026-03-25T19:59:23.218614,0.0,0.0
791,Daraz,275.0,2026-03-25T19:59:23.314403,0.0,0.0
792,Daraz,311.0,2026-03-25T19:59:23.384623,0.0,0.0
793,Daraz,332.0,2026-03-25T19:59:23.451307,0.0,0.0
794,Daraz,1100.0,2026-03-25T19:59:23.550426,0.0,0.0
795,Daraz,405.0,2026-03-25T19:59:23.617554,0.0,0.0
796,Daraz,1720.0,2026-03-25T19:59:23.717977,0.0,0.0
797,Daraz,450.0,2026-03-25T19:59:23.816717,0.0,0.0
798,Daraz,1755.0,2026-03-25T19:59:23.884885,0.0,0.0
799,Daraz,480.0,2026-03-25T19:59:23.984426,0.0,0.0
3,Daraz,1850.0,2026-03-25T19:59:24.117889,0.0,0.0
800,Daraz,629.0,2026-03-25T19:59:24.201066,0.0,0.0
583,Daraz,2000.0,2026-03-25T19:59:24.286182,0.0,0.0
801,Daraz,749.0,2026-03-25T19:59:24.367018,0.0,0.0
173,Daraz,2149.0,2026-03-25T19:59:24.467362,0.0,0.0
802,Daraz,749.0,2026-03-25T19:59:24.546694,0.0,0.0
584,Daraz,2200.0,2026-03-25T19:59:24.633909,0.0,0.0
7,Hukut,88000.0,2026-03-25T19:59:24.734007,0.0,0.0
803,Hukut,89999.0,2026-03-25T19:59:24.807452,0.0,0.0
804,Hukut,98000.0,2026-03-25T19:59:24.888681,0.0,0.0
805,Hukut,99000.0,2026-03-25T19:59:24.966035,0.0,0.0
806,Daraz,152500.0,2026-03-25T19:59:25.051673,0.0,0.0
807,Daraz,150.0,2026-03-25T19:59:25.122192,0.0,0.0
808,Daraz,189.0,2026-03-25T19:59:25.185206,0.0,0.0
809,Daraz,370.0,2026-03-25T19:59:25.249026,0.0,0.0
810,Daraz,383.0,2026-03-25T19:59:25.327531,-39.0,-9.24170616113744
810,Daraz,422.0,2026-03-25T19:59:25.406224,39.0,10.182767624020887
809,Daraz,370.0,2026-03-25T19:59:25.523015,0.0,0.0
776,Daraz,131.0,2026-03-25T19:59:25.648600,0.0,0.0
777,Daraz,131.0,2026-03-25T19:59:25.718257,0.0,0.0
778,Daraz,166.0,2026-03-25T19:59:25.824507,0.0,0.0
779,Daraz,186.0,2026-03-25T19:59:25.942506,0.0,0.0
780,Daraz,186.0,2026-03-25T19:59:26.020350,0.0,0.0
781,Daraz,211.0,2026-03-25T19:59:26.089524,0.0,0.0
782,Daraz,211.0,2026-03-25T19:59:26.153411,0.0,0.0
783,Daraz,223.0,2026-03-25T19:59:26.253287,0.0,0.0
784,Daraz,225.0,2026-03-25T19:59:26.364867,0.0,0.0
785,Daraz,249.0,2026-03-25T19:59:26.443535,0.0,0.0
786,Daraz,249.0,2026-03-25T19:59:26.540465,0.0,0.0
787,Daraz,249.0,2026-03-25T19:59:26.668745,0.0,0.0
788,Daraz,249.0,2026-03-25T19:59:26.766923,0.0,0.0
789,Daraz,259.0,2026-03-25T19:59:26.858060,0.0,0.0
790,Daraz,275.0,2026-03-25T19:59:26.980151,0.0,0.0
791,Daraz,275.0,2026-03-25T19:59:27.073336,0.0,0.0
792,Daraz,311.0,2026-03-25T19:59:27.139695,0.0,0.0
793,Daraz,332.0,2026-03-25T19:59:27.262763,0.0,0.0
794,Daraz,1100.0,2026-03-25T19:59:27.359222,0.0,0.0
795,Daraz,405.0,2026-03-25T19:59:27.425575,0.0,0.0
796,Daraz,1720.0,2026-03-25T19:59:27.527463,0.0,0.0
797,Daraz,450.0,2026-03-25T19:59:27.596047,0.0,0.0
798,Daraz,1755.0,2026-03-25T19:59:27.656758,0.0,0.0
799,Daraz,480.0,2026-03-25T19:59:27.756702,0.0,0.0
3,Daraz,1850.0,2026-03-25T19:59:27.852972,0.0,0.0
800,Daraz,629.0,2026-03-25T19:59:27.958477,0.0,0.0
583,Daraz,2000.0,2026-03-25T19:59:28.029069,0.0,0.0
801,Daraz,749.0,2026-03-25T19:59:28.111889,0.0,0.0
173,Daraz,2149.0,2026-03-25T19:59:28.211517,0.0,0.0
802,Daraz,749.0,2026-03-25T19:59:28.322573,0.0,0.0
584,Daraz,2200.0,2026-03-25T19:59:28.431284,0.0,0.0
7,Hukut,88000.0,2026-03-25T19:59:28.513649,0.0,0.0
803,Hukut,89999.0,2026-03-25T19:59:28.563090,0.0,0.0
804,Hukut,98000.0,2026-03-25T19:59:28.647544,0.0,0.0
805,Hukut,99000.0,2026-03-25T19:59:28.711756,0.0,0.0
806,Daraz,152500.0,2026-03-25T19:59:28.801204,0.0,0.0
807,Daraz,150.0,2026-03-25T19:59:28.895221,0.0,0.0
808,Daraz,189.0,2026-03-25T19:59:29.006150,0.0,0.0
809,Daraz,370.0,2026-03-25T19:59:29.095109,0.0,0.0
810,Daraz,383.0,2026-03-25T19:59:29.195733,-39.0,-9.24170616113744
810,Daraz,422.0,2026-03-25T19:59:29.279552,39.0,10.182767624020887
810,Daraz,383.0,2026-03-25T19:59:29.359557,-39.0,-9.24170616113744
776,Daraz,131.0,2026-03-25T19:59:29.429788,0.0,0.0
777,Daraz,131.0,2026-03-25T19:59:29.545870,0.0,0.0
778,Daraz,166.0,2026-03-25T19:59:29.645820,0.0,0.0
779,Daraz,186.0,2026-03-25T19:59:29.728811,0.0,0.0
780,Daraz,186.0,2026-03-25T19:59:29.817573,0.0,0.0
781,Daraz,211.0,2026-03-25T19:59:29.895141,0.0,0.0
782,Daraz,211.0,2026-03-25T19:59:29.978407,0.0,0.0
783,Daraz,223.0,2026-03-25T19:59:30.093344,0.0,0.0
784,Daraz,225.0,2026-03-25T19:59:30.173015,0.0,0.0
785,Daraz,249.0,2026-03-25T19:59:30.272642,0.0,0.0
786,Daraz,249.0,2026-03-25T19:59:30.345377,0.0,0.0
787,Daraz,249.0,2026-03-25T19:59:30.421232,0.0,0.0
788,Daraz,249.0,2026-03-25T19:59:30.521603,0.0,0.0
789,Daraz,259.0,2026-03-25T19:59:30.645608,0.0,0.0
790,Daraz,275.0,2026-03-25T19:59:30.781328,0.0,0.0
791,Daraz,275.0,2026-03-25T19:59:30.877956,0.0,0.0
792,Daraz,311.0,2026-03-25T19:59:30.940828,0.0,0.0
793,Daraz,332.0,2026-03-25T19:59:31.028321,0.0,0.0
794,Daraz,1100.0,2026-03-25T19:59:31.104496,0.0,0.0
795,Daraz,405.0,2026-03-25T19:59:31.200232,0.0,0.0
796,Daraz,1720.0,2026-03-25T19:59:31.327691,0.0,0.0
797,Daraz,450.0,2026-03-25T19:59:31.409390,0.0,0.0
798,Daraz,1755.0,2026-03-25T19:59:31.526516,0.0,0.0
799,Daraz,480.0,2026-03-25T19:59:31.625429,0.0,0.0
3,Daraz,1850.0,2026-03-25T19:59:31.715911,0.0,0.0
800,Daraz,629.0,2026-03-25T19:59:31.801624,0.0,0.0
583,Daraz,2000.0,2026-03-25T19:59:31.908451,0.0,0.0
801,Daraz,749.0,2026-03-25T19:59:31.998693,0.0,0.0
173,Daraz,2149.0,2026-03-25T19:59:32.069252,0.0,0.0
802,Daraz,749.0,2026-03-25T19:59:32.163018,0.0,0.0
584,Daraz,2200.0,2026-03-25T19:59:32.271010,0.0,0.0
7,Hukut,88000.0,2026-03-25T19:59:32.351320,0.0,0.0
803,Hukut,89999.0,2026-03-25T19:59:32.410963,0.0,0.0
804,Hukut,98000.0,2026-03-25T19:59:32.473473,0.0,0.0
805,Hukut,99000.0,2026-03-25T19:59:32.559339,0.0,0.0
806,Daraz,152500.0,2026-03-25T19:59:32.652841,0.0,0.0
807,Daraz,150.0,2026-03-25T19:59:32.767392,0.0,0.0
808,Daraz,189.0,2026-03-25T19:59:32.856315,0.0,0.0
809,Daraz,370.0,2026-03-25T19:59:32.961822,0.0,0.0
810,Daraz,383.0,2026-03-25T19:59:33.060134,0.0,0.0
810,Daraz,422.0,2026-03-25T19:59:33.138763,39.0,10.182767624020887
810,Daraz,422.0,2026-03-25T19:59:33.266709,0.0,0.0
776,Daraz,131.0,2026-03-25T19:59:33.389723,0.0,0.0
777,Daraz,131.0,2026-03-25T19:59:33.481030,0.0,0.0
778,Daraz,166.0,2026-03-25T19:59:33.585813,0.0,0.0
779,Daraz,186.0,2026-03-25T19:59:33.654490,0.0,0.0
780,Daraz,186.0,2026-03-25T19:59:33.762611,0.0,0.0
781,Daraz,211.0,2026-03-25T19:59:33.841124,0.0,0.0
782,Daraz,211.0,2026-03-25T19:59:33.923230,0.0,0.0
783,Daraz,223.0,2026-03-25T19:59:34.039386,0.0,0.0
784,Daraz,225.0,2026-03-25T19:59:34.172508,0.0,0.0
785,Daraz,249.0,2026-03-25T19:59:34.281257,0.0,0.0
786,Daraz,249.0,2026-03-25T19:59:34.388275,0.0,0.0
787,Daraz,249.0,2026-03-25T19:59:34.462923,0.0,0.0
788,Daraz,249.0,2026-03-25T19:59:34.575911,0.0,0.0
789,Daraz,259.0,2026-03-25T19:59:34.678479,0.0,0.0
790,Daraz,275.0,2026-03-25T19:59:34.798269,0.0,0.0
791,Daraz,275.0,2026-03-25T19:59:34.883539,0.0,0.0
792,Daraz,311.0,2026-03-25T19:59:34.962646,0.0,0.0
793,Daraz,332.0,2026-03-25T19:59:35.079219,0.0,0.0
794,Daraz,1100.0,2026-03-25T19:59:35.178537,0.0,0.0
795,Daraz,405.0,2026-03-25T19:59:35.277095,0.0,0.0
796,Daraz,1720.0,2026-03-25T19:59:35.366172,0.0,0.0
797,Daraz,450.0,2026-03-25T19:59:35.450489,0.0,0.0
798,Daraz,1755.0,2026-03-25T19:59:35.549242,0.0,0.0
799,Daraz,480.0,2026-03-25T19:59:35.648976,0.0,0.0
3,Daraz,1850.0,2026-03-25T19:59:35.745989,0.0,0.0
800,Daraz,629.0,2026-03-25T19:59:35.826642,0.0,0.0
583,Daraz,2000.0,2026-03-25T19:59:35.925624,0.0,0.0
801,Daraz,749.0,2026-03-25T19:59:36.024582,0.0,0.0
173,Daraz,2149.0,2026-03-25T19:59:36.141082,0.0,0.0
802,Daraz,749.0,2026-03-25T19:59:36.238260,0.0,0.0
584,Daraz,2200.0,2026-03-25T19:59:36.310658,0.0,0.0
7,Hukut,88000.0,2026-03-25T19:59:36.415647,0.0,0.0
803,Hukut,89999.0,2026-03-25T19:59:36.481362,0.0,0.0
804,Hukut,98000.0,2026-03-25T19:59:36.568702,0.0,0.0
805,Hukut,99000.0,2026-03-25T19:59:36.659202,0.0,0.0
806,Daraz,152500.0,2026-03-25T19:59:36.763343,0.0,0.0
807,Daraz,150.0,2026-03-25T19:59:36.850955,0.0,0.0
808,Daraz,189.0,2026-03-25T19:59:36.943015,0.0,0.0
809,Daraz,370.0,2026-03-25T19:59:37.048828,0.0,0.0
810,Daraz,383.0,2026-03-25T19:59:37.170923,-39.0,-9.24170616113744
810,Daraz,422.0,2026-03-25T19:59:37.278786,39.0,10.182767624020887
776,Daraz,131.0,2026-03-25T19:59:37.497576,0.0,0.0
777,Daraz,131.0,2026-03-25T19:59:37.559234,0.0,0.0
778,Daraz,166.0,2026-03-25T19:59:37.638044,0.0,0.0
779,Daraz,186.0,2026-03-25T19:59:37.686276,0.0,0.0
780,Daraz,186.0,2026-03-25T19:59:37.794480,0.0,0.0
781,Daraz,211.0,2026-03-25T19:59:37.888585,0.0,0.0
782,Daraz,211.0,2026-03-25T19:59:37.966846,0.0,0.0
783,Daraz,223.0,2026-03-25T19:59:38.097877,0.0,0.0
784,Daraz,225.0,2026-03-25T19:59:38.215521,0.0,0.0
785,Daraz,249.0,2026-03-25T19:59:38.313528,0.0,0.0
786,Daraz,249.0,2026-03-25T19:59:38.441551,0.0,0.0
787,Daraz,249.0,2026-03-25T19:59:38.596039,0.0,0.0
788,Daraz,249.0,2026-03-25T19:59:38.723949,0.0,0.0
789,Daraz,259.0,2026-03-25T19:59:38.851785,0.0,0.0
790,Daraz,275.0,2026-03-25T19:59:38.931348,0.0,0.0
791,Daraz,275.0,2026-03-25T19:59:39.017024,0.0,0.0
792,Daraz,311.0,2026-03-25T19:59:39.142959,0.0,0.0
793,Daraz,332.0,2026-03-25T19:59:39.284258,0.0,0.0
794,Daraz,1100.0,2026-03-25T19:59:39.416315,0.0,0.0
795,Daraz,405.0,2026-03-25T19:59:39.522779,0.0,0.0
796,Daraz,1720.0,2026-03-25T19:59:39.663518,0.0,0.0
797,Daraz,450.0,2026-03-25T19:59:39.786452,0.0,0.0
798,Daraz,1755.0,2026-03-25T19:59:39.872324,0.0,0.0
799,Daraz,480.0,2026-03-25T19:59:39.962863,0.0,0.0
3,Daraz,1850.0,2026-03-25T19:59:40.090981,0.0,0.0
800,Daraz,629.0,2026-03-25T19:59:40.195232,0.0,0.0
583,Daraz,2000.0,2026-03-25T19:59:40.321400,0.0,0.0
801,Daraz,749.0,2026-03-25T19:59:40.405541,0.0,0.0
173,Daraz,2149.0,2026-03-25T19:59:40.497041,0.0,0.0
802,Daraz,749.0,2026-03-25T19:59:40.606182,0.0,0.0
584,Daraz,2200.0,2026-03-25T19:59:40.732192,0.0,0.0
7,Hukut,88000.0,2026-03-25T19:59:40.840407,0.0,0.0
803,Hukut,89999.0,2026-03-25T19:59:40.918179,0.0,0.0
804,Hukut,98000.0,2026-03-25T19:59:41.008703,0.0,0.0
805,Hukut,99000.0,2026-03-25T19:59:41.100774,0.0,0.0
806,Daraz,152500.0,2026-03-25T19:59:41.233862,0.0,0.0
807,Daraz,150.0,2026-03-25T19:59:41.293914,0.0,0.0
808,Daraz,189.0,2026-03-25T19:59:41.371786,0.0,0.0
809,Daraz,370.0,2026-03-25T19:59:41.512749,0.0,0.0
810,Daraz,383.0,2026-03-25T19:59:41.653828,-39.0,-9.24170616113744
810,Daraz,422.0,2026-03-25T19:59:41.793732,39.0,10.182767624020887
776,Daraz,131.0,2026-03-25T19:59:42.037835,0.0,0.0
777,Daraz,131.0,2026-03-25T19:59:42.142829,0.0,0.0
778,Daraz,166.0,2026-03-25T19:59:42.257512,0.0,0.0
779,Daraz,186.0,2026-03-25T19:59:42.349793,0.0,0.0
780,Daraz,186.0,2026-03-25T19:59:42.435127,0.0,0.0
781,Daraz,211.0,2026-03-25T19:59:42.509003,0.0,0.0
782,Daraz,211.0,2026-03-25T19:59:42.606683,0.0,0.0
783,Daraz,223.0,2026-03-25T19:59:42.733447,0.0,0.0
784,Daraz,225.0,2026-03-25T19:59:42.856922,0.0,0.0
785,Daraz,249.0,2026-03-25T19:59:42.995932,0.0,0.0
786,Daraz,249.0,2026-03-25T19:59:43.094821,0.0,0.0
787,Daraz,249.0,2026-03-25T19:59:43.194830,0.0,0.0
788,Daraz,249.0,2026-03-25T19:59:43.329606,0.0,0.0
789,Daraz,259.0,2026-03-25T19:59:43.450389,0.0,0.0
790,Daraz,275.0,2026-03-25T19:59:43.532435,0.0,0.0
791,Daraz,275.0,2026-03-25T19:59:43.627795,0.0,0.0
792,Daraz,311.0,2026-03-25T19:59:43.744831,0.0,0.0
793,Daraz,332.0,2026-03-25T19:59:43.860511,0.0,0.0
794,Daraz,1100.0,2026-03-25T19:59:43.926761,0.0,0.0
795,Daraz,405.0,2026-03-25T19:59:44.006893,0.0,0.0
796,Daraz,1720.0,2026-03-25T19:59:44.096518,0.0,0.0
797,Daraz,450.0,2026-03-25T19:59:44.153920,0.0,0.0
798,Daraz,1755.0,2026-03-25T19:59:44.247473,0.0,0.0
799,Daraz,480.0,2026-03-25T19:59:44.372703,0.0,0.0
3,Daraz,1850.0,2026-03-25T19:59:44.482042,0.0,0.0
800,Daraz,629.0,2026-03-25T19:59:44.560598,0.0,0.0
583,Daraz,2000.0,2026-03-25T19:59:44.635596,0.0,0.0
801,Daraz,749.0,2026-03-25T19:59:44.716629,0.0,0.0
173,Daraz,2149.0,2026-03-25T19:59:44.781515,0.0,0.0
802,Daraz,749.0,2026-03-25T19:59:44.856620,0.0,0.0
584,Daraz,2200.0,2026-03-25T19:59:44.943357,0.0,0.0
7,Hukut,88000.0,2026-03-25T19:59:45.045971,0.0,0.0
803,Hukut,89999.0,2026-03-25T19:59:45.130315,0.0,0.0
804,Hukut,98000.0,2026-03-25T19:59:45.213940,0.0,0.0
805,Hukut,99000.0,2026-03-25T19:59:45.302691,0.0,0.0
806,Daraz,152500.0,2026-03-25T19:59:45.362600,0.0,0.0
807,Daraz,150.0,2026-03-25T19:59:45.434945,0.0,0.0
808,Daraz,189.0,2026-03-25T19:59:45.529599,0.0,0.0
809,Daraz,370.0,2026-03-25T19:59:45.622340,0.0,0.0
810,Daraz,383.0,2026-03-25T19:59:45.697330,-39.0,-9.24170616113744
810,Daraz,422.0,2026-03-25T19:59:45.801022,39.0,10.182767624020887
776,Daraz,131.0,2026-03-25T19:59:45.933350,0.0,0.0
777,Daraz,131.0,2026-03-25T19:59:45.991011,0.0,0.0
778,Daraz,166.0,2026-03-25T19:59:46.081922,0.0,0.0
779,Daraz,186.0,2026-03-25T19:59:46.151379,0.0,0.0
780,Daraz,186.0,2026-03-25T19:59:46.208979,0.0,0.0
781,Daraz,211.0,2026-03-25T19:59:46.272199,0.0,0.0
782,Daraz,211.0,2026-03-25T19:59:46.361250,0.0,0.0
783,Daraz,223.0,2026-03-25T19:59:46.437553,0.0,0.0
784,Daraz,225.0,2026-03-25T19:59:46.503885,0.0,0.0
785,Daraz,249.0,2026-03-25T19:59:46.577764,0.0,0.0
786,Daraz,249.0,2026-03-25T19:59:46.658400,0.0,0.0
787,Daraz,249.0,2026-03-25T19:59:46.770563,0.0,0.0
788,Daraz,249.0,2026-03-25T19:59:46.877937,0.0,0.0
789,Daraz,259.0,2026-03-25T19:59:46.991863,0.0,0.0
790,Daraz,275.0,2026-03-25T19:59:47.075274,0.0,0.0
791,Daraz,275.0,2026-03-25T19:59:47.141883,0.0,0.0
792,Daraz,311.0,2026-03-25T19:59:47.241267,0.0,0.0
793,Daraz,332.0,2026-03-25T19:59:47.349224,0.0,0.0
794,Daraz,1100.0,2026-03-25T19:59:47.473846,0.0,0.0
795,Daraz,405.0,2026-03-25T19:59:47.551288,0.0,0.0
796,Daraz,1720.0,2026-03-25T19:59:47.657636,0.0,0.0
797,Daraz,450.0,2026-03-25T19:59:47.757156,0.0,0.0
798,Daraz,1755.0,2026-03-25T19:59:47.890768,0.0,0.0
799,Daraz,480.0,2026-03-25T19:59:48.023977,0.0,0.0
3,Daraz,1850.0,2026-03-25T19:59:48.109425,0.0,0.0
800,Daraz,629.0,2026-03-25T19:59:48.232886,0.0,0.0
583,Daraz,2000.0,2026-03-25T19:59:48.341922,0.0,0.0
801,Daraz,749.0,2026-03-25T19:59:48.434615,0.0,0.0
173,Daraz,2149.0,2026-03-25T19:59:48.544262,0.0,0.0
802,Daraz,749.0,2026-03-25T19:59:48.644714,0.0,0.0
584,Daraz,2200.0,2026-03-25T19:59:48.742278,0.0,0.0
7,Hukut,88000.0,2026-03-25T19:59:48.835964,0.0,0.0
803,Hukut,89999.0,2026-03-25T19:59:48.925795,0.0,0.0
804,Hukut,98000.0,2026-03-25T19:59:49.033110,0.0,0.0
805,Hukut,99000.0,2026-03-25T19:59:49.154780,0.0,0.0
806,Daraz,152500.0,2026-03-25T19:59:49.286392,0.0,0.0
807,Daraz,150.0,2026-03-25T19:59:49.418809,0.0,0.0
808,Daraz,189.0,2026-03-25T19:59:49.514247,0.0,0.0
809,Daraz,370.0,2026-03-25T19:59:49.642576,0.0,0.0
810,Daraz,383.0,2026-03-25T19:59:49.746031,-39.0,-9.24170616113744
810,Daraz,422.0,2026-03-25T19:59:49.840179,39.0,10.182767624020887
806,Daraz,152500.0,2026-03-25T19:59:49.931814,0.0,0.0
776,Daraz,131.0,2026-03-25T19:59:50.034206,0.0,0.0
777,Daraz,131.0,2026-03-25T19:59:50.133747,0.0,0.0
778,Daraz,166.0,2026-03-25T19:59:50.274340,0.0,0.0
779,Daraz,186.0,2026-03-25T19:59:50.388050,0.0,0.0
780,Daraz,186.0,2026-03-25T19:59:50.518977,0.0,0.0
781,Daraz,211.0,2026-03-25T19:59:50.629558,0.0,0.0
782,Daraz,211.0,2026-03-25T19:59:50.754310,0.0,0.0
783,Daraz,223.0,2026-03-25T19:59:50.859777,0.0,0.0
784,Daraz,225.0,2026-03-25T19:59:50.966662,0.0,0.0
785,Daraz,249.0,2026-03-25T19:59:51.054954,0.0,0.0
786,Daraz,249.0,2026-03-25T19:59:51.156408,0.0,0.0
787,Daraz,249.0,2026-03-25T19:59:51.254370,0.0,0.0
788,Daraz,249.0,2026-03-25T19:59:51.371997,0.0,0.0
789,Daraz,259.0,2026-03-25T19:59:51.472083,0.0,0.0
790,Daraz,275.0,2026-03-25T19:59:51.588399,0.0,0.0
791,Daraz,275.0,2026-03-25T19:59:51.721319,0.0,0.0
792,Daraz,311.0,2026-03-25T19:59:51.838087,0.0,0.0
793,Daraz,332.0,2026-03-25T19:59:51.974642,0.0,0.0
794,Daraz,1100.0,2026-03-25T19:59:52.071303,0.0,0.0
795,Daraz,405.0,2026-03-25T19:59:52.179759,0.0,0.0
796,Daraz,1720.0,2026-03-25T19:59:52.262071,0.0,0.0
797,Daraz,450.0,2026-03-25T19:59:52.354250,0.0,0.0
798,Daraz,1755.0,2026-03-25T19:59:52.452846,0.0,0.0
799,Daraz,480.0,2026-03-25T19:59:52.522095,0.0,0.0
3,Daraz,1850.0,2026-03-25T19:59:52.585646,0.0,0.0
800,Daraz,629.0,2026-03-25T19:59:52.705939,0.0,0.0
583,Daraz,2000.0,2026-03-25T19:59:52.797242,0.0,0.0
801,Daraz,749.0,2026-03-25T19:59:52.913982,0.0,0.0
173,Daraz,2149.0,2026-03-25T19:59:53.028828,0.0,0.0
802,Daraz,749.0,2026-03-25T19:59:53.153928,0.0,0.0
584,Daraz,2200.0,2026-03-25T19:59:53.252539,0.0,0.0
7,Hukut,88000.0,2026-03-25T19:59:53.362804,0.0,0.0
803,Hukut,89999.0,2026-03-25T19:59:53.434971,0.0,0.0
804,Hukut,98000.0,2026-03-25T19:59:53.512350,0.0,0.0
805,Hukut,99000.0,2026-03-25T19:59:53.638064,0.0,0.0
806,Daraz,152500.0,2026-03-25T19:59:53.774437,0.0,0.0
807,Daraz,150.0,2026-03-25T19:59:53.893598,0.0,0.0
808,Daraz,189.0,2026-03-25T19:59:53.970922,0.0,0.0
809,Daraz,370.0,2026-03-25T19:59:54.057130,0.0,0.0
810,Daraz,383.0,2026-03-25T19:59:54.149480,-39.0,-9.24170616113744
810,Daraz,422.0,2026-03-25T19:59:54.241187,39.0,10.182767624020887
776,Daraz,131.0,2026-03-25T19:59:54.415409,0.0,0.0
777,Daraz,131.0,2026-03-25T19:59:54.504559,0.0,0.0
778,Daraz,166.0,2026-03-25T19:59:54.585610,0.0,0.0
779,Daraz,186.0,2026-03-25T19:59:54.645836,0.0,0.0
780,Daraz,186.0,2026-03-25T19:59:54.765566,0.0,0.0
781,Daraz,211.0,2026-03-25T19:59:54.870508,0.0,0.0
782,Daraz,211.0,2026-03-25T19:59:54.970875,0.0,0.0
783,Daraz,223.0,2026-03-25T19:59:55.069893,0.0,0.0
784,Daraz,225.0,2026-03-25T19:59:55.180118,0.0,0.0
785,Daraz,249.0,2026-03-25T19:59:55.262628,0.0,0.0
786,Daraz,249.0,2026-03-25T19:59:55.354682,0.0,0.0
787,Daraz,249.0,2026-03-25T19:59:55.461047,0.0,0.0
788,Daraz,249.0,2026-03-25T19:59:55.574832,0.0,0.0
789,Daraz,259.0,2026-03-25T19:59:55.684032,0.0,0.0
790,Daraz,275.0,2026-03-25T19:59:55.793588,0.0,0.0
791,Daraz,275.0,2026-03-25T19:59:55.902275,0.0,0.0
792,Daraz,311.0,2026-03-25T19:59:56.033513,0.0,0.0
793,Daraz,332.0,2026-03-25T19:59:56.133182,0.0,0.0
794,Daraz,1100.0,2026-03-25T19:59:56.260178,0.0,0.0
795,Daraz,405.0,2026-03-25T19:59:56.349033,0.0,0.0
796,Daraz,1720.0,2026-03-25T19:59:56.467213,0.0,0.0
797,Daraz,450.0,2026-03-25T19:59:56.529760,0.0,0.0
798,Daraz,1755.0,2026-03-25T19:59:56.617155,0.0,0.0
799,Daraz,480.0,2026-03-25T19:59:56.720374,0.0,0.0
3,Daraz,1850.0,2026-03-25T19:59:56.822381,0.0,0.0
800,Daraz,629.0,2026-03-25T19:59:56.902326,0.0,0.0
583,Daraz,2000.0,2026-03-25T19:59:57.033308,0.0,0.0
801,Daraz,749.0,2026-03-25T19:59:57.149614,0.0,0.0
173,Daraz,2149.0,2026-03-25T19:59:57.231766,0.0,0.0
802,Daraz,749.0,2026-03-25T19:59:57.341410,0.0,0.0
584,Daraz,2200.0,2026-03-25T19:59:57.442343,0.0,0.0
7,Hukut,88000.0,2026-03-25T19:59:57.545513,0.0,0.0
803,Hukut,89999.0,2026-03-25T19:59:57.607343,0.0,0.0
804,Hukut,98000.0,2026-03-25T19:59:57.702020,0.0,0.0
805,Hukut,99000.0,2026-03-25T19:59:57.841032,0.0,0.0
806,Daraz,152500.0,2026-03-25T19:59:57.949529,0.0,0.0
807,Daraz,150.0,2026-03-25T19:59:58.075588,0.0,0.0
808,Daraz,189.0,2026-03-25T19:59:58.188423,0.0,0.0
809,Daraz,370.0,2026-03-25T19:59:58.304920,0.0,0.0
810,Daraz,383.0,2026-03-25T19:59:58.386932,-39.0,-9.24170616113744
810,Daraz,422.0,2026-03-25T19:59:58.492375,39.0,10.182767624020887
776,Daraz,131.0,2026-03-25T19:59:58.663011,0.0,0.0
777,Daraz,131.0,2026-03-25T19:59:58.785210,0.0,0.0
778,Daraz,166.0,2026-03-25T19:59:58.873247,0.0,0.0
779,Daraz,186.0,2026-03-25T19:59:59.006154,0.0,0.0
780,Daraz,186.0,2026-03-25T19:59:59.138438,0.0,0.0
781,Daraz,211.0,2026-03-25T19:59:59.259619,0.0,0.0
782,Daraz,211.0,2026-03-25T19:59:59.380582,0.0,0.0
783,Daraz,223.0,2026-03-25T19:59:59.474018,0.0,0.0
784,Daraz,225.0,2026-03-25T19:59:59.592293,0.0,0.0
785,Daraz,249.0,2026-03-25T19:59:59.694311,0.0,0.0
786,Daraz,249.0,2026-03-25T19:59:59.801800,0.0,0.0
787,Daraz,249.0,2026-03-25T19:59:59.940998,0.0,0.0
788,Daraz,249.0,2026-03-25T20:00:00.021130,0.0,0.0
789,Daraz,259.0,2026-03-25T20:00:00.093823,0.0,0.0
790,Daraz,275.0,2026-03-25T20:00:00.189086,0.0,0.0
791,Daraz,275.0,2026-03-25T20:00:00.276996,0.0,0.0
792,Daraz,311.0,2026-03-25T20:00:00.376973,0.0,0.0
793,Daraz,332.0,2026-03-25T20:00:00.476909,0.0,0.0
794,Daraz,1100.0,2026-03-25T20:00:00.599721,0.0,0.0
795,Daraz,405.0,2026-03-25T20:00:00.660214,0.0,0.0
796,Daraz,1720.0,2026-03-25T20:00:00.760816,0.0,0.0
797,Daraz,450.0,2026-03-25T20:00:00.843748,0.0,0.0
798,Daraz,1755.0,2026-03-25T20:00:00.935530,0.0,0.0
799,Daraz,480.0,2026-03-25T20:00:01.030452,0.0,0.0
3,Daraz,1850.0,2026-03-25T20:00:01.161206,0.0,0.0
800,Daraz,629.0,2026-03-25T20:00:01.249138,0.0,0.0
583,Daraz,2000.0,2026-03-25T20:00:01.381359,0.0,0.0
801,Daraz,749.0,2026-03-25T20:00:01.482384,0.0,0.0
173,Daraz,2149.0,2026-03-25T20:00:01.573479,0.0,0.0
802,Daraz,749.0,2026-03-25T20:00:01.663603,0.0,0.0
584,Daraz,2200.0,2026-03-25T20:00:01.761999,0.0,0.0
7,Hukut,88000.0,2026-03-25T20:00:01.842130,0.0,0.0
803,Hukut,89999.0,2026-03-25T20:00:01.920141,0.0,0.0
804,Hukut,98000.0,2026-03-25T20:00:02.027027,0.0,0.0
805,Hukut,99000.0,2026-03-25T20:00:02.112118,0.0,0.0
806,Daraz,152500.0,2026-03-25T20:00:02.209322,0.0,0.0
807,Daraz,150.0,2026-03-25T20:00:02.292118,0.0,0.0
808,Daraz,189.0,2026-03-25T20:00:02.375181,0.0,0.0
809,Daraz,370.0,2026-03-25T20:00:02.475169,0.0,0.0
810,Daraz,383.0,2026-03-25T20:00:02.617841,-39.0,-9.24170616113744
810,Daraz,422.0,2026-03-25T20:00:02.707501,39.0,10.182767624020887
776,Daraz,131.0,2026-03-25T20:00:02.894945,0.0,0.0
777,Daraz,131.0,2026-03-25T20:00:03.001083,0.0,0.0
778,Daraz,166.0,2026-03-25T20:00:03.114201,0.0,0.0
779,Daraz,186.0,2026-03-25T20:00:03.182830,0.0,0.0
780,Daraz,186.0,2026-03-25T20:00:03.309252,0.0,0.0
781,Daraz,211.0,2026-03-25T20:00:03.395779,0.0,0.0
782,Daraz,211.0,2026-03-25T20:00:03.493720,0.0,0.0
783,Daraz,223.0,2026-03-25T20:00:03.599112,0.0,0.0
784,Daraz,225.0,2026-03-25T20:00:03.710788,0.0,0.0
785,Daraz,249.0,2026-03-25T20:00:03.791377,0.0,0.0
786,Daraz,249.0,2026-03-25T20:00:03.857180,0.0,0.0
787,Daraz,249.0,2026-03-25T20:00:03.940814,0.0,0.0
788,Daraz,249.0,2026-03-25T20:00:04.059517,0.0,0.0
789,Daraz,259.0,2026-03-25T20:00:04.123216,0.0,0.0
790,Daraz,275.0,2026-03-25T20:00:04.206894,0.0,0.0
791,Daraz,275.0,2026-03-25T20:00:04.274984,0.0,0.0
792,Daraz,311.0,2026-03-25T20:00:04.356866,0.0,0.0
793,Daraz,332.0,2026-03-25T20:00:04.461144,0.0,0.0
794,Daraz,1100.0,2026-03-25T20:00:04.539682,0.0,0.0
795,Daraz,405.0,2026-03-25T20:00:04.649646,0.0,0.0
796,Daraz,1720.0,2026-03-25T20:00:04.749876,0.0,0.0
797,Daraz,450.0,2026-03-25T20:00:04.813832,0.0,0.0
798,Daraz,1755.0,2026-03-25T20:00:04.924377,0.0,0.0
799,Daraz,480.0,2026-03-25T20:00:05.018634,0.0,0.0
3,Daraz,1850.0,2026-03-25T20:00:05.146628,0.0,0.0
800,Daraz,629.0,2026-03-25T20:00:05.278302,0.0,0.0
583,Daraz,2000.0,2026-03-25T20:00:05.392210,0.0,0.0
801,Daraz,749.0,2026-03-25T20:00:05.494210,0.0,0.0
173,Daraz,2149.0,2026-03-25T20:00:05.598510,0.0,0.0
802,Daraz,749.0,2026-03-25T20:00:05.709372,0.0,0.0
584,Daraz,2200.0,2026-03-25T20:00:05.815336,0.0,0.0
7,Hukut,88000.0,2026-03-25T20:00:05.934265,0.0,0.0
803,Hukut,89999.0,2026-03-25T20:00:06.016006,0.0,0.0
804,Hukut,98000.0,2026-03-25T20:00:06.142706,0.0,0.0
805,Hukut,99000.0,2026-03-25T20:00:06.257046,0.0,0.0
806,Daraz,152500.0,2026-03-25T20:00:06.352901,0.0,0.0
807,Daraz,150.0,2026-03-25T20:00:06.489148,0.0,0.0
808,Daraz,189.0,2026-03-25T20:00:06.652199,0.0,0.0
809,Daraz,370.0,2026-03-25T20:00:06.761516,0.0,0.0
810,Daraz,383.0,2026-03-25T20:00:06.896369,-39.0,-9.24170616113744
810,Daraz,422.0,2026-03-25T20:00:07.059523,39.0,10.182767624020887
776,Daraz,131.0,2026-03-25T20:00:07.281060,0.0,0.0
777,Daraz,131.0,2026-03-25T20:00:07.393538,0.0,0.0
778,Daraz,166.0,2026-03-25T20:00:07.510118,0.0,0.0
779,Daraz,186.0,2026-03-25T20:00:07.645128,0.0,0.0
780,Daraz,186.0,2026-03-25T20:00:07.744300,0.0,0.0
781,Daraz,211.0,2026-03-25T20:00:07.876155,0.0,0.0
782,Daraz,211.0,2026-03-25T20:00:08.009295,0.0,0.0
783,Daraz,223.0,2026-03-25T20:00:08.137652,0.0,0.0
784,Daraz,225.0,2026-03-25T20:00:08.242930,0.0,0.0
785,Daraz,249.0,2026-03-25T20:00:08.371922,0.0,0.0
786,Daraz,249.0,2026-03-25T20:00:08.528302,0.0,0.0
787,Daraz,249.0,2026-03-25T20:00:08.610140,0.0,0.0
788,Daraz,249.0,2026-03-25T20:00:08.747075,0.0,0.0
789,Daraz,259.0,2026-03-25T20:00:08.842508,0.0,0.0
790,Daraz,275.0,2026-03-25T20:00:08.925251,0.0,0.0
791,Daraz,275.0,2026-03-25T20:00:09.059662,0.0,0.0
792,Daraz,311.0,2026-03-25T20:00:09.184514,0.0,0.0
793,Daraz,332.0,2026-03-25T20:00:09.291707,0.0,0.0
794,Daraz,1100.0,2026-03-25T20:00:09.446783,0.0,0.0
795,Daraz,405.0,2026-03-25T20:00:09.543993,0.0,0.0
796,Daraz,1720.0,2026-03-25T20:00:09.682674,0.0,0.0
797,Daraz,450.0,2026-03-25T20:00:09.793772,0.0,0.0
798,Daraz,1755.0,2026-03-25T20:00:09.966139,0.0,0.0
799,Daraz,480.0,2026-03-25T20:00:10.074773,0.0,0.0
3,Daraz,1850.0,2026-03-25T20:00:10.191545,0.0,0.0
800,Daraz,629.0,2026-03-25T20:00:10.303287,0.0,0.0
583,Daraz,2000.0,2026-03-25T20:00:10.435524,0.0,0.0
801,Daraz,749.0,2026-03-25T20:00:10.564961,0.0,0.0
173,Daraz,2149.0,2026-03-25T20:00:10.647825,0.0,0.0
802,Daraz,749.0,2026-03-25T20:00:10.720084,0.0,0.0
584,Daraz,2200.0,2026-03-25T20:00:10.811862,0.0,0.0
7,Hukut,88000.0,2026-03-25T20:00:10.880271,0.0,0.0
803,Hukut,89999.0,2026-03-25T20:00:10.927127,0.0,0.0
804,Hukut,98000.0,2026-03-25T20:00:10.991588,0.0,0.0
805,Hukut,99000.0,2026-03-25T20:00:11.066118,0.0,0.0
806,Daraz,152500.0,2026-03-25T20:00:11.148050,0.0,0.0
807,Daraz,150.0,2026-03-25T20:00:11.237787,0.0,0.0
808,Daraz,189.0,2026-03-25T20:00:11.301100,0.0,0.0
809,Daraz,370.0,2026-03-25T20:00:11.370905,0.0,0.0
810,Daraz,383.0,2026-03-25T20:00:11.471565,-39.0,-9.24170616113744
810,Daraz,422.0,2026-03-25T20:00:11.559182,39.0,10.182767624020887
776,Daraz,131.0,2026-03-25T20:00:11.704897,0.0,0.0
777,Daraz,131.0,2026-03-25T20:00:11.808317,0.0,0.0
778,Daraz,166.0,2026-03-25T20:00:11.877038,0.0,0.0
779,Daraz,186.0,2026-03-25T20:00:11.983600,0.0,0.0
780,Daraz,186.0,2026-03-25T20:00:12.077564,0.0,0.0
781,Daraz,211.0,2026-03-25T20:00:12.159954,0.0,0.0
782,Daraz,211.0,2026-03-25T20:00:12.243856,0.0,0.0
783,Daraz,223.0,2026-03-25T20:00:12.320464,0.0,0.0
784,Daraz,225.0,2026-03-25T20:00:12.385898,0.0,0.0
785,Daraz,249.0,2026-03-25T20:00:12.465660,0.0,0.0
583,Daraz,40000.0,2026-03-25T20:02:19.485929,38000.0,1900.0
776,Daraz,131.0,2026-03-25T20:02:19.538010,0.0,0.0
776,Daraz,131.0,2026-03-25T20:02:19.626174,0.0,0.0
776,Daraz,131.0,2026-03-25T20:02:19.713757,0.0,0.0
776,Daraz,131.0,2026-03-25T20:02:19.792767,0.0,0.0
776,Daraz,131.0,2026-03-25T20:02:19.892460,0.0,0.0
776,Daraz,131.0,2026-03-25T20:02:19.992272,0.0,0.0
776,Daraz,131.0,2026-03-25T20:02:20.095956,0.0,0.0
776,Daraz,131.0,2026-03-25T20:02:20.177095,0.0,0.0
776,Daraz,131.0,2026-03-25T20:02:20.258688,0.0,0.0
776,Daraz,131.0,2026-03-25T20:02:20.341881,0.0,0.0
776,Daraz,131.0,2026-03-25T20:02:20.427722,0.0,0.0
776,Daraz,131.0,2026-03-25T20:02:20.480981,0.0,0.0
776,Daraz,131.0,2026-03-25T20:02:20.557725,0.0,0.0
776,Daraz,131.0,2026-03-25T20:02:20.628760,0.0,0.0
776,Daraz,131.0,2026-03-25T20:02:20.695280,0.0,0.0
776,Daraz,131.0,2026-03-25T20:02:20.763642,0.0,0.0
776,Daraz,131.0,2026-03-25T20:02:20.842343,0.0,0.0
776,Daraz,131.0,2026-03-25T20:02:20.913333,0.0,0.0
776,Daraz,131.0,2026-03-25T20:02:20.979488,0.0,0.0
776,Daraz,131.0,2026-03-25T20:02:21.066622,0.0,0.0
776,Daraz,131.0,2026-03-25T20:02:21.134715,0.0,0.0
776,Daraz,131.0,2026-03-25T20:02:21.210332,0.0,0.0
776,Daraz,131.0,2026-03-25T20:02:21.279847,0.0,0.0
776,Daraz,131.0,2026-03-25T20:02:21.360002,0.0,0.0
776,Daraz,131.0,2026-03-25T20:02:21.426795,0.0,0.0
776,Daraz,131.0,2026-03-25T20:02:21.494628,0.0,0.0
776,Daraz,131.0,2026-03-25T20:02:21.574757,0.0,0.0
776,Daraz,131.0,2026-03-25T20:02:21.665442,0.0,0.0
776,Daraz,131.0,2026-03-25T20:02:21.746471,0.0,0.0
776,Daraz,131.0,2026-03-25T20:02:21.830087,0.0,0.0
776,Daraz,131.0,2026-03-25T20:02:21.895750,0.0,0.0
776,Daraz,131.0,2026-03-25T20:02:21.962205,0.0,0.0
776,Daraz,131.0,2026-03-25T20:02:22.046614,0.0,0.0
776,Daraz,131.0,2026-03-25T20:02:22.127554,0.0,0.0
776,Daraz,131.0,2026-03-25T20:02:22.194084,0.0,0.0
776,Daraz,131.0,2026-03-25T20:02:22.245736,0.0,0.0
776,Daraz,131.0,2026-03-25T20:02:22.323060,0.0,0.0
776,Daraz,131.0,2026-03-25T20:02:22.390753,0.0,0.0
776,Daraz,131.0,2026-03-25T20:02:22.456264,0.0,0.0
776,Daraz,131.0,2026-03-25T20:02:22.518617,0.0,0.0
776,Daraz,131.0,2026-03-25T20:02:22.592659,0.0,0.0
776,Daraz,131.0,2026-03-25T20:02:22.679792,0.0,0.0
776,Daraz,131.0,2026-03-25T20:02:22.746531,0.0,0.0
776,Daraz,131.0,2026-03-25T20:02:22.806802,0.0,0.0
776,Daraz,131.0,2026-03-25T20:02:22.891811,0.0,0.0
776,Daraz,131.0,2026-03-25T20:02:22.941543,0.0,0.0
776,Daraz,131.0,2026-03-25T20:02:23.023595,0.0,0.0
776,Daraz,131.0,2026-03-25T20:02:23.106747,0.0,0.0
776,Daraz,131.0,2026-03-25T20:02:23.172670,0.0,0.0
776,Daraz,131.0,2026-03-25T20:02:23.256051,0.0,0.0
776,Daraz,131.0,2026-03-25T20:02:23.356166,0.0,0.0
776,Daraz,131.0,2026-03-25T20:02:23.439516,0.0,0.0
776,Daraz,131.0,2026-03-25T20:02:23.522446,0.0,0.0
776,Daraz,131.0,2026-03-25T20:02:23.598823,0.0,0.0
776,Daraz,131.0,2026-03-25T20:02:23.682482,0.0,0.0
776,Daraz,131.0,2026-03-25T20:02:23.762707,0.0,0.0
776,Daraz,131.0,2026-03-25T20:02:23.839161,0.0,0.0
776,Daraz,131.0,2026-03-25T20:02:23.939321,0.0,0.0
776,Daraz,131.0,2026-03-25T20:02:24.062537,0.0,0.0
776,Daraz,131.0,2026-03-25T20:02:24.184911,0.0,0.0
776,Daraz,131.0,2026-03-25T20:02:24.271795,0.0,0.0
776,Daraz,131.0,2026-03-25T20:02:24.372214,0.0,0.0
776,Daraz,131.0,2026-03-25T20:02:24.438566,0.0,0.0
776,Daraz,131.0,2026-03-25T20:02:24.538599,0.0,0.0
776,Daraz,131.0,2026-03-25T20:02:24.621945,0.0,0.0
776,Daraz,131.0,2026-03-25T20:02:24.708761,0.0,0.0
776,Daraz,131.0,2026-03-25T20:02:24.783285,0.0,0.0
776,Daraz,131.0,2026-03-25T20:02:24.853157,0.0,0.0
776,Daraz,131.0,2026-03-25T20:02:24.920344,0.0,0.0
776,Daraz,131.0,2026-03-25T20:02:25.012686,0.0,0.0
776,Daraz,131.0,2026-03-25T20:02:25.094213,0.0,0.0
776,Daraz,131.0,2026-03-25T20:02:25.190878,0.0,0.0
776,Daraz,131.0,2026-03-25T20:02:25.258891,0.0,0.0
776,Daraz,131.0,2026-03-25T20:02:25.326642,0.0,0.0
776,Daraz,131.0,2026-03-25T20:02:25.391671,0.0,0.0
776,Daraz,131.0,2026-03-25T20:02:25.459662,0.0,0.0
776,Daraz,131.0,2026-03-25T20:02:25.554061,0.0,0.0
776,Daraz,131.0,2026-03-25T20:02:25.636639,0.0,0.0
776,Daraz,131.0,2026-03-25T20:02:25.722161,0.0,0.0
776,Daraz,131.0,2026-03-25T20:02:25.789689,0.0,0.0
776,Daraz,131.0,2026-03-25T20:02:25.856410,0.0,0.0
776,Daraz,131.0,2026-03-25T20:02:25.921924,0.0,0.0
776,Daraz,131.0,2026-03-25T20:02:26.004237,0.0,0.0
776,Daraz,131.0,2026-03-25T20:02:26.088294,0.0,0.0
776,Daraz,131.0,2026-03-25T20:02:26.186484,0.0,0.0
776,Daraz,131.0,2026-03-25T20:02:26.272680,0.0,0.0
776,Daraz,131.0,2026-03-25T20:02:26.337950,0.0,0.0
776,Daraz,131.0,2026-03-25T20:02:26.421182,0.0,0.0
776,Daraz,131.0,2026-03-25T20:02:26.504266,0.0,0.0
776,Daraz,131.0,2026-03-25T20:02:26.594193,0.0,0.0
776,Daraz,131.0,2026-03-25T20:02:26.654590,0.0,0.0
776,Daraz,131.0,2026-03-25T20:02:26.720703,0.0,0.0
776,Daraz,131.0,2026-03-25T20:02:26.810544,0.0,0.0
776,Daraz,131.0,2026-03-25T20:02:26.870850,0.0,0.0
776,Daraz,131.0,2026-03-25T20:02:26.939843,0.0,0.0
776,Daraz,131.0,2026-03-25T20:02:27.020571,0.0,0.0
776,Daraz,131.0,2026-03-25T20:02:27.104292,0.0,0.0
776,Daraz,131.0,2026-03-25T20:02:27.170012,0.0,0.0
776,Daraz,131.0,2026-03-25T20:02:27.233253,0.0,0.0
776,Daraz,131.0,2026-03-25T20:02:27.329271,0.0,0.0
776,Daraz,131.0,2026-03-25T20:02:27.431988,0.0,0.0
776,Daraz,131.0,2026-03-25T20:02:27.514074,0.0,0.0
776,Daraz,131.0,2026-03-25T20:02:27.597735,0.0,0.0
776,Daraz,131.0,2026-03-25T20:02:27.699067,0.0,0.0
776,Daraz,131.0,2026-03-25T20:02:27.808146,0.0,0.0
776,Daraz,131.0,2026-03-25T20:02:27.931682,0.0,0.0
776,Daraz,131.0,2026-03-25T20:02:28.036444,0.0,0.0
776,Daraz,131.0,2026-03-25T20:02:28.165745,0.0,0.0
776,Daraz,131.0,2026-03-25T20:02:28.298173,0.0,0.0
776,Daraz,131.0,2026-03-25T20:02:28.365653,0.0,0.0
776,Daraz,131.0,2026-03-25T20:02:28.488843,0.0,0.0
776,Daraz,131.0,2026-03-25T20:02:28.597196,0.0,0.0
776,Daraz,131.0,2026-03-25T20:02:28.718573,0.0,0.0
776,Daraz,131.0,2026-03-25T20:02:28.854035,0.0,0.0
776,Daraz,131.0,2026-03-25T20:02:28.964407,0.0,0.0
776,Daraz,131.0,2026-03-25T20:02:29.081678,0.0,0.0
776,Daraz,131.0,2026-03-25T20:02:29.216103,0.0,0.0
776,Daraz,131.0,2026-03-25T20:02:29.319992,0.0,0.0
776,Daraz,131.0,2026-03-25T20:02:29.419265,0.0,0.0
776,Daraz,131.0,2026-03-25T20:02:29.527547,0.0,0.0
776,Daraz,131.0,2026-03-25T20:02:29.640423,0.0,0.0
776,Daraz,131.0,2026-03-25T20:02:29.717548,0.0,0.0
776,Daraz,131.0,2026-03-25T20:02:29.845923,0.0,0.0
776,Daraz,131.0,2026-03-25T20:02:29.944689,0.0,0.0
776,Daraz,131.0,2026-03-25T20:02:30.037005,0.0,0.0
776,Daraz,131.0,2026-03-25T20:02:30.122223,0.0,0.0
776,Daraz,131.0,2026-03-25T20:02:30.231197,0.0,0.0
776,Daraz,131.0,2026-03-25T20:02:30.299729,0.0,0.0
776,Daraz,131.0,2026-03-25T20:02:30.364106,0.0,0.0
776,Daraz,131.0,2026-03-25T20:02:30.496194,0.0,0.0
776,Daraz,131.0,2026-03-25T20:02:30.618324,0.0,0.0
776,Daraz,131.0,2026-03-25T20:02:30.719635,0.0,0.0
776,Daraz,131.0,2026-03-25T20:02:30.785816,0.0,0.0
776,Daraz,131.0,2026-03-25T20:02:30.932681,0.0,0.0
776,Daraz,131.0,2026-03-25T20:02:31.060283,0.0,0.0
776,Daraz,131.0,2026-03-25T20:02:31.170077,0.0,0.0
776,Daraz,131.0,2026-03-25T20:02:31.263920,0.0,0.0
776,Daraz,131.0,2026-03-25T20:02:31.385317,0.0,0.0
776,Daraz,131.0,2026-03-25T20:02:31.480234,0.0,0.0
776,Daraz,131.0,2026-03-25T20:02:31.613496,0.0,0.0
776,Daraz,131.0,2026-03-25T20:02:31.728726,0.0,0.0
776,Daraz,131.0,2026-03-25T20:02:31.845589,0.0,0.0
776,Daraz,131.0,2026-03-25T20:02:31.945806,0.0,0.0
776,Daraz,131.0,2026-03-25T20:02:32.062155,0.0,0.0
776,Daraz,131.0,2026-03-25T20:02:32.160374,0.0,0.0
776,Daraz,131.0,2026-03-25T20:02:32.241981,0.0,0.0
776,Daraz,131.0,2026-03-25T20:02:32.315745,0.0,0.0
776,Daraz,131.0,2026-03-25T20:02:32.393327,0.0,0.0
776,Daraz,131.0,2026-03-25T20:02:32.462546,0.0,0.0
776,Daraz,131.0,2026-03-25T20:02:32.543676,0.0,0.0
776,Daraz,131.0,2026-03-25T20:02:32.639183,0.0,0.0
776,Daraz,131.0,2026-03-25T20:02:32.711041,0.0,0.0
776,Daraz,131.0,2026-03-25T20:02:32.794724,0.0,0.0
776,Daraz,131.0,2026-03-25T20:02:32.901749,0.0,0.0
776,Daraz,131.0,2026-03-25T20:02:33.021334,0.0,0.0
776,Daraz,131.0,2026-03-25T20:02:33.106652,0.0,0.0
776,Daraz,131.0,2026-03-25T20:02:33.200668,0.0,0.0
776,Daraz,131.0,2026-03-25T20:02:33.333760,0.0,0.0
776,Daraz,131.0,2026-03-25T20:02:33.444583,0.0,0.0
776,Daraz,131.0,2026-03-25T20:02:33.522812,0.0,0.0
776,Daraz,131.0,2026-03-25T20:02:33.628634,0.0,0.0
776,Daraz,131.0,2026-03-25T20:02:33.749203,0.0,0.0
776,Daraz,131.0,2026-03-25T20:02:33.848511,0.0,0.0
776,Daraz,131.0,2026-03-25T20:02:33.934200,0.0,0.0
776,Daraz,131.0,2026-03-25T20:02:34.035701,0.0,0.0
776,Daraz,131.0,2026-03-25T20:02:34.143324,0.0,0.0
776,Daraz,131.0,2026-03-25T20:02:34.242673,0.0,0.0
776,Daraz,131.0,2026-03-25T20:02:34.332521,0.0,0.0
776,Daraz,131.0,2026-03-25T20:02:34.411594,0.0,0.0
776,Daraz,131.0,2026-03-25T20:02:34.540917,0.0,0.0
776,Daraz,131.0,2026-03-25T20:02:34.659372,0.0,0.0
776,Daraz,131.0,2026-03-25T20:02:34.756527,0.0,0.0
776,Daraz,131.0,2026-03-25T20:02:34.818726,0.0,0.0
776,Daraz,131.0,2026-03-25T20:02:34.930327,0.0,0.0
776,Daraz,131.0,2026-03-25T20:02:35.042123,0.0,0.0
776,Daraz,131.0,2026-03-25T20:02:35.165064,0.0,0.0
776,Daraz,131.0,2026-03-25T20:02:35.239480,0.0,0.0
776,Daraz,131.0,2026-03-25T20:02:35.371878,0.0,0.0
776,Daraz,131.0,2026-03-25T20:02:35.459560,0.0,0.0
776,Daraz,131.0,2026-03-25T20:02:35.580137,0.0,0.0
776,Daraz,131.0,2026-03-25T20:02:35.668396,0.0,0.0
776,Daraz,131.0,2026-03-25T20:02:35.794018,0.0,0.0
776,Daraz,131.0,2026-03-25T20:02:35.900851,0.0,0.0
776,Daraz,131.0,2026-03-25T20:02:35.958728,0.0,0.0
776,Daraz,131.0,2026-03-25T20:02:36.105652,0.0,0.0
776,Daraz,131.0,2026-03-25T20:02:36.200325,0.0,0.0
776,Daraz,131.0,2026-03-25T20:02:36.287315,0.0,0.0
776,Daraz,131.0,2026-03-25T20:02:36.362710,0.0,0.0
776,Daraz,131.0,2026-03-25T20:02:36.452160,0.0,0.0
776,Daraz,131.0,2026-03-25T20:02:36.522984,0.0,0.0
776,Daraz,131.0,2026-03-25T20:02:36.593808,0.0,0.0
776,Daraz,131.0,2026-03-25T20:02:36.658996,0.0,0.0
776,Daraz,131.0,2026-03-25T20:02:36.742587,0.0,0.0
776,Daraz,131.0,2026-03-25T20:02:36.825059,0.0,0.0
776,Daraz,131.0,2026-03-25T20:02:36.908517,0.0,0.0
776,Daraz,131.0,2026-03-25T20:02:37.000743,0.0,0.0
776,Daraz,131.0,2026-03-25T20:02:37.091685,0.0,0.0
776,Daraz,131.0,2026-03-25T20:02:37.221398,0.0,0.0
776,Daraz,131.0,2026-03-25T20:02:37.308804,0.0,0.0
776,Daraz,131.0,2026-03-25T20:02:37.400468,0.0,0.0
776,Daraz,131.0,2026-03-25T20:02:37.505464,0.0,0.0
776,Daraz,131.0,2026-03-25T20:02:37.573957,0.0,0.0
776,Daraz,131.0,2026-03-25T20:02:37.647317,0.0,0.0
776,Daraz,131.0,2026-03-25T20:02:37.714087,0.0,0.0
776,Daraz,131.0,2026-03-25T20:02:37.793530,0.0,0.0
776,Daraz,131.0,2026-03-25T20:02:37.864481,0.0,0.0
776,Daraz,131.0,2026-03-25T20:02:37.966237,0.0,0.0
776,Daraz,131.0,2026-03-25T20:02:38.030626,0.0,0.0
776,Daraz,131.0,2026-03-25T20:02:38.113996,0.0,0.0
776,Daraz,131.0,2026-03-25T20:02:38.197401,0.0,0.0
776,Daraz,131.0,2026-03-25T20:02:38.281063,0.0,0.0
776,Daraz,131.0,2026-03-25T20:02:38.375126,0.0,0.0
776,Daraz,131.0,2026-03-25T20:02:38.457682,0.0,0.0
776,Daraz,131.0,2026-03-25T20:02:38.534506,0.0,0.0
776,Daraz,131.0,2026-03-25T20:02:38.602985,0.0,0.0
776,Daraz,131.0,2026-03-25T20:02:38.667740,0.0,0.0
776,Daraz,131.0,2026-03-25T20:02:38.728061,0.0,0.0
776,Daraz,131.0,2026-03-25T20:02:38.829087,0.0,0.0
776,Daraz,131.0,2026-03-25T20:02:38.916646,0.0,0.0
776,Daraz,131.0,2026-03-25T20:02:38.979472,0.0,0.0
776,Daraz,131.0,2026-03-25T20:02:39.063618,0.0,0.0
776,Daraz,131.0,2026-03-25T20:02:39.136733,0.0,0.0
776,Daraz,131.0,2026-03-25T20:02:39.216765,0.0,0.0
776,Daraz,131.0,2026-03-25T20:02:39.293598,0.0,0.0
776,Daraz,131.0,2026-03-25T20:02:39.377993,0.0,0.0
776,Daraz,131.0,2026-03-25T20:02:39.460538,0.0,0.0
776,Daraz,131.0,2026-03-25T20:02:39.545138,0.0,0.0
776,Daraz,131.0,2026-03-25T20:02:39.608749,0.0,0.0
776,Daraz,131.0,2026-03-25T20:02:39.680291,0.0,0.0
776,Daraz,131.0,2026-03-25T20:02:39.745866,0.0,0.0
776,Daraz,131.0,2026-03-25T20:02:39.812424,0.0,0.0
776,Daraz,131.0,2026-03-25T20:02:39.879617,0.0,0.0
776,Daraz,131.0,2026-03-25T20:02:39.958811,0.0,0.0
776,Daraz,131.0,2026-03-25T20:02:40.022500,0.0,0.0
776,Daraz,131.0,2026-03-25T20:02:40.091977,0.0,0.0
776,Daraz,131.0,2026-03-25T20:02:40.194444,0.0,0.0
776,Daraz,131.0,2026-03-25T20:02:40.261788,0.0,0.0
776,Daraz,131.0,2026-03-25T20:02:40.342037,0.0,0.0
776,Daraz,131.0,2026-03-25T20:02:40.420611,0.0,0.0
776,Daraz,131.0,2026-03-25T20:02:40.493657,0.0,0.0
776,Daraz,131.0,2026-03-25T20:02:40.578339,0.0,0.0
776,Daraz,131.0,2026-03-25T20:02:40.655314,0.0,0.0
776,Daraz,131.0,2026-03-25T20:02:40.713400,0.0,0.0
776,Daraz,131.0,2026-03-25T20:02:40.794543,0.0,0.0
776,Daraz,131.0,2026-03-25T20:02:40.862863,0.0,0.0
776,Daraz,131.0,2026-03-25T20:02:40.929538,0.0,0.0
776,Daraz,131.0,2026-03-25T20:02:41.011387,0.0,0.0
776,Daraz,131.0,2026-03-25T20:02:41.094246,0.0,0.0
776,Daraz,131.0,2026-03-25T20:02:41.194689,0.0,0.0
776,Daraz,131.0,2026-03-25T20:02:41.260847,0.0,0.0
776,Daraz,131.0,2026-03-25T20:02:41.341784,0.0,0.0
776,Daraz,131.0,2026-03-25T20:02:41.413112,0.0,0.0
776,Daraz,131.0,2026-03-25T20:02:41.460708,0.0,0.0
776,Daraz,131.0,2026-03-25T20:02:41.526067,0.0,0.0
776,Daraz,131.0,2026-03-25T20:02:41.626743,0.0,0.0
776,Daraz,131.0,2026-03-25T20:02:41.693384,0.0,0.0
776,Daraz,131.0,2026-03-25T20:02:41.752575,0.0,0.0
776,Daraz,131.0,2026-03-25T20:02:41.834071,0.0,0.0
776,Daraz,131.0,2026-03-25T20:02:41.926370,0.0,0.0
776,Daraz,131.0,2026-03-25T20:02:41.988005,0.0,0.0
776,Daraz,131.0,2026-03-25T20:02:42.067387,0.0,0.0
776,Daraz,131.0,2026-03-25T20:02:42.150670,0.0,0.0
776,Daraz,131.0,2026-03-25T20:02:42.217055,0.0,0.0
776,Daraz,131.0,2026-03-25T20:02:42.325083,0.0,0.0
776,Daraz,131.0,2026-03-25T20:02:42.417608,0.0,0.0
776,Daraz,131.0,2026-03-25T20:02:42.499901,0.0,0.0
776,Daraz,131.0,2026-03-25T20:02:42.602697,0.0,0.0
776,Daraz,131.0,2026-03-25T20:02:42.676315,0.0,0.0
776,Daraz,131.0,2026-03-25T20:02:42.756820,0.0,0.0
776,Daraz,131.0,2026-03-25T20:02:42.866322,0.0,0.0
776,Daraz,131.0,2026-03-25T20:02:42.966244,0.0,0.0
776,Daraz,131.0,2026-03-25T20:02:43.033089,0.0,0.0
776,Daraz,131.0,2026-03-25T20:02:43.149708,0.0,0.0
776,Daraz,131.0,2026-03-25T20:02:43.254540,0.0,0.0
776,Daraz,131.0,2026-03-25T20:02:43.333629,0.0,0.0
776,Daraz,131.0,2026-03-25T20:02:43.451539,0.0,0.0
776,Daraz,131.0,2026-03-25T20:02:43.556512,0.0,0.0
776,Daraz,131.0,2026-03-25T20:02:43.667162,0.0,0.0
776,Daraz,131.0,2026-03-25T20:02:43.754194,0.0,0.0
776,Daraz,131.0,2026-03-25T20:02:43.862525,0.0,0.0
776,Daraz,131.0,2026-03-25T20:02:43.967769,0.0,0.0
776,Daraz,131.0,2026-03-25T20:02:44.092939,0.0,0.0
776,Daraz,131.0,2026-03-25T20:02:44.183829,0.0,0.0
776,Daraz,131.0,2026-03-25T20:02:44.277094,0.0,0.0
776,Daraz,131.0,2026-03-25T20:02:44.402234,0.0,0.0
776,Daraz,131.0,2026-03-25T20:02:44.486122,0.0,0.0
776,Daraz,131.0,2026-03-25T20:02:44.621833,0.0,0.0
776,Daraz,131.0,2026-03-25T20:02:44.727373,0.0,0.0
776,Daraz,131.0,2026-03-25T20:02:44.826840,0.0,0.0
776,Daraz,131.0,2026-03-25T20:02:44.925585,0.0,0.0
776,Daraz,131.0,2026-03-25T20:02:45.041271,0.0,0.0
776,Daraz,131.0,2026-03-25T20:02:45.165657,0.0,0.0
776,Daraz,131.0,2026-03-25T20:02:45.232797,0.0,0.0
776,Daraz,131.0,2026-03-25T20:02:45.324903,0.0,0.0
776,Daraz,131.0,2026-03-25T20:02:45.435696,0.0,0.0
776,Daraz,131.0,2026-03-25T20:02:45.547481,0.0,0.0
776,Daraz,131.0,2026-03-25T20:02:45.621511,0.0,0.0
776,Daraz,131.0,2026-03-25T20:02:45.758115,0.0,0.0
776,Daraz,131.0,2026-03-25T20:02:45.834900,0.0,0.0
776,Daraz,131.0,2026-03-25T20:02:45.934777,0.0,0.0
776,Daraz,131.0,2026-03-25T20:02:46.027687,0.0,0.0
776,Daraz,131.0,2026-03-25T20:02:46.180809,0.0,0.0
776,Daraz,131.0,2026-03-25T20:02:46.319535,0.0,0.0
776,Daraz,131.0,2026-03-25T20:02:46.406384,0.0,0.0
776,Daraz,131.0,2026-03-25T20:02:46.523262,0.0,0.0
776,Daraz,131.0,2026-03-25T20:02:46.637562,0.0,0.0
776,Daraz,131.0,2026-03-25T20:02:46.719541,0.0,0.0
776,Daraz,131.0,2026-03-25T20:02:46.856591,0.0,0.0
776,Daraz,131.0,2026-03-25T20:02:46.975379,0.0,0.0
776,Daraz,131.0,2026-03-25T20:02:47.054067,0.0,0.0
776,Daraz,131.0,2026-03-25T20:02:47.141883,0.0,0.0
776,Daraz,131.0,2026-03-25T20:02:47.237406,0.0,0.0
776,Daraz,131.0,2026-03-25T20:02:47.374473,0.0,0.0
776,Daraz,131.0,2026-03-25T20:02:47.473166,0.0,0.0
776,Daraz,131.0,2026-03-25T20:02:47.581164,0.0,0.0
776,Daraz,131.0,2026-03-25T20:02:47.704597,0.0,0.0
776,Daraz,131.0,2026-03-25T20:02:47.787553,0.0,0.0
776,Daraz,131.0,2026-03-25T20:02:47.887546,0.0,0.0
776,Daraz,131.0,2026-03-25T20:02:47.971815,0.0,0.0
776,Daraz,131.0,2026-03-25T20:02:48.054046,0.0,0.0
776,Daraz,131.0,2026-03-25T20:02:48.161320,0.0,0.0
776,Daraz,131.0,2026-03-25T20:02:48.244116,0.0,0.0
776,Daraz,131.0,2026-03-25T20:02:48.316356,0.0,0.0
776,Daraz,131.0,2026-03-25T20:02:48.403586,0.0,0.0
776,Daraz,131.0,2026-03-25T20:02:48.502853,0.0,0.0
776,Daraz,131.0,2026-03-25T20:02:48.570872,0.0,0.0
776,Daraz,131.0,2026-03-25T20:02:48.654520,0.0,0.0
776,Daraz,131.0,2026-03-25T20:02:48.721602,0.0,0.0
776,Daraz,131.0,2026-03-25T20:02:48.789361,0.0,0.0
776,Daraz,131.0,2026-03-25T20:02:48.889338,0.0,0.0
776,Daraz,131.0,2026-03-25T20:02:48.954380,0.0,0.0
776,Daraz,131.0,2026-03-25T20:02:49.028176,0.0,0.0
776,Daraz,131.0,2026-03-25T20:02:49.090609,0.0,0.0
776,Daraz,131.0,2026-03-25T20:02:49.173155,0.0,0.0
776,Daraz,131.0,2026-03-25T20:02:49.240372,0.0,0.0
776,Daraz,131.0,2026-03-25T20:02:49.308578,0.0,0.0
776,Daraz,131.0,2026-03-25T20:02:49.380179,0.0,0.0
776,Daraz,131.0,2026-03-25T20:02:49.475077,0.0,0.0
776,Daraz,131.0,2026-03-25T20:02:49.561840,0.0,0.0
776,Daraz,131.0,2026-03-25T20:02:49.637512,0.0,0.0
776,Daraz,131.0,2026-03-25T20:02:49.704981,0.0,0.0
776,Daraz,131.0,2026-03-25T20:02:49.774583,0.0,0.0
776,Daraz,131.0,2026-03-25T20:02:49.844824,0.0,0.0
776,Daraz,131.0,2026-03-25T20:02:49.922914,0.0,0.0
776,Daraz,131.0,2026-03-25T20:02:50.005018,0.0,0.0
776,Daraz,131.0,2026-03-25T20:02:50.080300,0.0,0.0
776,Daraz,131.0,2026-03-25T20:02:50.164711,0.0,0.0
776,Daraz,131.0,2026-03-25T20:02:50.230213,0.0,0.0
776,Daraz,131.0,2026-03-25T20:02:50.305763,0.0,0.0
776,Daraz,131.0,2026-03-25T20:02:50.381064,0.0,0.0
776,Daraz,131.0,2026-03-25T20:02:50.452387,0.0,0.0
776,Daraz,131.0,2026-03-25T20:02:50.520202,0.0,0.0
776,Daraz,131.0,2026-03-25T20:02:50.603518,0.0,0.0
776,Daraz,131.0,2026-03-25T20:02:50.680791,0.0,0.0
776,Daraz,131.0,2026-03-25T20:02:50.765586,0.0,0.0
776,Daraz,131.0,2026-03-25T20:02:50.835359,0.0,0.0
776,Daraz,131.0,2026-03-25T20:02:50.902341,0.0,0.0
776,Daraz,131.0,2026-03-25T20:02:50.986445,0.0,0.0
776,Daraz,131.0,2026-03-25T20:02:51.069162,0.0,0.0
776,Daraz,131.0,2026-03-25T20:02:51.151807,0.0,0.0
776,Daraz,131.0,2026-03-25T20:02:51.217730,0.0,0.0
776,Daraz,131.0,2026-03-25T20:02:51.301167,0.0,0.0
776,Daraz,131.0,2026-03-25T20:02:51.371722,0.0,0.0
776,Daraz,131.0,2026-03-25T20:02:51.454005,0.0,0.0
776,Daraz,131.0,2026-03-25T20:02:51.534560,0.0,0.0
776,Daraz,131.0,2026-03-25T20:02:51.614453,0.0,0.0
776,Daraz,131.0,2026-03-25T20:02:51.697811,0.0,0.0
776,Daraz,131.0,2026-03-25T20:02:51.784312,0.0,0.0
776,Daraz,131.0,2026-03-25T20:02:51.883675,0.0,0.0
776,Daraz,131.0,2026-03-25T20:02:51.949803,0.0,0.0
776,Daraz,131.0,2026-03-25T20:02:52.044828,0.0,0.0
776,Daraz,131.0,2026-03-25T20:02:52.128371,0.0,0.0
776,Daraz,131.0,2026-03-25T20:02:52.183813,0.0,0.0
776,Daraz,131.0,2026-03-25T20:02:52.268224,0.0,0.0
776,Daraz,131.0,2026-03-25T20:02:52.334755,0.0,0.0
776,Daraz,131.0,2026-03-25T20:02:52.420902,0.0,0.0
776,Daraz,131.0,2026-03-25T20:02:52.503121,0.0,0.0
776,Daraz,131.0,2026-03-25T20:02:52.582036,0.0,0.0
776,Daraz,131.0,2026-03-25T20:02:52.677506,0.0,0.0
776,Daraz,131.0,2026-03-25T20:02:52.747974,0.0,0.0
776,Daraz,131.0,2026-03-25T20:02:52.850872,0.0,0.0
776,Daraz,131.0,2026-03-25T20:02:52.922645,0.0,0.0
776,Daraz,131.0,2026-03-25T20:02:52.996043,0.0,0.0
776,Daraz,131.0,2026-03-25T20:02:53.096129,0.0,0.0
776,Daraz,131.0,2026-03-25T20:02:53.179432,0.0,0.0
776,Daraz,131.0,2026-03-25T20:02:53.257111,0.0,0.0
776,Daraz,131.0,2026-03-25T20:02:53.329674,0.0,0.0
776,Daraz,131.0,2026-03-25T20:02:53.412501,0.0,0.0
776,Daraz,131.0,2026-03-25T20:02:53.479604,0.0,0.0
776,Daraz,131.0,2026-03-25T20:02:53.571125,0.0,0.0
776,Daraz,131.0,2026-03-25T20:02:53.658169,0.0,0.0
776,Daraz,131.0,2026-03-25T20:02:53.761293,0.0,0.0
776,Daraz,131.0,2026-03-25T20:02:53.812659,0.0,0.0
776,Daraz,131.0,2026-03-25T20:02:53.914222,0.0,0.0
776,Daraz,131.0,2026-03-25T20:02:54.010534,0.0,0.0
776,Daraz,131.0,2026-03-25T20:02:54.081751,0.0,0.0
776,Daraz,131.0,2026-03-25T20:02:54.154522,0.0,0.0
776,Daraz,131.0,2026-03-25T20:02:54.242383,0.0,0.0
776,Daraz,131.0,2026-03-25T20:02:54.321842,0.0,0.0
776,Daraz,131.0,2026-03-25T20:02:54.413152,0.0,0.0
776,Daraz,131.0,2026-03-25T20:02:54.492705,0.0,0.0
776,Daraz,131.0,2026-03-25T20:02:54.569209,0.0,0.0
776,Daraz,131.0,2026-03-25T20:02:54.652290,0.0,0.0
776,Daraz,131.0,2026-03-25T20:02:54.735471,0.0,0.0
776,Daraz,131.0,2026-03-25T20:02:54.835464,0.0,0.0
776,Daraz,131.0,2026-03-25T20:02:54.924525,0.0,0.0
776,Daraz,131.0,2026-03-25T20:02:55.016115,0.0,0.0
776,Daraz,131.0,2026-03-25T20:02:55.093020,0.0,0.0
776,Daraz,131.0,2026-03-25T20:02:55.154833,0.0,0.0
776,Daraz,131.0,2026-03-25T20:02:55.219041,0.0,0.0
776,Daraz,131.0,2026-03-25T20:02:55.302382,0.0,0.0
776,Daraz,131.0,2026-03-25T20:02:55.368464,0.0,0.0
776,Daraz,131.0,2026-03-25T20:02:55.452099,0.0,0.0
776,Daraz,131.0,2026-03-25T20:02:55.534650,0.0,0.0
776,Daraz,131.0,2026-03-25T20:02:55.584708,0.0,0.0
776,Daraz,131.0,2026-03-25T20:02:55.668648,0.0,0.0
776,Daraz,131.0,2026-03-25T20:02:55.752632,0.0,0.0
776,Daraz,131.0,2026-03-25T20:02:55.818839,0.0,0.0
776,Daraz,131.0,2026-03-25T20:02:55.901065,0.0,0.0
776,Daraz,131.0,2026-03-25T20:02:55.972967,0.0,0.0
776,Daraz,131.0,2026-03-25T20:02:56.064568,0.0,0.0
776,Daraz,131.0,2026-03-25T20:02:56.142704,0.0,0.0
776,Daraz,131.0,2026-03-25T20:02:56.226349,0.0,0.0
776,Daraz,131.0,2026-03-25T20:02:56.321548,0.0,0.0
776,Daraz,131.0,2026-03-25T20:02:56.400586,0.0,0.0
776,Daraz,131.0,2026-03-25T20:02:56.457473,0.0,0.0
776,Daraz,131.0,2026-03-25T20:02:56.541273,0.0,0.0
776,Daraz,131.0,2026-03-25T20:02:56.626112,0.0,0.0
776,Daraz,131.0,2026-03-25T20:02:56.691459,0.0,0.0
776,Daraz,131.0,2026-03-25T20:02:56.770115,0.0,0.0
776,Daraz,131.0,2026-03-25T20:02:56.841671,0.0,0.0
776,Daraz,131.0,2026-03-25T20:02:56.924727,0.0,0.0
776,Daraz,131.0,2026-03-25T20:02:56.991233,0.0,0.0
776,Daraz,131.0,2026-03-25T20:02:57.074744,0.0,0.0
776,Daraz,131.0,2026-03-25T20:02:57.141354,0.0,0.0
776,Daraz,131.0,2026-03-25T20:02:57.240329,0.0,0.0
776,Daraz,131.0,2026-03-25T20:02:57.308116,0.0,0.0
776,Daraz,131.0,2026-03-25T20:02:57.387252,0.0,0.0
776,Daraz,131.0,2026-03-25T20:02:57.472964,0.0,0.0
776,Daraz,131.0,2026-03-25T20:02:57.541028,0.0,0.0
776,Daraz,131.0,2026-03-25T20:02:57.640736,0.0,0.0
776,Daraz,131.0,2026-03-25T20:02:57.740594,0.0,0.0
776,Daraz,131.0,2026-03-25T20:02:57.807691,0.0,0.0
776,Daraz,131.0,2026-03-25T20:02:57.890580,0.0,0.0
776,Daraz,131.0,2026-03-25T20:02:57.957386,0.0,0.0
776,Daraz,131.0,2026-03-25T20:02:58.050716,0.0,0.0
776,Daraz,131.0,2026-03-25T20:02:58.126261,0.0,0.0
776,Daraz,131.0,2026-03-25T20:02:58.205193,0.0,0.0
776,Daraz,131.0,2026-03-25T20:02:58.285944,0.0,0.0
776,Daraz,131.0,2026-03-25T20:02:58.380764,0.0,0.0
776,Daraz,131.0,2026-03-25T20:02:58.459970,0.0,0.0
776,Daraz,131.0,2026-03-25T20:02:58.530547,0.0,0.0
776,Daraz,131.0,2026-03-25T20:02:58.612990,0.0,0.0
776,Daraz,131.0,2026-03-25T20:02:58.679991,0.0,0.0
776,Daraz,131.0,2026-03-25T20:02:58.746493,0.0,0.0
776,Daraz,131.0,2026-03-25T20:02:58.813245,0.0,0.0
776,Daraz,131.0,2026-03-25T20:02:58.896847,0.0,0.0
776,Daraz,131.0,2026-03-25T20:02:58.996013,0.0,0.0
776,Daraz,131.0,2026-03-25T20:02:59.059089,0.0,0.0
776,Daraz,131.0,2026-03-25T20:02:59.113833,0.0,0.0
776,Daraz,131.0,2026-03-25T20:02:59.197825,0.0,0.0
776,Daraz,131.0,2026-03-25T20:02:59.289273,0.0,0.0
776,Daraz,131.0,2026-03-25T20:02:59.378453,0.0,0.0
776,Daraz,131.0,2026-03-25T20:02:59.472984,0.0,0.0
776,Daraz,131.0,2026-03-25T20:02:59.559560,0.0,0.0
776,Daraz,131.0,2026-03-25T20:02:59.634647,0.0,0.0
776,Daraz,131.0,2026-03-25T20:02:59.717997,0.0,0.0
776,Daraz,131.0,2026-03-25T20:02:59.801314,0.0,0.0
776,Daraz,131.0,2026-03-25T20:02:59.884387,0.0,0.0
776,Daraz,131.0,2026-03-25T20:02:59.951242,0.0,0.0
776,Daraz,131.0,2026-03-25T20:03:00.034315,0.0,0.0
776,Daraz,131.0,2026-03-25T20:03:00.118364,0.0,0.0
776,Daraz,131.0,2026-03-25T20:03:00.184526,0.0,0.0
776,Daraz,131.0,2026-03-25T20:03:00.266685,0.0,0.0
776,Daraz,131.0,2026-03-25T20:03:00.330739,0.0,0.0
776,Daraz,131.0,2026-03-25T20:03:00.402125,0.0,0.0
776,Daraz,131.0,2026-03-25T20:03:00.475334,0.0,0.0
776,Daraz,131.0,2026-03-25T20:03:00.562752,0.0,0.0
776,Daraz,131.0,2026-03-25T20:03:00.654437,0.0,0.0
776,Daraz,131.0,2026-03-25T20:03:00.734371,0.0,0.0
776,Daraz,131.0,2026-03-25T20:03:00.804021,0.0,0.0
776,Daraz,131.0,2026-03-25T20:03:00.873309,0.0,0.0
776,Daraz,131.0,2026-03-25T20:03:00.953945,0.0,0.0
776,Daraz,131.0,2026-03-25T20:03:01.036816,0.0,0.0
776,Daraz,131.0,2026-03-25T20:03:01.119990,0.0,0.0
777,Daraz,131.0,2026-03-25T20:03:01.220592,0.0,0.0
778,Daraz,166.0,2026-03-25T20:03:01.302098,0.0,0.0
779,Daraz,186.0,2026-03-25T20:03:01.369673,0.0,0.0
780,Daraz,186.0,2026-03-25T20:03:01.452830,0.0,0.0
781,Daraz,211.0,2026-03-25T20:03:01.558690,0.0,0.0
782,Daraz,211.0,2026-03-25T20:03:01.636207,0.0,0.0
783,Daraz,223.0,2026-03-25T20:03:01.768900,0.0,0.0
784,Daraz,225.0,2026-03-25T20:03:01.887644,0.0,0.0
785,Daraz,249.0,2026-03-25T20:03:02.001542,0.0,0.0
786,Daraz,249.0,2026-03-25T20:03:02.086166,0.0,0.0
787,Daraz,249.0,2026-03-25T20:03:02.168770,0.0,0.0
788,Daraz,249.0,2026-03-25T20:03:02.236212,0.0,0.0
789,Daraz,259.0,2026-03-25T20:03:02.356403,0.0,0.0
790,Daraz,275.0,2026-03-25T20:03:02.474388,0.0,0.0
791,Daraz,275.0,2026-03-25T20:03:02.575608,0.0,0.0
792,Daraz,311.0,2026-03-25T20:03:02.707646,0.0,0.0
793,Daraz,332.0,2026-03-25T20:03:02.804009,0.0,0.0
794,Daraz,1100.0,2026-03-25T20:03:02.930271,0.0,0.0
795,Daraz,405.0,2026-03-25T20:03:03.021923,0.0,0.0
796,Daraz,1720.0,2026-03-25T20:03:03.111374,0.0,0.0
797,Daraz,450.0,2026-03-25T20:03:03.230903,0.0,0.0
798,Daraz,1755.0,2026-03-25T20:03:03.326839,0.0,0.0
799,Daraz,480.0,2026-03-25T20:03:03.425632,0.0,0.0
3,Daraz,1850.0,2026-03-25T20:03:03.528736,0.0,0.0
800,Daraz,629.0,2026-03-25T20:03:03.640119,0.0,0.0
583,Daraz,2000.0,2026-03-25T20:03:03.761401,-38000.0,-95.0
777,Daraz,131.0,2026-03-25T20:03:03.881885,0.0,0.0
776,Daraz,131.0,2026-03-25T20:03:03.981133,0.0,0.0
777,Daraz,131.0,2026-03-25T20:03:04.106287,0.0,0.0
778,Daraz,166.0,2026-03-25T20:03:04.241399,0.0,0.0
779,Daraz,186.0,2026-03-25T20:03:04.325543,0.0,0.0
780,Daraz,186.0,2026-03-25T20:03:04.462447,0.0,0.0
781,Daraz,211.0,2026-03-25T20:03:04.577521,0.0,0.0
782,Daraz,211.0,2026-03-25T20:03:04.677341,0.0,0.0
783,Daraz,223.0,2026-03-25T20:03:04.778245,0.0,0.0
784,Daraz,225.0,2026-03-25T20:03:04.888764,0.0,0.0
785,Daraz,249.0,2026-03-25T20:03:04.991369,0.0,0.0
786,Daraz,249.0,2026-03-25T20:03:05.114004,0.0,0.0
787,Daraz,249.0,2026-03-25T20:03:05.229236,0.0,0.0
788,Daraz,249.0,2026-03-25T20:03:05.345995,0.0,0.0
789,Daraz,259.0,2026-03-25T20:03:05.443525,0.0,0.0
790,Daraz,275.0,2026-03-25T20:03:05.528840,0.0,0.0
791,Daraz,275.0,2026-03-25T20:03:05.632593,0.0,0.0
792,Daraz,311.0,2026-03-25T20:03:05.748922,0.0,0.0
793,Daraz,332.0,2026-03-25T20:03:05.880956,0.0,0.0
794,Daraz,1100.0,2026-03-25T20:03:05.961590,0.0,0.0
795,Daraz,405.0,2026-03-25T20:03:06.060918,0.0,0.0
796,Daraz,1720.0,2026-03-25T20:03:06.199698,0.0,0.0
797,Daraz,450.0,2026-03-25T20:03:06.289168,0.0,0.0
798,Daraz,1755.0,2026-03-25T20:03:06.532584,0.0,0.0
799,Daraz,480.0,2026-03-25T20:03:06.615327,0.0,0.0
3,Daraz,1850.0,2026-03-25T20:03:06.727157,0.0,0.0
800,Daraz,629.0,2026-03-25T20:03:06.831268,0.0,0.0
583,Daraz,2000.0,2026-03-25T20:03:06.930969,0.0,0.0
801,Daraz,749.0,2026-03-25T20:03:07.064318,0.0,0.0
173,Daraz,2149.0,2026-03-25T20:03:07.163722,0.0,0.0
802,Daraz,749.0,2026-03-25T20:03:07.264091,0.0,0.0
584,Daraz,2200.0,2026-03-25T20:03:07.365438,0.0,0.0
7,Hukut,88000.0,2026-03-25T20:03:07.449641,0.0,0.0
803,Hukut,89999.0,2026-03-25T20:03:07.542502,0.0,0.0
804,Hukut,98000.0,2026-03-25T20:03:07.647186,0.0,0.0
805,Hukut,99000.0,2026-03-25T20:03:07.730514,0.0,0.0
806,Daraz,152500.0,2026-03-25T20:03:07.812861,0.0,0.0
807,Daraz,150.0,2026-03-25T20:03:07.931200,0.0,0.0
808,Daraz,189.0,2026-03-25T20:03:08.045279,0.0,0.0
809,Daraz,370.0,2026-03-25T20:03:08.146813,0.0,0.0
810,Daraz,383.0,2026-03-25T20:03:08.214017,-39.0,-9.24170616113744
810,Daraz,422.0,2026-03-25T20:03:08.313832,39.0,10.182767624020887
778,Daraz,166.0,2026-03-25T20:03:08.414130,0.0,0.0
776,Daraz,131.0,2026-03-25T20:03:08.530024,0.0,0.0
777,Daraz,131.0,2026-03-25T20:03:08.629683,0.0,0.0
778,Daraz,166.0,2026-03-25T20:03:08.716001,0.0,0.0
779,Daraz,186.0,2026-03-25T20:03:08.809588,0.0,0.0
780,Daraz,186.0,2026-03-25T20:03:08.895707,0.0,0.0
781,Daraz,211.0,2026-03-25T20:03:09.012614,0.0,0.0
782,Daraz,211.0,2026-03-25T20:03:09.095757,0.0,0.0
783,Daraz,223.0,2026-03-25T20:03:09.195195,0.0,0.0
784,Daraz,225.0,2026-03-25T20:03:09.329582,0.0,0.0
785,Daraz,249.0,2026-03-25T20:03:09.428408,0.0,0.0
786,Daraz,249.0,2026-03-25T20:03:09.511961,0.0,0.0
787,Daraz,249.0,2026-03-25T20:03:09.646631,0.0,0.0
788,Daraz,249.0,2026-03-25T20:03:09.778820,0.0,0.0
789,Daraz,259.0,2026-03-25T20:03:09.860241,0.0,0.0
790,Daraz,275.0,2026-03-25T20:03:09.948046,0.0,0.0
791,Daraz,275.0,2026-03-25T20:03:10.028877,0.0,0.0
792,Daraz,311.0,2026-03-25T20:03:10.120378,0.0,0.0
793,Daraz,332.0,2026-03-25T20:03:10.195248,0.0,0.0
794,Daraz,1100.0,2026-03-25T20:03:10.310249,0.0,0.0
795,Daraz,405.0,2026-03-25T20:03:10.424967,0.0,0.0
796,Daraz,1720.0,2026-03-25T20:03:10.516934,0.0,0.0
797,Daraz,450.0,2026-03-25T20:03:10.618484,0.0,0.0
798,Daraz,1755.0,2026-03-25T20:03:10.734581,0.0,0.0
799,Daraz,480.0,2026-03-25T20:03:10.825966,0.0,0.0
3,Daraz,1850.0,2026-03-25T20:03:10.941190,0.0,0.0
800,Daraz,629.0,2026-03-25T20:03:11.062768,0.0,0.0
583,Daraz,2000.0,2026-03-25T20:03:11.162108,0.0,0.0
801,Daraz,749.0,2026-03-25T20:03:11.244146,0.0,0.0
173,Daraz,2149.0,2026-03-25T20:03:11.390845,0.0,0.0
802,Daraz,749.0,2026-03-25T20:03:11.476496,0.0,0.0
584,Daraz,2200.0,2026-03-25T20:03:11.610611,0.0,0.0
7,Hukut,88000.0,2026-03-25T20:03:11.711354,0.0,0.0
803,Hukut,89999.0,2026-03-25T20:03:11.782168,0.0,0.0
804,Hukut,98000.0,2026-03-25T20:03:11.876850,0.0,0.0
805,Hukut,99000.0,2026-03-25T20:03:11.987951,0.0,0.0
806,Daraz,152500.0,2026-03-25T20:03:12.105360,0.0,0.0
807,Daraz,150.0,2026-03-25T20:03:12.222154,0.0,0.0
808,Daraz,189.0,2026-03-25T20:03:12.308785,0.0,0.0
809,Daraz,370.0,2026-03-25T20:03:12.411625,0.0,0.0
810,Daraz,383.0,2026-03-25T20:03:12.524907,-39.0,-9.24170616113744
810,Daraz,422.0,2026-03-25T20:03:12.635127,39.0,10.182767624020887
779,Daraz,186.0,2026-03-25T20:03:12.736198,0.0,0.0
776,Daraz,131.0,2026-03-25T20:03:12.856564,0.0,0.0
777,Daraz,131.0,2026-03-25T20:03:12.970391,0.0,0.0
778,Daraz,166.0,2026-03-25T20:03:13.053751,0.0,0.0
779,Daraz,186.0,2026-03-25T20:03:13.169108,0.0,0.0
780,Daraz,186.0,2026-03-25T20:03:13.296349,0.0,0.0
781,Daraz,211.0,2026-03-25T20:03:13.398522,0.0,0.0
782,Daraz,211.0,2026-03-25T20:03:13.481209,0.0,0.0
783,Daraz,223.0,2026-03-25T20:03:13.586175,0.0,0.0
784,Daraz,225.0,2026-03-25T20:03:13.701264,0.0,0.0
785,Daraz,249.0,2026-03-25T20:03:13.762937,0.0,0.0
786,Daraz,249.0,2026-03-25T20:03:13.914968,0.0,0.0
787,Daraz,249.0,2026-03-25T20:03:14.016591,0.0,0.0
788,Daraz,249.0,2026-03-25T20:03:14.138566,0.0,0.0
789,Daraz,259.0,2026-03-25T20:03:14.253914,0.0,0.0
790,Daraz,275.0,2026-03-25T20:03:14.387795,0.0,0.0
791,Daraz,275.0,2026-03-25T20:03:14.554356,0.0,0.0
792,Daraz,311.0,2026-03-25T20:03:14.701252,0.0,0.0
793,Daraz,332.0,2026-03-25T20:03:14.840889,0.0,0.0
794,Daraz,1100.0,2026-03-25T20:03:14.934326,0.0,0.0
795,Daraz,405.0,2026-03-25T20:03:15.060029,0.0,0.0
796,Daraz,1720.0,2026-03-25T20:03:15.146280,0.0,0.0
797,Daraz,450.0,2026-03-25T20:03:15.247254,0.0,0.0
798,Daraz,1755.0,2026-03-25T20:03:15.355795,0.0,0.0
799,Daraz,480.0,2026-03-25T20:03:15.481058,0.0,0.0
3,Daraz,1850.0,2026-03-25T20:03:15.638416,0.0,0.0
800,Daraz,629.0,2026-03-25T20:03:15.764212,0.0,0.0
583,Daraz,2000.0,2026-03-25T20:03:15.893491,0.0,0.0
801,Daraz,749.0,2026-03-25T20:03:16.010803,0.0,0.0
173,Daraz,2149.0,2026-03-25T20:03:16.126828,0.0,0.0
802,Daraz,749.0,2026-03-25T20:03:16.233761,0.0,0.0
584,Daraz,2200.0,2026-03-25T20:03:16.338206,0.0,0.0
7,Hukut,88000.0,2026-03-25T20:03:16.431999,0.0,0.0
803,Hukut,89999.0,2026-03-25T20:03:16.514058,0.0,0.0
804,Hukut,98000.0,2026-03-25T20:03:16.639030,0.0,0.0
805,Hukut,99000.0,2026-03-25T20:03:16.716040,0.0,0.0
806,Daraz,152500.0,2026-03-25T20:03:16.873384,0.0,0.0
807,Daraz,150.0,2026-03-25T20:03:16.997279,0.0,0.0
808,Daraz,189.0,2026-03-25T20:03:17.110658,0.0,0.0
809,Daraz,370.0,2026-03-25T20:03:17.198825,0.0,0.0
810,Daraz,383.0,2026-03-25T20:03:17.323552,-39.0,-9.24170616113744
810,Daraz,422.0,2026-03-25T20:03:17.390467,39.0,10.182767624020887
780,Daraz,186.0,2026-03-25T20:03:17.495151,0.0,0.0
776,Daraz,131.0,2026-03-25T20:03:17.623746,0.0,0.0
777,Daraz,131.0,2026-03-25T20:03:17.742446,0.0,0.0
778,Daraz,166.0,2026-03-25T20:03:17.838147,0.0,0.0
779,Daraz,186.0,2026-03-25T20:03:17.977173,0.0,0.0
780,Daraz,186.0,2026-03-25T20:03:18.085422,0.0,0.0
781,Daraz,211.0,2026-03-25T20:03:18.237652,0.0,0.0
782,Daraz,211.0,2026-03-25T20:03:18.363809,0.0,0.0
783,Daraz,223.0,2026-03-25T20:03:18.498641,0.0,0.0
784,Daraz,225.0,2026-03-25T20:03:18.615329,0.0,0.0
785,Daraz,249.0,2026-03-25T20:03:18.738514,0.0,0.0
786,Daraz,249.0,2026-03-25T20:03:18.846113,0.0,0.0
787,Daraz,249.0,2026-03-25T20:03:18.969629,0.0,0.0
788,Daraz,249.0,2026-03-25T20:03:19.086018,0.0,0.0
789,Daraz,259.0,2026-03-25T20:03:19.202600,0.0,0.0
790,Daraz,275.0,2026-03-25T20:03:19.302095,0.0,0.0
791,Daraz,275.0,2026-03-25T20:03:19.440838,0.0,0.0
792,Daraz,311.0,2026-03-25T20:03:19.588092,0.0,0.0
793,Daraz,332.0,2026-03-25T20:03:19.688067,0.0,0.0
794,Daraz,1100.0,2026-03-25T20:03:19.825237,0.0,0.0
795,Daraz,405.0,2026-03-25T20:03:19.966140,0.0,0.0
796,Daraz,1720.0,2026-03-25T20:03:20.059686,0.0,0.0
797,Daraz,450.0,2026-03-25T20:03:20.218522,0.0,0.0
798,Daraz,1755.0,2026-03-25T20:03:20.309754,0.0,0.0
799,Daraz,480.0,2026-03-25T20:03:20.404135,0.0,0.0
3,Daraz,1850.0,2026-03-25T20:03:20.528870,0.0,0.0
800,Daraz,629.0,2026-03-25T20:03:20.622293,0.0,0.0
583,Daraz,2000.0,2026-03-25T20:03:20.731665,0.0,0.0
801,Daraz,749.0,2026-03-25T20:03:20.825741,0.0,0.0
173,Daraz,2149.0,2026-03-25T20:03:20.934308,0.0,0.0
802,Daraz,749.0,2026-03-25T20:03:21.036411,0.0,0.0
584,Daraz,2200.0,2026-03-25T20:03:21.170066,0.0,0.0
7,Hukut,88000.0,2026-03-25T20:03:21.310738,0.0,0.0
803,Hukut,89999.0,2026-03-25T20:03:21.372970,0.0,0.0
804,Hukut,98000.0,2026-03-25T20:03:21.498245,0.0,0.0
805,Hukut,99000.0,2026-03-25T20:03:21.607202,0.0,0.0
806,Daraz,152500.0,2026-03-25T20:03:21.731082,0.0,0.0
807,Daraz,150.0,2026-03-25T20:03:21.846813,0.0,0.0
808,Daraz,189.0,2026-03-25T20:03:21.981312,0.0,0.0
809,Daraz,370.0,2026-03-25T20:03:22.090924,0.0,0.0
810,Daraz,383.0,2026-03-25T20:03:22.216084,-39.0,-9.24170616113744
810,Daraz,422.0,2026-03-25T20:03:22.309548,39.0,10.182767624020887
781,Daraz,211.0,2026-03-25T20:03:22.418045,0.0,0.0
776,Daraz,131.0,2026-03-25T20:03:22.528288,0.0,0.0
777,Daraz,131.0,2026-03-25T20:03:22.636830,0.0,0.0
778,Daraz,166.0,2026-03-25T20:03:22.746679,0.0,0.0
779,Daraz,186.0,2026-03-25T20:03:22.856390,0.0,0.0
780,Daraz,186.0,2026-03-25T20:03:22.936551,0.0,0.0
781,Daraz,211.0,2026-03-25T20:03:23.012149,0.0,0.0
782,Daraz,211.0,2026-03-25T20:03:23.138814,0.0,0.0
783,Daraz,223.0,2026-03-25T20:03:23.284311,0.0,0.0
784,Daraz,225.0,2026-03-25T20:03:23.430568,0.0,0.0
785,Daraz,249.0,2026-03-25T20:03:23.557416,0.0,0.0
786,Daraz,249.0,2026-03-25T20:03:23.705707,0.0,0.0
787,Daraz,249.0,2026-03-25T20:03:23.842118,0.0,0.0
788,Daraz,249.0,2026-03-25T20:03:23.940006,0.0,0.0
789,Daraz,259.0,2026-03-25T20:03:24.032403,0.0,0.0
790,Daraz,275.0,2026-03-25T20:03:24.164376,0.0,0.0
791,Daraz,275.0,2026-03-25T20:03:24.298694,0.0,0.0
792,Daraz,311.0,2026-03-25T20:03:24.411914,0.0,0.0
793,Daraz,332.0,2026-03-25T20:03:24.548498,0.0,0.0
794,Daraz,1100.0,2026-03-25T20:03:24.680997,0.0,0.0
795,Daraz,405.0,2026-03-25T20:03:24.820450,0.0,0.0
796,Daraz,1720.0,2026-03-25T20:03:24.934407,0.0,0.0
797,Daraz,450.0,2026-03-25T20:03:25.059821,0.0,0.0
798,Daraz,1755.0,2026-03-25T20:03:25.185484,0.0,0.0
799,Daraz,480.0,2026-03-25T20:03:25.259707,0.0,0.0
3,Daraz,1850.0,2026-03-25T20:03:25.323333,0.0,0.0
800,Daraz,629.0,2026-03-25T20:03:25.403334,0.0,0.0
583,Daraz,2000.0,2026-03-25T20:03:25.529480,0.0,0.0
801,Daraz,749.0,2026-03-25T20:03:25.654202,0.0,0.0
173,Daraz,2149.0,2026-03-25T20:03:25.764674,0.0,0.0
802,Daraz,749.0,2026-03-25T20:03:25.888568,0.0,0.0
584,Daraz,2200.0,2026-03-25T20:03:25.993352,0.0,0.0
7,Hukut,88000.0,2026-03-25T20:03:26.081670,0.0,0.0
803,Hukut,89999.0,2026-03-25T20:03:26.132584,0.0,0.0
804,Hukut,98000.0,2026-03-25T20:03:26.257725,0.0,0.0
805,Hukut,99000.0,2026-03-25T20:03:26.378418,0.0,0.0
806,Daraz,152500.0,2026-03-25T20:03:26.481738,0.0,0.0
807,Daraz,150.0,2026-03-25T20:03:26.594697,0.0,0.0
808,Daraz,189.0,2026-03-25T20:03:26.684924,0.0,0.0
809,Daraz,370.0,2026-03-25T20:03:26.802820,0.0,0.0
810,Daraz,383.0,2026-03-25T20:03:26.851850,-39.0,-9.24170616113744
810,Daraz,422.0,2026-03-25T20:03:26.930308,39.0,10.182767624020887
782,Daraz,211.0,2026-03-25T20:03:27.017451,0.0,0.0
776,Daraz,131.0,2026-03-25T20:03:27.116711,0.0,0.0
777,Daraz,131.0,2026-03-25T20:03:27.212535,0.0,0.0
778,Daraz,166.0,2026-03-25T20:03:27.292653,0.0,0.0
779,Daraz,186.0,2026-03-25T20:03:27.369072,0.0,0.0
780,Daraz,186.0,2026-03-25T20:03:27.444867,0.0,0.0
781,Daraz,211.0,2026-03-25T20:03:27.539984,0.0,0.0
782,Daraz,211.0,2026-03-25T20:03:27.635293,0.0,0.0
783,Daraz,223.0,2026-03-25T20:03:27.698174,0.0,0.0
784,Daraz,225.0,2026-03-25T20:03:27.793173,0.0,0.0
785,Daraz,249.0,2026-03-25T20:03:27.871794,0.0,0.0
786,Daraz,249.0,2026-03-25T20:03:27.939004,0.0,0.0
787,Daraz,249.0,2026-03-25T20:03:28.026012,0.0,0.0
788,Daraz,249.0,2026-03-25T20:03:28.115591,0.0,0.0
789,Daraz,259.0,2026-03-25T20:03:28.197228,0.0,0.0
790,Daraz,275.0,2026-03-25T20:03:28.277185,0.0,0.0
791,Daraz,275.0,2026-03-25T20:03:28.381561,0.0,0.0
792,Daraz,311.0,2026-03-25T20:03:28.455371,0.0,0.0
793,Daraz,332.0,2026-03-25T20:03:28.556167,0.0,0.0
794,Daraz,1100.0,2026-03-25T20:03:28.638356,0.0,0.0
795,Daraz,405.0,2026-03-25T20:03:28.704928,0.0,0.0
796,Daraz,1720.0,2026-03-25T20:03:28.784954,0.0,0.0
797,Daraz,450.0,2026-03-25T20:03:28.918983,0.0,0.0
798,Daraz,1755.0,2026-03-25T20:03:29.055815,0.0,0.0
799,Daraz,480.0,2026-03-25T20:03:29.155468,0.0,0.0
3,Daraz,1850.0,2026-03-25T20:03:29.285698,0.0,0.0
800,Daraz,629.0,2026-03-25T20:03:29.388420,0.0,0.0
583,Daraz,2000.0,2026-03-25T20:03:29.490848,0.0,0.0
801,Daraz,749.0,2026-03-25T20:03:29.574745,0.0,0.0
173,Daraz,2149.0,2026-03-25T20:03:29.685373,0.0,0.0
802,Daraz,749.0,2026-03-25T20:03:29.812672,0.0,0.0
584,Daraz,2200.0,2026-03-25T20:03:29.873924,0.0,0.0
7,Hukut,88000.0,2026-03-25T20:03:29.986881,0.0,0.0
803,Hukut,89999.0,2026-03-25T20:03:30.099797,0.0,0.0
804,Hukut,98000.0,2026-03-25T20:03:30.174992,0.0,0.0
805,Hukut,99000.0,2026-03-25T20:03:30.281797,0.0,0.0
806,Daraz,152500.0,2026-03-25T20:03:30.369940,0.0,0.0
807,Daraz,150.0,2026-03-25T20:03:30.482666,0.0,0.0
808,Daraz,189.0,2026-03-25T20:03:30.566795,0.0,0.0
809,Daraz,370.0,2026-03-25T20:03:30.653996,0.0,0.0
810,Daraz,383.0,2026-03-25T20:03:30.754114,-39.0,-9.24170616113744
810,Daraz,422.0,2026-03-25T20:03:30.820677,39.0,10.182767624020887
783,Daraz,223.0,2026-03-25T20:03:30.962347,0.0,0.0
776,Daraz,131.0,2026-03-25T20:03:31.051470,0.0,0.0
777,Daraz,131.0,2026-03-25T20:03:31.200324,0.0,0.0
778,Daraz,166.0,2026-03-25T20:03:31.278623,0.0,0.0
779,Daraz,186.0,2026-03-25T20:03:31.396889,0.0,0.0
780,Daraz,186.0,2026-03-25T20:03:31.495080,0.0,0.0
781,Daraz,211.0,2026-03-25T20:03:31.630411,0.0,0.0
782,Daraz,211.0,2026-03-25T20:03:31.779984,0.0,0.0
783,Daraz,223.0,2026-03-25T20:03:31.887816,0.0,0.0
784,Daraz,225.0,2026-03-25T20:03:32.008886,0.0,0.0
785,Daraz,249.0,2026-03-25T20:03:32.094582,0.0,0.0
786,Daraz,249.0,2026-03-25T20:03:32.201368,0.0,0.0
787,Daraz,249.0,2026-03-25T20:03:32.328866,0.0,0.0
788,Daraz,249.0,2026-03-25T20:03:32.465752,0.0,0.0
789,Daraz,259.0,2026-03-25T20:03:32.556946,0.0,0.0
790,Daraz,275.0,2026-03-25T20:03:32.628040,0.0,0.0
791,Daraz,275.0,2026-03-25T20:03:32.711788,0.0,0.0
792,Daraz,311.0,2026-03-25T20:03:32.777762,0.0,0.0
793,Daraz,332.0,2026-03-25T20:03:32.861700,0.0,0.0
794,Daraz,1100.0,2026-03-25T20:03:32.944425,0.0,0.0
795,Daraz,405.0,2026-03-25T20:03:33.028209,0.0,0.0
796,Daraz,1720.0,2026-03-25T20:03:33.109726,0.0,0.0
797,Daraz,450.0,2026-03-25T20:03:33.196899,0.0,0.0
798,Daraz,1755.0,2026-03-25T20:03:33.312613,0.0,0.0
799,Daraz,480.0,2026-03-25T20:03:33.375722,0.0,0.0
3,Daraz,1850.0,2026-03-25T20:03:33.455031,0.0,0.0
800,Daraz,629.0,2026-03-25T20:03:33.540840,0.0,0.0
583,Daraz,2000.0,2026-03-25T20:03:33.638801,0.0,0.0
801,Daraz,749.0,2026-03-25T20:03:33.712635,0.0,0.0
173,Daraz,2149.0,2026-03-25T20:03:33.808343,0.0,0.0
802,Daraz,749.0,2026-03-25T20:03:33.888114,0.0,0.0
584,Daraz,2200.0,2026-03-25T20:03:33.983216,0.0,0.0
7,Hukut,88000.0,2026-03-25T20:03:34.046395,0.0,0.0
803,Hukut,89999.0,2026-03-25T20:03:34.110424,0.0,0.0
804,Hukut,98000.0,2026-03-25T20:03:34.188043,0.0,0.0
805,Hukut,99000.0,2026-03-25T20:03:34.283689,0.0,0.0
806,Daraz,152500.0,2026-03-25T20:03:34.378453,0.0,0.0
807,Daraz,150.0,2026-03-25T20:03:34.473663,0.0,0.0
808,Daraz,189.0,2026-03-25T20:03:34.578894,0.0,0.0
809,Daraz,370.0,2026-03-25T20:03:34.675675,0.0,0.0
776,Daraz,131.0,2026-03-25T20:04:15.012119,0.0,0.0
776,Daraz,131.0,2026-03-25T20:04:15.145630,0.0,0.0
776,Daraz,131.0,2026-03-25T20:04:15.262045,0.0,0.0
776,Daraz,131.0,2026-03-25T20:04:15.395324,0.0,0.0
776,Daraz,131.0,2026-03-25T20:04:15.511850,0.0,0.0
776,Daraz,131.0,2026-03-25T20:04:15.678272,0.0,0.0
776,Daraz,131.0,2026-03-25T20:04:15.795503,0.0,0.0
776,Daraz,131.0,2026-03-25T20:04:15.909510,0.0,0.0
776,Daraz,131.0,2026-03-25T20:04:16.044092,0.0,0.0
776,Daraz,131.0,2026-03-25T20:04:16.177490,0.0,0.0
776,Daraz,131.0,2026-03-25T20:04:16.321923,0.0,0.0
776,Daraz,131.0,2026-03-25T20:04:16.450081,0.0,0.0
776,Daraz,131.0,2026-03-25T20:04:16.577632,0.0,0.0
776,Daraz,131.0,2026-03-25T20:04:16.727590,0.0,0.0
776,Daraz,131.0,2026-03-25T20:04:16.872299,0.0,0.0
776,Daraz,131.0,2026-03-25T20:04:16.974597,0.0,0.0
776,Daraz,131.0,2026-03-25T20:04:17.058143,0.0,0.0
776,Daraz,131.0,2026-03-25T20:04:17.200366,0.0,0.0
776,Daraz,131.0,2026-03-25T20:04:17.355397,0.0,0.0
776,Daraz,131.0,2026-03-25T20:04:17.477036,0.0,0.0
776,Daraz,131.0,2026-03-25T20:04:17.593363,0.0,0.0
776,Daraz,131.0,2026-03-25T20:04:17.691984,0.0,0.0
776,Daraz,131.0,2026-03-25T20:04:17.809951,0.0,0.0
776,Daraz,131.0,2026-03-25T20:04:17.910353,0.0,0.0
776,Daraz,131.0,2026-03-25T20:04:18.016547,0.0,0.0
776,Daraz,131.0,2026-03-25T20:04:18.125591,0.0,0.0
776,Daraz,131.0,2026-03-25T20:04:18.242967,0.0,0.0
776,Daraz,131.0,2026-03-25T20:04:18.395274,0.0,0.0
776,Daraz,131.0,2026-03-25T20:04:18.557961,0.0,0.0
776,Daraz,131.0,2026-03-25T20:04:18.691857,0.0,0.0
776,Daraz,131.0,2026-03-25T20:04:18.827382,0.0,0.0
776,Daraz,131.0,2026-03-25T20:04:18.935138,0.0,0.0
776,Daraz,131.0,2026-03-25T20:04:19.025594,0.0,0.0
776,Daraz,131.0,2026-03-25T20:04:19.166872,0.0,0.0
776,Daraz,131.0,2026-03-25T20:04:19.291109,0.0,0.0
776,Daraz,131.0,2026-03-25T20:04:19.408647,0.0,0.0
776,Daraz,131.0,2026-03-25T20:04:19.496948,0.0,0.0
776,Daraz,131.0,2026-03-25T20:04:19.623352,0.0,0.0
776,Daraz,131.0,2026-03-25T20:04:19.757690,0.0,0.0
776,Daraz,131.0,2026-03-25T20:04:19.915951,0.0,0.0
776,Daraz,131.0,2026-03-25T20:04:20.008096,0.0,0.0
776,Daraz,131.0,2026-03-25T20:04:20.152915,0.0,0.0
776,Daraz,131.0,2026-03-25T20:04:20.291178,0.0,0.0
776,Daraz,131.0,2026-03-25T20:04:20.409930,0.0,0.0
776,Daraz,131.0,2026-03-25T20:04:20.540370,0.0,0.0
776,Daraz,131.0,2026-03-25T20:04:20.668280,0.0,0.0
776,Daraz,131.0,2026-03-25T20:04:20.795767,0.0,0.0
776,Daraz,131.0,2026-03-25T20:04:20.920099,0.0,0.0
776,Daraz,131.0,2026-03-25T20:04:21.073863,0.0,0.0
776,Daraz,131.0,2026-03-25T20:04:21.207120,0.0,0.0
776,Daraz,131.0,2026-03-25T20:04:21.336077,0.0,0.0
776,Daraz,131.0,2026-03-25T20:04:21.503521,0.0,0.0
776,Daraz,131.0,2026-03-25T20:04:21.607705,0.0,0.0
776,Daraz,131.0,2026-03-25T20:04:21.706583,0.0,0.0
776,Daraz,131.0,2026-03-25T20:04:21.838593,0.0,0.0
776,Daraz,131.0,2026-03-25T20:04:21.969323,0.0,0.0
776,Daraz,131.0,2026-03-25T20:04:22.073050,0.0,0.0
776,Daraz,131.0,2026-03-25T20:04:22.176029,0.0,0.0
776,Daraz,131.0,2026-03-25T20:04:22.306360,0.0,0.0
776,Daraz,131.0,2026-03-25T20:04:22.439460,0.0,0.0
776,Daraz,131.0,2026-03-25T20:04:22.555999,0.0,0.0
776,Daraz,131.0,2026-03-25T20:04:22.692561,0.0,0.0
776,Daraz,131.0,2026-03-25T20:04:22.840903,0.0,0.0
776,Daraz,131.0,2026-03-25T20:04:22.986749,0.0,0.0
776,Daraz,131.0,2026-03-25T20:04:23.123908,0.0,0.0
776,Daraz,131.0,2026-03-25T20:04:23.238762,0.0,0.0
776,Daraz,131.0,2026-03-25T20:04:23.406119,0.0,0.0
776,Daraz,131.0,2026-03-25T20:04:23.555095,0.0,0.0
776,Daraz,131.0,2026-03-25T20:04:23.670152,0.0,0.0
776,Daraz,131.0,2026-03-25T20:04:23.787446,0.0,0.0
776,Daraz,131.0,2026-03-25T20:04:23.932329,0.0,0.0
776,Daraz,131.0,2026-03-25T20:04:24.103951,0.0,0.0
776,Daraz,131.0,2026-03-25T20:04:24.262686,0.0,0.0
776,Daraz,131.0,2026-03-25T20:04:24.370174,0.0,0.0
776,Daraz,131.0,2026-03-25T20:04:24.512604,0.0,0.0
776,Daraz,131.0,2026-03-25T20:04:24.620904,0.0,0.0
776,Daraz,131.0,2026-03-25T20:04:24.771568,0.0,0.0
776,Daraz,131.0,2026-03-25T20:04:24.904081,0.0,0.0
776,Daraz,131.0,2026-03-25T20:04:25.053629,0.0,0.0
776,Daraz,131.0,2026-03-25T20:04:25.170573,0.0,0.0
776,Daraz,131.0,2026-03-25T20:04:25.304255,0.0,0.0
776,Daraz,131.0,2026-03-25T20:04:25.454310,0.0,0.0
776,Daraz,131.0,2026-03-25T20:04:25.595394,0.0,0.0
776,Daraz,131.0,2026-03-25T20:04:25.685012,0.0,0.0
776,Daraz,131.0,2026-03-25T20:04:25.841818,0.0,0.0
776,Daraz,131.0,2026-03-25T20:04:25.964627,0.0,0.0
776,Daraz,131.0,2026-03-25T20:04:26.086372,0.0,0.0
776,Daraz,131.0,2026-03-25T20:04:26.200082,0.0,0.0
776,Daraz,131.0,2026-03-25T20:04:26.286075,0.0,0.0
776,Daraz,131.0,2026-03-25T20:04:26.419230,0.0,0.0
776,Daraz,131.0,2026-03-25T20:04:26.536097,0.0,0.0
776,Daraz,131.0,2026-03-25T20:04:26.712381,0.0,0.0
776,Daraz,131.0,2026-03-25T20:04:26.866190,0.0,0.0
776,Daraz,131.0,2026-03-25T20:04:26.995558,0.0,0.0
776,Daraz,131.0,2026-03-25T20:04:27.133814,0.0,0.0
776,Daraz,131.0,2026-03-25T20:04:27.259426,0.0,0.0
776,Daraz,131.0,2026-03-25T20:04:27.418501,0.0,0.0
776,Daraz,131.0,2026-03-25T20:04:27.568622,0.0,0.0
776,Daraz,131.0,2026-03-25T20:04:27.704062,0.0,0.0
776,Daraz,131.0,2026-03-25T20:04:27.849986,0.0,0.0
776,Daraz,131.0,2026-03-25T20:04:27.958656,0.0,0.0
776,Daraz,131.0,2026-03-25T20:04:28.052773,0.0,0.0
776,Daraz,131.0,2026-03-25T20:04:28.201339,0.0,0.0
776,Daraz,131.0,2026-03-25T20:04:28.351294,0.0,0.0
776,Daraz,131.0,2026-03-25T20:04:28.451873,0.0,0.0
776,Daraz,131.0,2026-03-25T20:04:28.567509,0.0,0.0
776,Daraz,131.0,2026-03-25T20:04:28.703610,0.0,0.0
776,Daraz,131.0,2026-03-25T20:04:28.824903,0.0,0.0
776,Daraz,131.0,2026-03-25T20:04:28.964469,0.0,0.0
776,Daraz,131.0,2026-03-25T20:04:29.088014,0.0,0.0
776,Daraz,131.0,2026-03-25T20:04:29.150656,0.0,0.0
776,Daraz,131.0,2026-03-25T20:04:29.249471,0.0,0.0
776,Daraz,131.0,2026-03-25T20:04:29.417149,0.0,0.0
776,Daraz,131.0,2026-03-25T20:04:29.558714,0.0,0.0
776,Daraz,131.0,2026-03-25T20:04:29.683566,0.0,0.0
776,Daraz,131.0,2026-03-25T20:04:29.816737,0.0,0.0
776,Daraz,131.0,2026-03-25T20:04:29.933317,0.0,0.0
776,Daraz,131.0,2026-03-25T20:04:30.065642,0.0,0.0
776,Daraz,131.0,2026-03-25T20:04:30.233985,0.0,0.0
776,Daraz,131.0,2026-03-25T20:04:30.337955,0.0,0.0
776,Daraz,131.0,2026-03-25T20:04:30.449440,0.0,0.0
776,Daraz,131.0,2026-03-25T20:04:30.599375,0.0,0.0
776,Daraz,131.0,2026-03-25T20:04:30.738633,0.0,0.0
776,Daraz,131.0,2026-03-25T20:04:30.842300,0.0,0.0
776,Daraz,131.0,2026-03-25T20:04:30.949059,0.0,0.0
776,Daraz,131.0,2026-03-25T20:04:31.064743,0.0,0.0
776,Daraz,131.0,2026-03-25T20:04:31.148984,0.0,0.0
776,Daraz,131.0,2026-03-25T20:04:31.264820,0.0,0.0
776,Daraz,131.0,2026-03-25T20:04:31.365342,0.0,0.0
776,Daraz,131.0,2026-03-25T20:04:31.466857,0.0,0.0
776,Daraz,131.0,2026-03-25T20:04:31.617467,0.0,0.0
776,Daraz,131.0,2026-03-25T20:04:31.760143,0.0,0.0
776,Daraz,131.0,2026-03-25T20:04:31.848282,0.0,0.0
776,Daraz,131.0,2026-03-25T20:04:31.976723,0.0,0.0
776,Daraz,131.0,2026-03-25T20:04:32.093333,0.0,0.0
776,Daraz,131.0,2026-03-25T20:04:32.186776,0.0,0.0
776,Daraz,131.0,2026-03-25T20:04:32.298268,0.0,0.0
776,Daraz,131.0,2026-03-25T20:04:32.413861,0.0,0.0
776,Daraz,131.0,2026-03-25T20:04:32.513016,0.0,0.0
776,Daraz,131.0,2026-03-25T20:04:32.621777,0.0,0.0
776,Daraz,131.0,2026-03-25T20:04:32.748572,0.0,0.0
776,Daraz,131.0,2026-03-25T20:04:32.840590,0.0,0.0
776,Daraz,131.0,2026-03-25T20:04:32.930118,0.0,0.0
776,Daraz,131.0,2026-03-25T20:04:33.039511,0.0,0.0
776,Daraz,131.0,2026-03-25T20:04:33.169181,0.0,0.0
776,Daraz,131.0,2026-03-25T20:04:33.277560,0.0,0.0
776,Daraz,131.0,2026-03-25T20:04:33.399311,0.0,0.0
776,Daraz,131.0,2026-03-25T20:04:33.516856,0.0,0.0
776,Daraz,131.0,2026-03-25T20:04:33.628130,0.0,0.0
776,Daraz,131.0,2026-03-25T20:04:33.748889,0.0,0.0
776,Daraz,131.0,2026-03-25T20:04:33.856810,0.0,0.0
776,Daraz,131.0,2026-03-25T20:04:33.997230,0.0,0.0
776,Daraz,131.0,2026-03-25T20:04:34.179789,0.0,0.0
776,Daraz,131.0,2026-03-25T20:04:34.318514,0.0,0.0
776,Daraz,131.0,2026-03-25T20:04:34.454798,0.0,0.0
776,Daraz,131.0,2026-03-25T20:04:34.579457,0.0,0.0
776,Daraz,131.0,2026-03-25T20:04:34.695926,0.0,0.0
776,Daraz,131.0,2026-03-25T20:04:34.791387,0.0,0.0
776,Daraz,131.0,2026-03-25T20:04:34.890281,0.0,0.0
776,Daraz,131.0,2026-03-25T20:04:34.979141,0.0,0.0
776,Daraz,131.0,2026-03-25T20:04:35.122118,0.0,0.0
776,Daraz,131.0,2026-03-25T20:04:35.246369,0.0,0.0
776,Daraz,131.0,2026-03-25T20:04:35.345992,0.0,0.0
776,Daraz,131.0,2026-03-25T20:04:35.479364,0.0,0.0
776,Daraz,131.0,2026-03-25T20:04:35.629445,0.0,0.0
776,Daraz,131.0,2026-03-25T20:04:35.747138,0.0,0.0
776,Daraz,131.0,2026-03-25T20:04:35.828257,0.0,0.0
776,Daraz,131.0,2026-03-25T20:04:35.912088,0.0,0.0
776,Daraz,131.0,2026-03-25T20:04:36.083205,0.0,0.0
776,Daraz,131.0,2026-03-25T20:04:36.208345,0.0,0.0
776,Daraz,131.0,2026-03-25T20:04:36.345246,0.0,0.0
776,Daraz,131.0,2026-03-25T20:04:36.460918,0.0,0.0
776,Daraz,131.0,2026-03-25T20:04:36.561054,0.0,0.0
776,Daraz,131.0,2026-03-25T20:04:36.700491,0.0,0.0
776,Daraz,131.0,2026-03-25T20:04:36.854369,0.0,0.0
776,Daraz,131.0,2026-03-25T20:04:36.961312,0.0,0.0
776,Daraz,131.0,2026-03-25T20:04:37.075165,0.0,0.0
776,Daraz,131.0,2026-03-25T20:04:37.184781,0.0,0.0
776,Daraz,131.0,2026-03-25T20:04:37.327253,0.0,0.0
776,Daraz,131.0,2026-03-25T20:04:37.460335,0.0,0.0
776,Daraz,131.0,2026-03-25T20:04:37.581188,0.0,0.0
776,Daraz,131.0,2026-03-25T20:04:37.726778,0.0,0.0
776,Daraz,131.0,2026-03-25T20:04:37.840738,0.0,0.0
776,Daraz,131.0,2026-03-25T20:04:37.960045,0.0,0.0
776,Daraz,131.0,2026-03-25T20:04:38.074285,0.0,0.0
776,Daraz,131.0,2026-03-25T20:04:38.243071,0.0,0.0
776,Daraz,131.0,2026-03-25T20:04:38.374120,0.0,0.0
776,Daraz,131.0,2026-03-25T20:04:38.508189,0.0,0.0
776,Daraz,131.0,2026-03-25T20:04:38.609333,0.0,0.0
776,Daraz,131.0,2026-03-25T20:04:38.742636,0.0,0.0
776,Daraz,131.0,2026-03-25T20:04:38.859110,0.0,0.0
776,Daraz,131.0,2026-03-25T20:04:38.958703,0.0,0.0
776,Daraz,131.0,2026-03-25T20:04:39.059106,0.0,0.0
776,Daraz,131.0,2026-03-25T20:04:39.206646,0.0,0.0
776,Daraz,131.0,2026-03-25T20:04:39.342222,0.0,0.0
776,Daraz,131.0,2026-03-25T20:04:39.442844,0.0,0.0
776,Daraz,131.0,2026-03-25T20:04:39.526015,0.0,0.0
776,Daraz,131.0,2026-03-25T20:04:39.625908,0.0,0.0
776,Daraz,131.0,2026-03-25T20:04:39.715011,0.0,0.0
776,Daraz,131.0,2026-03-25T20:04:39.791044,0.0,0.0
776,Daraz,131.0,2026-03-25T20:04:39.917951,0.0,0.0
776,Daraz,131.0,2026-03-25T20:04:40.043476,0.0,0.0
776,Daraz,131.0,2026-03-25T20:04:40.141546,0.0,0.0
776,Daraz,131.0,2026-03-25T20:04:40.294324,0.0,0.0
776,Daraz,131.0,2026-03-25T20:04:40.391461,0.0,0.0
776,Daraz,131.0,2026-03-25T20:04:40.518431,0.0,0.0
776,Daraz,131.0,2026-03-25T20:04:40.658402,0.0,0.0
776,Daraz,131.0,2026-03-25T20:04:40.762756,0.0,0.0
776,Daraz,131.0,2026-03-25T20:04:40.892040,0.0,0.0
776,Daraz,131.0,2026-03-25T20:04:40.979075,0.0,0.0
776,Daraz,131.0,2026-03-25T20:04:41.057119,0.0,0.0
776,Daraz,131.0,2026-03-25T20:04:41.161751,0.0,0.0
776,Daraz,131.0,2026-03-25T20:04:41.257168,0.0,0.0
776,Daraz,131.0,2026-03-25T20:04:41.349693,0.0,0.0
776,Daraz,131.0,2026-03-25T20:04:41.428229,0.0,0.0
776,Daraz,131.0,2026-03-25T20:04:41.490775,0.0,0.0
776,Daraz,131.0,2026-03-25T20:04:41.590787,0.0,0.0
776,Daraz,131.0,2026-03-25T20:04:41.673963,0.0,0.0
776,Daraz,131.0,2026-03-25T20:04:41.774692,0.0,0.0
776,Daraz,131.0,2026-03-25T20:04:41.858344,0.0,0.0
776,Daraz,131.0,2026-03-25T20:04:41.940582,0.0,0.0
776,Daraz,131.0,2026-03-25T20:04:42.023700,0.0,0.0
776,Daraz,131.0,2026-03-25T20:04:42.106892,0.0,0.0
776,Daraz,131.0,2026-03-25T20:04:42.173969,0.0,0.0
776,Daraz,131.0,2026-03-25T20:04:42.269411,0.0,0.0
776,Daraz,131.0,2026-03-25T20:04:42.352647,0.0,0.0
776,Daraz,131.0,2026-03-25T20:04:42.431458,0.0,0.0
776,Daraz,131.0,2026-03-25T20:04:42.505250,0.0,0.0
776,Daraz,131.0,2026-03-25T20:04:42.578267,0.0,0.0
776,Daraz,131.0,2026-03-25T20:04:42.657868,0.0,0.0
776,Daraz,131.0,2026-03-25T20:04:42.743448,0.0,0.0
776,Daraz,131.0,2026-03-25T20:04:42.826932,0.0,0.0
776,Daraz,131.0,2026-03-25T20:04:42.907962,0.0,0.0
776,Daraz,131.0,2026-03-25T20:04:42.972917,0.0,0.0
776,Daraz,131.0,2026-03-25T20:04:43.069893,0.0,0.0
776,Daraz,131.0,2026-03-25T20:04:43.139720,0.0,0.0
776,Daraz,131.0,2026-03-25T20:04:43.227680,0.0,0.0
776,Daraz,131.0,2026-03-25T20:04:43.302070,0.0,0.0
776,Daraz,131.0,2026-03-25T20:04:43.382529,0.0,0.0
776,Daraz,131.0,2026-03-25T20:04:43.454920,0.0,0.0
776,Daraz,131.0,2026-03-25T20:04:43.526292,0.0,0.0
776,Daraz,131.0,2026-03-25T20:04:43.594470,0.0,0.0
776,Daraz,131.0,2026-03-25T20:04:43.683874,0.0,0.0
776,Daraz,131.0,2026-03-25T20:04:43.756148,0.0,0.0
776,Daraz,131.0,2026-03-25T20:04:43.838599,0.0,0.0
776,Daraz,131.0,2026-03-25T20:04:43.909297,0.0,0.0
776,Daraz,131.0,2026-03-25T20:04:43.974063,0.0,0.0
776,Daraz,131.0,2026-03-25T20:04:44.038700,0.0,0.0
776,Daraz,131.0,2026-03-25T20:04:44.113470,0.0,0.0
776,Daraz,131.0,2026-03-25T20:04:44.207887,0.0,0.0
776,Daraz,131.0,2026-03-25T20:04:44.269729,0.0,0.0
776,Daraz,131.0,2026-03-25T20:04:44.372495,0.0,0.0
776,Daraz,131.0,2026-03-25T20:04:44.454638,0.0,0.0
776,Daraz,131.0,2026-03-25T20:04:44.569657,0.0,0.0
776,Daraz,131.0,2026-03-25T20:04:44.710819,0.0,0.0
776,Daraz,131.0,2026-03-25T20:04:44.848860,0.0,0.0
776,Daraz,131.0,2026-03-25T20:04:44.960401,0.0,0.0
776,Daraz,131.0,2026-03-25T20:04:45.051857,0.0,0.0
776,Daraz,131.0,2026-03-25T20:04:45.188682,0.0,0.0
776,Daraz,131.0,2026-03-25T20:04:45.357732,0.0,0.0
776,Daraz,131.0,2026-03-25T20:04:45.460150,0.0,0.0
776,Daraz,131.0,2026-03-25T20:04:45.579831,0.0,0.0
776,Daraz,131.0,2026-03-25T20:04:45.685685,0.0,0.0
776,Daraz,131.0,2026-03-25T20:04:45.789782,0.0,0.0
776,Daraz,131.0,2026-03-25T20:04:45.897102,0.0,0.0
776,Daraz,131.0,2026-03-25T20:04:46.002082,0.0,0.0
776,Daraz,131.0,2026-03-25T20:04:46.149152,0.0,0.0
776,Daraz,131.0,2026-03-25T20:04:46.250541,0.0,0.0
776,Daraz,131.0,2026-03-25T20:04:46.378004,0.0,0.0
776,Daraz,131.0,2026-03-25T20:04:46.518259,0.0,0.0
776,Daraz,131.0,2026-03-25T20:04:46.659863,0.0,0.0
776,Daraz,131.0,2026-03-25T20:04:46.798362,0.0,0.0
776,Daraz,131.0,2026-03-25T20:04:46.915619,0.0,0.0
776,Daraz,131.0,2026-03-25T20:04:47.042367,0.0,0.0
776,Daraz,131.0,2026-03-25T20:04:47.179798,0.0,0.0
776,Daraz,131.0,2026-03-25T20:04:47.281990,0.0,0.0
776,Daraz,131.0,2026-03-25T20:04:47.453446,0.0,0.0
776,Daraz,131.0,2026-03-25T20:04:47.600954,0.0,0.0
776,Daraz,131.0,2026-03-25T20:04:47.743951,0.0,0.0
776,Daraz,131.0,2026-03-25T20:04:47.862472,0.0,0.0
776,Daraz,131.0,2026-03-25T20:04:47.952337,0.0,0.0
776,Daraz,131.0,2026-03-25T20:04:48.052421,0.0,0.0
776,Daraz,131.0,2026-03-25T20:04:48.148273,0.0,0.0
776,Daraz,131.0,2026-03-25T20:04:48.302655,0.0,0.0
776,Daraz,131.0,2026-03-25T20:04:48.413179,0.0,0.0
776,Daraz,131.0,2026-03-25T20:04:48.524915,0.0,0.0
776,Daraz,131.0,2026-03-25T20:04:48.642866,0.0,0.0
776,Daraz,131.0,2026-03-25T20:04:48.737797,0.0,0.0
776,Daraz,131.0,2026-03-25T20:04:48.851375,0.0,0.0
776,Daraz,131.0,2026-03-25T20:04:48.984679,0.0,0.0
776,Daraz,131.0,2026-03-25T20:04:49.072180,0.0,0.0
776,Daraz,131.0,2026-03-25T20:04:49.153361,0.0,0.0
776,Daraz,131.0,2026-03-25T20:04:49.294885,0.0,0.0
776,Daraz,131.0,2026-03-25T20:04:49.431686,0.0,0.0
776,Daraz,131.0,2026-03-25T20:04:49.610612,0.0,0.0
776,Daraz,131.0,2026-03-25T20:04:49.733335,0.0,0.0
776,Daraz,131.0,2026-03-25T20:04:49.877940,0.0,0.0
776,Daraz,131.0,2026-03-25T20:04:50.030092,0.0,0.0
776,Daraz,131.0,2026-03-25T20:04:50.140952,0.0,0.0
776,Daraz,131.0,2026-03-25T20:04:50.257297,0.0,0.0
776,Daraz,131.0,2026-03-25T20:04:50.404621,0.0,0.0
776,Daraz,131.0,2026-03-25T20:04:50.531755,0.0,0.0
776,Daraz,131.0,2026-03-25T20:04:50.658257,0.0,0.0
776,Daraz,131.0,2026-03-25T20:04:50.789429,0.0,0.0
776,Daraz,131.0,2026-03-25T20:04:50.906277,0.0,0.0
776,Daraz,131.0,2026-03-25T20:04:51.019586,0.0,0.0
776,Daraz,131.0,2026-03-25T20:04:51.131050,0.0,0.0
776,Daraz,131.0,2026-03-25T20:04:51.285911,0.0,0.0
776,Daraz,131.0,2026-03-25T20:04:51.424890,0.0,0.0
776,Daraz,131.0,2026-03-25T20:04:51.534940,0.0,0.0
776,Daraz,131.0,2026-03-25T20:04:51.651860,0.0,0.0
776,Daraz,131.0,2026-03-25T20:04:51.778659,0.0,0.0
776,Daraz,131.0,2026-03-25T20:04:51.911209,0.0,0.0
776,Daraz,131.0,2026-03-25T20:04:52.033229,0.0,0.0
776,Daraz,131.0,2026-03-25T20:04:52.159407,0.0,0.0
776,Daraz,131.0,2026-03-25T20:04:52.261476,0.0,0.0
776,Daraz,131.0,2026-03-25T20:04:52.406218,0.0,0.0
776,Daraz,131.0,2026-03-25T20:04:52.561370,0.0,0.0
776,Daraz,131.0,2026-03-25T20:04:52.686928,0.0,0.0
776,Daraz,131.0,2026-03-25T20:04:52.812560,0.0,0.0
776,Daraz,131.0,2026-03-25T20:04:52.954829,0.0,0.0
776,Daraz,131.0,2026-03-25T20:04:53.097136,0.0,0.0
776,Daraz,131.0,2026-03-25T20:04:53.227268,0.0,0.0
776,Daraz,131.0,2026-03-25T20:04:53.364841,0.0,0.0
776,Daraz,131.0,2026-03-25T20:04:53.523316,0.0,0.0
776,Daraz,131.0,2026-03-25T20:04:53.650140,0.0,0.0
776,Daraz,131.0,2026-03-25T20:04:53.799198,0.0,0.0
776,Daraz,131.0,2026-03-25T20:04:53.904146,0.0,0.0
776,Daraz,131.0,2026-03-25T20:04:54.032341,0.0,0.0
776,Daraz,131.0,2026-03-25T20:04:54.160049,0.0,0.0
776,Daraz,131.0,2026-03-25T20:04:54.297269,0.0,0.0
776,Daraz,131.0,2026-03-25T20:04:54.451822,0.0,0.0
776,Daraz,131.0,2026-03-25T20:04:54.595168,0.0,0.0
776,Daraz,131.0,2026-03-25T20:04:54.725241,0.0,0.0
776,Daraz,131.0,2026-03-25T20:04:54.869959,0.0,0.0
776,Daraz,131.0,2026-03-25T20:04:55.031447,0.0,0.0
776,Daraz,131.0,2026-03-25T20:04:55.128238,0.0,0.0
776,Daraz,131.0,2026-03-25T20:04:55.249535,0.0,0.0
776,Daraz,131.0,2026-03-25T20:04:55.408407,0.0,0.0
776,Daraz,131.0,2026-03-25T20:04:55.551655,0.0,0.0
776,Daraz,131.0,2026-03-25T20:04:55.675381,0.0,0.0
776,Daraz,131.0,2026-03-25T20:04:55.822784,0.0,0.0
776,Daraz,131.0,2026-03-25T20:04:55.936736,0.0,0.0
776,Daraz,131.0,2026-03-25T20:04:56.035142,0.0,0.0
776,Daraz,131.0,2026-03-25T20:04:56.126795,0.0,0.0
776,Daraz,131.0,2026-03-25T20:04:56.233332,0.0,0.0
776,Daraz,131.0,2026-03-25T20:04:56.379467,0.0,0.0
776,Daraz,131.0,2026-03-25T20:04:56.491215,0.0,0.0
776,Daraz,131.0,2026-03-25T20:04:56.613895,0.0,0.0
776,Daraz,131.0,2026-03-25T20:04:56.708940,0.0,0.0
776,Daraz,131.0,2026-03-25T20:04:56.828705,0.0,0.0
776,Daraz,131.0,2026-03-25T20:04:56.990307,0.0,0.0
776,Daraz,131.0,2026-03-25T20:04:57.108050,0.0,0.0
776,Daraz,131.0,2026-03-25T20:04:57.224921,0.0,0.0
776,Daraz,131.0,2026-03-25T20:04:57.368006,0.0,0.0
776,Daraz,131.0,2026-03-25T20:04:57.484820,0.0,0.0
776,Daraz,131.0,2026-03-25T20:04:57.629420,0.0,0.0
776,Daraz,131.0,2026-03-25T20:04:57.758000,0.0,0.0
776,Daraz,131.0,2026-03-25T20:04:57.923235,0.0,0.0
776,Daraz,131.0,2026-03-25T20:04:58.047496,0.0,0.0
776,Daraz,131.0,2026-03-25T20:04:58.170927,0.0,0.0
776,Daraz,131.0,2026-03-25T20:04:58.315282,0.0,0.0
776,Daraz,131.0,2026-03-25T20:04:58.438442,0.0,0.0
776,Daraz,131.0,2026-03-25T20:04:58.566427,0.0,0.0
776,Daraz,131.0,2026-03-25T20:04:58.685515,0.0,0.0
776,Daraz,131.0,2026-03-25T20:04:58.777725,0.0,0.0
776,Daraz,131.0,2026-03-25T20:04:58.925291,0.0,0.0
776,Daraz,131.0,2026-03-25T20:04:59.032915,0.0,0.0
776,Daraz,131.0,2026-03-25T20:04:59.115537,0.0,0.0
776,Daraz,131.0,2026-03-25T20:04:59.213883,0.0,0.0
776,Daraz,131.0,2026-03-25T20:04:59.325360,0.0,0.0
776,Daraz,131.0,2026-03-25T20:04:59.441117,0.0,0.0
776,Daraz,131.0,2026-03-25T20:04:59.563916,0.0,0.0
776,Daraz,131.0,2026-03-25T20:04:59.687950,0.0,0.0
776,Daraz,131.0,2026-03-25T20:04:59.807522,0.0,0.0
776,Daraz,131.0,2026-03-25T20:04:59.906342,0.0,0.0
776,Daraz,131.0,2026-03-25T20:05:00.055595,0.0,0.0
776,Daraz,131.0,2026-03-25T20:05:00.162273,0.0,0.0
776,Daraz,131.0,2026-03-25T20:05:00.284851,0.0,0.0
776,Daraz,131.0,2026-03-25T20:05:00.431578,0.0,0.0
776,Daraz,131.0,2026-03-25T20:05:00.594033,0.0,0.0
776,Daraz,131.0,2026-03-25T20:05:00.735003,0.0,0.0
776,Daraz,131.0,2026-03-25T20:05:00.894719,0.0,0.0
776,Daraz,131.0,2026-03-25T20:05:01.021194,0.0,0.0
776,Daraz,131.0,2026-03-25T20:05:01.094065,0.0,0.0
776,Daraz,131.0,2026-03-25T20:05:01.221309,0.0,0.0
776,Daraz,131.0,2026-03-25T20:05:01.350103,0.0,0.0
776,Daraz,131.0,2026-03-25T20:05:01.483184,0.0,0.0
776,Daraz,131.0,2026-03-25T20:05:01.586979,0.0,0.0
776,Daraz,131.0,2026-03-25T20:05:01.734319,0.0,0.0
776,Daraz,131.0,2026-03-25T20:05:01.846487,0.0,0.0
776,Daraz,131.0,2026-03-25T20:05:01.979695,0.0,0.0
776,Daraz,131.0,2026-03-25T20:05:02.098684,0.0,0.0
776,Daraz,131.0,2026-03-25T20:05:02.217942,0.0,0.0
776,Daraz,131.0,2026-03-25T20:05:02.343274,0.0,0.0
776,Daraz,131.0,2026-03-25T20:05:02.463312,0.0,0.0
776,Daraz,131.0,2026-03-25T20:05:02.581260,0.0,0.0
776,Daraz,131.0,2026-03-25T20:05:02.758253,0.0,0.0
776,Daraz,131.0,2026-03-25T20:05:02.878625,0.0,0.0
776,Daraz,131.0,2026-03-25T20:05:02.967290,0.0,0.0
776,Daraz,131.0,2026-03-25T20:05:03.075188,0.0,0.0
776,Daraz,131.0,2026-03-25T20:05:03.213221,0.0,0.0
776,Daraz,131.0,2026-03-25T20:05:03.354908,0.0,0.0
776,Daraz,131.0,2026-03-25T20:05:03.505677,0.0,0.0
776,Daraz,131.0,2026-03-25T20:05:03.656242,0.0,0.0
776,Daraz,131.0,2026-03-25T20:05:03.787689,0.0,0.0
776,Daraz,131.0,2026-03-25T20:05:03.893261,0.0,0.0
776,Daraz,131.0,2026-03-25T20:05:03.973897,0.0,0.0
776,Daraz,131.0,2026-03-25T20:05:04.143217,0.0,0.0
776,Daraz,131.0,2026-03-25T20:05:04.289621,0.0,0.0
776,Daraz,131.0,2026-03-25T20:05:04.401941,0.0,0.0
776,Daraz,131.0,2026-03-25T20:05:04.473891,0.0,0.0
776,Daraz,131.0,2026-03-25T20:05:04.601799,0.0,0.0
776,Daraz,131.0,2026-03-25T20:05:04.748530,0.0,0.0
776,Daraz,131.0,2026-03-25T20:05:04.845500,0.0,0.0
776,Daraz,131.0,2026-03-25T20:05:04.974857,0.0,0.0
776,Daraz,131.0,2026-03-25T20:05:05.080792,0.0,0.0
776,Daraz,131.0,2026-03-25T20:05:05.159792,0.0,0.0
776,Daraz,131.0,2026-03-25T20:05:05.269498,0.0,0.0
776,Daraz,131.0,2026-03-25T20:05:05.381452,0.0,0.0
776,Daraz,131.0,2026-03-25T20:05:05.496451,0.0,0.0
776,Daraz,131.0,2026-03-25T20:05:05.619846,0.0,0.0
776,Daraz,131.0,2026-03-25T20:05:05.773197,0.0,0.0
776,Daraz,131.0,2026-03-25T20:05:05.899942,0.0,0.0
776,Daraz,131.0,2026-03-25T20:05:06.095617,0.0,0.0
776,Daraz,131.0,2026-03-25T20:05:06.213819,0.0,0.0
776,Daraz,131.0,2026-03-25T20:05:06.317892,0.0,0.0
776,Daraz,131.0,2026-03-25T20:05:06.438031,0.0,0.0
776,Daraz,131.0,2026-03-25T20:05:06.581175,0.0,0.0
776,Daraz,131.0,2026-03-25T20:05:06.722811,0.0,0.0
776,Daraz,131.0,2026-03-25T20:05:06.869958,0.0,0.0
776,Daraz,131.0,2026-03-25T20:05:07.022595,0.0,0.0
776,Daraz,131.0,2026-03-25T20:05:07.182119,0.0,0.0
776,Daraz,131.0,2026-03-25T20:05:07.325535,0.0,0.0
776,Daraz,131.0,2026-03-25T20:05:07.450436,0.0,0.0
776,Daraz,131.0,2026-03-25T20:05:07.585487,0.0,0.0
776,Daraz,131.0,2026-03-25T20:05:07.743245,0.0,0.0
776,Daraz,131.0,2026-03-25T20:05:07.854067,0.0,0.0
776,Daraz,131.0,2026-03-25T20:05:08.005407,0.0,0.0
776,Daraz,131.0,2026-03-25T20:05:08.106854,0.0,0.0
776,Daraz,131.0,2026-03-25T20:05:08.208287,0.0,0.0
776,Daraz,131.0,2026-03-25T20:05:08.335996,0.0,0.0
776,Daraz,131.0,2026-03-25T20:05:08.431081,0.0,0.0
776,Daraz,131.0,2026-03-25T20:05:08.556752,0.0,0.0
776,Daraz,131.0,2026-03-25T20:05:08.692947,0.0,0.0
776,Daraz,131.0,2026-03-25T20:05:08.814785,0.0,0.0
776,Daraz,131.0,2026-03-25T20:05:08.927474,0.0,0.0
776,Daraz,131.0,2026-03-25T20:05:09.039516,0.0,0.0
776,Daraz,131.0,2026-03-25T20:05:09.181272,0.0,0.0
776,Daraz,131.0,2026-03-25T20:05:09.337650,0.0,0.0
776,Daraz,131.0,2026-03-25T20:05:09.517654,0.0,0.0
776,Daraz,131.0,2026-03-25T20:05:09.629236,0.0,0.0
776,Daraz,131.0,2026-03-25T20:05:09.791019,0.0,0.0
776,Daraz,131.0,2026-03-25T20:05:09.916850,0.0,0.0
776,Daraz,131.0,2026-03-25T20:05:10.046383,0.0,0.0
776,Daraz,131.0,2026-03-25T20:05:10.199801,0.0,0.0
776,Daraz,131.0,2026-03-25T20:05:10.344234,0.0,0.0
776,Daraz,131.0,2026-03-25T20:05:10.474952,0.0,0.0
776,Daraz,131.0,2026-03-25T20:05:10.581899,0.0,0.0
776,Daraz,131.0,2026-03-25T20:05:10.675113,0.0,0.0
776,Daraz,131.0,2026-03-25T20:05:10.796225,0.0,0.0
776,Daraz,131.0,2026-03-25T20:05:10.899145,0.0,0.0
776,Daraz,131.0,2026-03-25T20:05:11.051960,0.0,0.0
776,Daraz,131.0,2026-03-25T20:05:11.156186,0.0,0.0
776,Daraz,131.0,2026-03-25T20:05:11.310257,0.0,0.0
776,Daraz,131.0,2026-03-25T20:05:11.462126,0.0,0.0
776,Daraz,131.0,2026-03-25T20:05:11.621243,0.0,0.0
776,Daraz,131.0,2026-03-25T20:05:11.788755,0.0,0.0
776,Daraz,131.0,2026-03-25T20:05:11.904849,0.0,0.0
776,Daraz,131.0,2026-03-25T20:05:12.027528,0.0,0.0
776,Daraz,131.0,2026-03-25T20:05:12.138048,0.0,0.0
776,Daraz,131.0,2026-03-25T20:05:12.280182,0.0,0.0
776,Daraz,131.0,2026-03-25T20:05:12.359649,0.0,0.0
776,Daraz,131.0,2026-03-25T20:05:12.445373,0.0,0.0
776,Daraz,131.0,2026-03-25T20:05:12.524565,0.0,0.0
776,Daraz,131.0,2026-03-25T20:05:12.624685,0.0,0.0
776,Daraz,131.0,2026-03-25T20:05:12.709183,0.0,0.0
776,Daraz,131.0,2026-03-25T20:05:12.799947,0.0,0.0
776,Daraz,131.0,2026-03-25T20:05:12.872577,0.0,0.0
776,Daraz,131.0,2026-03-25T20:05:12.967182,0.0,0.0
776,Daraz,131.0,2026-03-25T20:05:13.070574,0.0,0.0
776,Daraz,131.0,2026-03-25T20:05:13.165312,0.0,0.0
776,Daraz,131.0,2026-03-25T20:05:13.265750,0.0,0.0
776,Daraz,131.0,2026-03-25T20:05:13.332833,0.0,0.0
776,Daraz,131.0,2026-03-25T20:05:13.423853,0.0,0.0
777,Daraz,131.0,2026-03-25T20:05:13.490511,0.0,0.0
778,Daraz,166.0,2026-03-25T20:05:13.557448,0.0,0.0
779,Daraz,186.0,2026-03-25T20:05:13.644759,0.0,0.0
780,Daraz,186.0,2026-03-25T20:05:13.707825,0.0,0.0
781,Daraz,211.0,2026-03-25T20:05:13.800151,0.0,0.0
782,Daraz,211.0,2026-03-25T20:05:13.890308,0.0,0.0
783,Daraz,223.0,2026-03-25T20:05:13.974457,0.0,0.0
784,Daraz,225.0,2026-03-25T20:05:14.056972,0.0,0.0
785,Daraz,249.0,2026-03-25T20:05:14.139438,0.0,0.0
786,Daraz,249.0,2026-03-25T20:05:14.223349,0.0,0.0
787,Daraz,249.0,2026-03-25T20:05:14.322759,0.0,0.0
788,Daraz,249.0,2026-03-25T20:05:14.406973,0.0,0.0
789,Daraz,259.0,2026-03-25T20:05:14.490828,0.0,0.0
790,Daraz,275.0,2026-03-25T20:05:14.556065,0.0,0.0
791,Daraz,275.0,2026-03-25T20:05:14.640075,0.0,0.0
792,Daraz,311.0,2026-03-25T20:05:14.754872,0.0,0.0
793,Daraz,332.0,2026-03-25T20:05:14.839591,0.0,0.0
794,Daraz,1100.0,2026-03-25T20:05:14.939396,0.0,0.0
795,Daraz,405.0,2026-03-25T20:05:15.022966,0.0,0.0
796,Daraz,1720.0,2026-03-25T20:05:15.121991,0.0,0.0
797,Daraz,450.0,2026-03-25T20:05:15.216534,0.0,0.0
798,Daraz,1755.0,2026-03-25T20:05:15.303035,0.0,0.0
799,Daraz,480.0,2026-03-25T20:05:15.389838,0.0,0.0
3,Daraz,1850.0,2026-03-25T20:05:15.453741,0.0,0.0
800,Daraz,629.0,2026-03-25T20:05:15.559214,0.0,0.0
583,Daraz,2000.0,2026-03-25T20:05:15.640472,0.0,0.0
801,Daraz,749.0,2026-03-25T20:05:15.728517,0.0,0.0
173,Daraz,2149.0,2026-03-25T20:05:15.824523,0.0,0.0
818,Daraz,1299.0,2026-03-25T21:20:44.822157,0.0,0.0
776,Daraz,131.0,2026-03-25T21:20:44.913244,0.0,0.0
776,Daraz,131.0,2026-03-25T21:20:44.997198,0.0,0.0
776,Daraz,131.0,2026-03-25T21:20:45.087995,0.0,0.0
776,Daraz,131.0,2026-03-25T21:20:45.179738,0.0,0.0
776,Daraz,131.0,2026-03-25T21:20:45.263596,0.0,0.0
776,Daraz,131.0,2026-03-25T21:20:45.362541,0.0,0.0
776,Daraz,131.0,2026-03-25T21:20:45.451195,0.0,0.0
776,Daraz,131.0,2026-03-25T21:20:45.534171,0.0,0.0
776,Daraz,131.0,2026-03-25T21:20:45.637676,0.0,0.0
776,Daraz,131.0,2026-03-25T21:20:45.714515,0.0,0.0
776,Daraz,131.0,2026-03-25T21:20:45.799578,0.0,0.0
776,Daraz,131.0,2026-03-25T21:20:45.883006,0.0,0.0
776,Daraz,131.0,2026-03-25T21:20:45.966247,0.0,0.0
776,Daraz,131.0,2026-03-25T21:20:46.064414,0.0,0.0
776,Daraz,131.0,2026-03-25T21:20:46.132078,0.0,0.0
776,Daraz,131.0,2026-03-25T21:20:46.215578,0.0,0.0
776,Daraz,131.0,2026-03-25T21:20:46.282078,0.0,0.0
776,Daraz,131.0,2026-03-25T21:20:46.372434,0.0,0.0
776,Daraz,131.0,2026-03-25T21:20:46.431927,0.0,0.0
776,Daraz,131.0,2026-03-25T21:20:46.530367,0.0,0.0
776,Daraz,131.0,2026-03-25T21:20:46.599150,0.0,0.0
776,Daraz,131.0,2026-03-25T21:20:46.695439,0.0,0.0
776,Daraz,131.0,2026-03-25T21:20:46.765597,0.0,0.0
776,Daraz,131.0,2026-03-25T21:20:46.855666,0.0,0.0
776,Daraz,131.0,2026-03-25T21:20:46.931429,0.0,0.0
776,Daraz,131.0,2026-03-25T21:20:47.014668,0.0,0.0
776,Daraz,131.0,2026-03-25T21:20:47.109262,0.0,0.0
776,Daraz,131.0,2026-03-25T21:20:47.182110,0.0,0.0
776,Daraz,131.0,2026-03-25T21:20:47.251880,0.0,0.0
776,Daraz,131.0,2026-03-25T21:20:47.330599,0.0,0.0
776,Daraz,131.0,2026-03-25T21:20:47.397956,0.0,0.0
776,Daraz,131.0,2026-03-25T21:20:47.497603,0.0,0.0
776,Daraz,131.0,2026-03-25T21:20:47.581089,0.0,0.0
776,Daraz,131.0,2026-03-25T21:20:47.680915,0.0,0.0
776,Daraz,131.0,2026-03-25T21:20:47.764211,0.0,0.0
776,Daraz,131.0,2026-03-25T21:20:47.847487,0.0,0.0
776,Daraz,131.0,2026-03-25T21:20:47.946220,0.0,0.0
776,Daraz,131.0,2026-03-25T21:20:48.031004,0.0,0.0
776,Daraz,131.0,2026-03-25T21:20:48.121798,0.0,0.0
776,Daraz,131.0,2026-03-25T21:20:48.197612,0.0,0.0
776,Daraz,131.0,2026-03-25T21:20:48.280815,0.0,0.0
776,Daraz,131.0,2026-03-25T21:20:48.364611,0.0,0.0
776,Daraz,131.0,2026-03-25T21:20:48.449091,0.0,0.0
776,Daraz,131.0,2026-03-25T21:20:48.528186,0.0,0.0
776,Daraz,131.0,2026-03-25T21:20:48.616947,0.0,0.0
776,Daraz,131.0,2026-03-25T21:20:48.714459,0.0,0.0
776,Daraz,131.0,2026-03-25T21:20:48.800217,0.0,0.0
776,Daraz,131.0,2026-03-25T21:20:48.901076,0.0,0.0
776,Daraz,131.0,2026-03-25T21:20:48.976707,0.0,0.0
776,Daraz,131.0,2026-03-25T21:20:49.050546,0.0,0.0
776,Daraz,131.0,2026-03-25T21:20:49.133464,0.0,0.0
776,Daraz,131.0,2026-03-25T21:20:49.222900,0.0,0.0
776,Daraz,131.0,2026-03-25T21:20:49.298542,0.0,0.0
776,Daraz,131.0,2026-03-25T21:20:49.381528,0.0,0.0
776,Daraz,131.0,2026-03-25T21:20:49.466085,0.0,0.0
776,Daraz,131.0,2026-03-25T21:20:49.542485,0.0,0.0
776,Daraz,131.0,2026-03-25T21:20:49.634126,0.0,0.0
776,Daraz,131.0,2026-03-25T21:20:49.729294,0.0,0.0
776,Daraz,131.0,2026-03-25T21:20:49.817069,0.0,0.0
776,Daraz,131.0,2026-03-25T21:20:49.915563,0.0,0.0
776,Daraz,131.0,2026-03-25T21:20:49.999454,0.0,0.0
776,Daraz,131.0,2026-03-25T21:20:50.093346,0.0,0.0
776,Daraz,131.0,2026-03-25T21:20:50.166986,0.0,0.0
776,Daraz,131.0,2026-03-25T21:20:50.254180,0.0,0.0
776,Daraz,131.0,2026-03-25T21:20:50.336338,0.0,0.0
776,Daraz,131.0,2026-03-25T21:20:50.434812,0.0,0.0
776,Daraz,131.0,2026-03-25T21:20:50.534507,0.0,0.0
776,Daraz,131.0,2026-03-25T21:20:50.617644,0.0,0.0
776,Daraz,131.0,2026-03-25T21:20:50.705098,0.0,0.0
776,Daraz,131.0,2026-03-25T21:20:50.789702,0.0,0.0
776,Daraz,131.0,2026-03-25T21:20:50.869187,0.0,0.0
776,Daraz,131.0,2026-03-25T21:20:50.941003,0.0,0.0
776,Daraz,131.0,2026-03-25T21:20:51.021733,0.0,0.0
776,Daraz,131.0,2026-03-25T21:20:51.095614,0.0,0.0
776,Daraz,131.0,2026-03-25T21:20:51.172355,0.0,0.0
776,Daraz,131.0,2026-03-25T21:20:51.238108,0.0,0.0
776,Daraz,131.0,2026-03-25T21:20:51.325013,0.0,0.0
776,Daraz,131.0,2026-03-25T21:20:51.432246,0.0,0.0
776,Daraz,131.0,2026-03-25T21:20:51.521699,0.0,0.0
776,Daraz,131.0,2026-03-25T21:20:51.604773,0.0,0.0
776,Daraz,131.0,2026-03-25T21:20:51.694461,0.0,0.0
776,Daraz,131.0,2026-03-25T21:20:51.773538,0.0,0.0
776,Daraz,131.0,2026-03-25T21:20:51.854364,0.0,0.0
776,Daraz,131.0,2026-03-25T21:20:51.936993,0.0,0.0
776,Daraz,131.0,2026-03-25T21:20:52.003484,0.0,0.0
776,Daraz,131.0,2026-03-25T21:20:52.103525,0.0,0.0
776,Daraz,131.0,2026-03-25T21:20:52.170338,0.0,0.0
776,Daraz,131.0,2026-03-25T21:20:52.254157,0.0,0.0
776,Daraz,131.0,2026-03-25T21:20:52.339564,0.0,0.0
776,Daraz,131.0,2026-03-25T21:20:52.407882,0.0,0.0
776,Daraz,131.0,2026-03-25T21:20:52.490810,0.0,0.0
776,Daraz,131.0,2026-03-25T21:20:52.560858,0.0,0.0
776,Daraz,131.0,2026-03-25T21:20:52.637191,0.0,0.0
776,Daraz,131.0,2026-03-25T21:20:52.723022,0.0,0.0
776,Daraz,131.0,2026-03-25T21:20:52.807478,0.0,0.0
776,Daraz,131.0,2026-03-25T21:20:52.874617,0.0,0.0
776,Daraz,131.0,2026-03-25T21:20:52.957381,0.0,0.0
776,Daraz,131.0,2026-03-25T21:20:53.040552,0.0,0.0
776,Daraz,131.0,2026-03-25T21:20:53.107423,0.0,0.0
776,Daraz,131.0,2026-03-25T21:20:53.206429,0.0,0.0
776,Daraz,131.0,2026-03-25T21:20:53.274487,0.0,0.0
776,Daraz,131.0,2026-03-25T21:20:53.356996,0.0,0.0
776,Daraz,131.0,2026-03-25T21:20:53.473795,0.0,0.0
776,Daraz,131.0,2026-03-25T21:20:53.567505,0.0,0.0
776,Daraz,131.0,2026-03-25T21:20:53.654875,0.0,0.0
776,Daraz,131.0,2026-03-25T21:20:53.739931,0.0,0.0
776,Daraz,131.0,2026-03-25T21:20:53.823142,0.0,0.0
776,Daraz,131.0,2026-03-25T21:20:53.926744,0.0,0.0
776,Daraz,131.0,2026-03-25T21:20:54.009401,0.0,0.0
776,Daraz,131.0,2026-03-25T21:20:54.093145,0.0,0.0
776,Daraz,131.0,2026-03-25T21:20:54.176344,0.0,0.0
776,Daraz,131.0,2026-03-25T21:20:54.259797,0.0,0.0
776,Daraz,131.0,2026-03-25T21:20:54.342799,0.0,0.0
776,Daraz,131.0,2026-03-25T21:20:54.424642,0.0,0.0
776,Daraz,131.0,2026-03-25T21:20:54.510208,0.0,0.0
776,Daraz,131.0,2026-03-25T21:20:54.576888,0.0,0.0
776,Daraz,131.0,2026-03-25T21:20:54.670984,0.0,0.0
776,Daraz,131.0,2026-03-25T21:20:54.759199,0.0,0.0
776,Daraz,131.0,2026-03-25T21:20:54.856768,0.0,0.0
776,Daraz,131.0,2026-03-25T21:20:54.947543,0.0,0.0
776,Daraz,131.0,2026-03-25T21:20:55.017816,0.0,0.0
776,Daraz,131.0,2026-03-25T21:20:55.091810,0.0,0.0
776,Daraz,131.0,2026-03-25T21:20:55.159258,0.0,0.0
776,Daraz,131.0,2026-03-25T21:20:55.241609,0.0,0.0
776,Daraz,131.0,2026-03-25T21:20:55.308506,0.0,0.0
776,Daraz,131.0,2026-03-25T21:20:55.391450,0.0,0.0
776,Daraz,131.0,2026-03-25T21:20:55.458660,0.0,0.0
776,Daraz,131.0,2026-03-25T21:20:55.547303,0.0,0.0
776,Daraz,131.0,2026-03-25T21:20:55.627507,0.0,0.0
776,Daraz,131.0,2026-03-25T21:20:55.706575,0.0,0.0
776,Daraz,131.0,2026-03-25T21:20:55.807595,0.0,0.0
776,Daraz,131.0,2026-03-25T21:20:55.894085,0.0,0.0
776,Daraz,131.0,2026-03-25T21:20:55.992524,0.0,0.0
776,Daraz,131.0,2026-03-25T21:20:56.063813,0.0,0.0
776,Daraz,131.0,2026-03-25T21:20:56.144611,0.0,0.0
776,Daraz,131.0,2026-03-25T21:20:56.226688,0.0,0.0
776,Daraz,131.0,2026-03-25T21:20:56.310078,0.0,0.0
776,Daraz,131.0,2026-03-25T21:20:56.375975,0.0,0.0
776,Daraz,131.0,2026-03-25T21:20:56.442585,0.0,0.0
776,Daraz,131.0,2026-03-25T21:20:56.509194,0.0,0.0
776,Daraz,131.0,2026-03-25T21:20:56.593170,0.0,0.0
776,Daraz,131.0,2026-03-25T21:20:56.677583,0.0,0.0
776,Daraz,131.0,2026-03-25T21:20:56.761155,0.0,0.0
776,Daraz,131.0,2026-03-25T21:20:56.830079,0.0,0.0
776,Daraz,131.0,2026-03-25T21:20:56.909308,0.0,0.0
776,Daraz,131.0,2026-03-25T21:20:57.009803,0.0,0.0
776,Daraz,131.0,2026-03-25T21:20:57.112565,0.0,0.0
776,Daraz,131.0,2026-03-25T21:20:57.197069,0.0,0.0
776,Daraz,131.0,2026-03-25T21:20:57.279307,0.0,0.0
776,Daraz,131.0,2026-03-25T21:20:57.358036,0.0,0.0
776,Daraz,131.0,2026-03-25T21:20:57.443421,0.0,0.0
776,Daraz,131.0,2026-03-25T21:20:57.525983,0.0,0.0
776,Daraz,131.0,2026-03-25T21:20:57.597126,0.0,0.0
776,Daraz,131.0,2026-03-25T21:20:57.684457,0.0,0.0
776,Daraz,131.0,2026-03-25T21:20:57.763373,0.0,0.0
776,Daraz,131.0,2026-03-25T21:20:57.849394,0.0,0.0
776,Daraz,131.0,2026-03-25T21:20:57.944279,0.0,0.0
776,Daraz,131.0,2026-03-25T21:20:58.029314,0.0,0.0
776,Daraz,131.0,2026-03-25T21:20:58.096199,0.0,0.0
776,Daraz,131.0,2026-03-25T21:20:58.162331,0.0,0.0
776,Daraz,131.0,2026-03-25T21:20:58.262057,0.0,0.0
776,Daraz,131.0,2026-03-25T21:20:58.329250,0.0,0.0
776,Daraz,131.0,2026-03-25T21:20:58.418277,0.0,0.0
776,Daraz,131.0,2026-03-25T21:20:58.511501,0.0,0.0
776,Daraz,131.0,2026-03-25T21:20:58.578598,0.0,0.0
776,Daraz,131.0,2026-03-25T21:20:58.678622,0.0,0.0
776,Daraz,131.0,2026-03-25T21:20:58.767310,0.0,0.0
776,Daraz,131.0,2026-03-25T21:20:58.855611,0.0,0.0
776,Daraz,131.0,2026-03-25T21:20:58.993168,0.0,0.0
776,Daraz,131.0,2026-03-25T21:20:59.097260,0.0,0.0
776,Daraz,131.0,2026-03-25T21:20:59.198657,0.0,0.0
776,Daraz,131.0,2026-03-25T21:20:59.284152,0.0,0.0
776,Daraz,131.0,2026-03-25T21:20:59.366437,0.0,0.0
776,Daraz,131.0,2026-03-25T21:20:59.446551,0.0,0.0
776,Daraz,131.0,2026-03-25T21:20:59.547335,0.0,0.0
776,Daraz,131.0,2026-03-25T21:20:59.632451,0.0,0.0
776,Daraz,131.0,2026-03-25T21:20:59.716501,0.0,0.0
776,Daraz,131.0,2026-03-25T21:20:59.803420,0.0,0.0
776,Daraz,131.0,2026-03-25T21:20:59.898251,0.0,0.0
776,Daraz,131.0,2026-03-25T21:20:59.981666,0.0,0.0
776,Daraz,131.0,2026-03-25T21:21:00.066332,0.0,0.0
776,Daraz,131.0,2026-03-25T21:21:00.148792,0.0,0.0
776,Daraz,131.0,2026-03-25T21:21:00.232066,0.0,0.0
776,Daraz,131.0,2026-03-25T21:21:00.298310,0.0,0.0
776,Daraz,131.0,2026-03-25T21:21:00.381266,0.0,0.0
776,Daraz,131.0,2026-03-25T21:21:00.459566,0.0,0.0
776,Daraz,131.0,2026-03-25T21:21:00.547225,0.0,0.0
776,Daraz,131.0,2026-03-25T21:21:00.631163,0.0,0.0
776,Daraz,131.0,2026-03-25T21:21:00.698265,0.0,0.0
776,Daraz,131.0,2026-03-25T21:21:00.780309,0.0,0.0
776,Daraz,131.0,2026-03-25T21:21:00.893860,0.0,0.0
776,Daraz,131.0,2026-03-25T21:21:00.967493,0.0,0.0
776,Daraz,131.0,2026-03-25T21:21:01.046546,0.0,0.0
776,Daraz,131.0,2026-03-25T21:21:01.131198,0.0,0.0
776,Daraz,131.0,2026-03-25T21:21:01.216094,0.0,0.0
776,Daraz,131.0,2026-03-25T21:21:01.304703,0.0,0.0
776,Daraz,131.0,2026-03-25T21:21:01.399483,0.0,0.0
776,Daraz,131.0,2026-03-25T21:21:01.484191,0.0,0.0
776,Daraz,131.0,2026-03-25T21:21:01.545168,0.0,0.0
776,Daraz,131.0,2026-03-25T21:21:01.646939,0.0,0.0
776,Daraz,131.0,2026-03-25T21:21:01.729576,0.0,0.0
776,Daraz,131.0,2026-03-25T21:21:01.812234,0.0,0.0
776,Daraz,131.0,2026-03-25T21:21:01.898815,0.0,0.0
776,Daraz,131.0,2026-03-25T21:21:01.994977,0.0,0.0
776,Daraz,131.0,2026-03-25T21:21:02.079366,0.0,0.0
776,Daraz,131.0,2026-03-25T21:21:02.147174,0.0,0.0
776,Daraz,131.0,2026-03-25T21:21:02.232038,0.0,0.0
776,Daraz,131.0,2026-03-25T21:21:02.320663,0.0,0.0
776,Daraz,131.0,2026-03-25T21:21:02.413869,0.0,0.0
776,Daraz,131.0,2026-03-25T21:21:02.479409,0.0,0.0
776,Daraz,131.0,2026-03-25T21:21:02.578904,0.0,0.0
776,Daraz,131.0,2026-03-25T21:21:02.674056,0.0,0.0
776,Daraz,131.0,2026-03-25T21:21:02.801907,0.0,0.0
776,Daraz,131.0,2026-03-25T21:21:02.888615,0.0,0.0
776,Daraz,131.0,2026-03-25T21:21:02.971535,0.0,0.0
776,Daraz,131.0,2026-03-25T21:21:03.050679,0.0,0.0
776,Daraz,131.0,2026-03-25T21:21:03.141407,0.0,0.0
776,Daraz,131.0,2026-03-25T21:21:03.229957,0.0,0.0
776,Daraz,131.0,2026-03-25T21:21:03.313095,0.0,0.0
776,Daraz,131.0,2026-03-25T21:21:03.399694,0.0,0.0
776,Daraz,131.0,2026-03-25T21:21:03.467744,0.0,0.0
776,Daraz,131.0,2026-03-25T21:21:03.541963,0.0,0.0
776,Daraz,131.0,2026-03-25T21:21:03.613785,0.0,0.0
776,Daraz,131.0,2026-03-25T21:21:03.715591,0.0,0.0
776,Daraz,131.0,2026-03-25T21:21:03.802436,0.0,0.0
776,Daraz,131.0,2026-03-25T21:21:03.877167,0.0,0.0
776,Daraz,131.0,2026-03-25T21:21:03.950947,0.0,0.0
776,Daraz,131.0,2026-03-25T21:21:04.035813,0.0,0.0
776,Daraz,131.0,2026-03-25T21:21:04.118562,0.0,0.0
776,Daraz,131.0,2026-03-25T21:21:04.185185,0.0,0.0
776,Daraz,131.0,2026-03-25T21:21:04.285053,0.0,0.0
776,Daraz,131.0,2026-03-25T21:21:04.369127,0.0,0.0
776,Daraz,131.0,2026-03-25T21:21:04.451299,0.0,0.0
776,Daraz,131.0,2026-03-25T21:21:04.542997,0.0,0.0
776,Daraz,131.0,2026-03-25T21:21:04.620698,0.0,0.0
776,Daraz,131.0,2026-03-25T21:21:04.721278,0.0,0.0
776,Daraz,131.0,2026-03-25T21:21:04.801581,0.0,0.0
776,Daraz,131.0,2026-03-25T21:21:04.884512,0.0,0.0
776,Daraz,131.0,2026-03-25T21:21:04.957364,0.0,0.0
776,Daraz,131.0,2026-03-25T21:21:05.054071,0.0,0.0
776,Daraz,131.0,2026-03-25T21:21:05.121705,0.0,0.0
776,Daraz,131.0,2026-03-25T21:21:05.188365,0.0,0.0
776,Daraz,131.0,2026-03-25T21:21:05.287642,0.0,0.0
776,Daraz,131.0,2026-03-25T21:21:05.371228,0.0,0.0
776,Daraz,131.0,2026-03-25T21:21:05.469559,0.0,0.0
776,Daraz,131.0,2026-03-25T21:21:05.539184,0.0,0.0
776,Daraz,131.0,2026-03-25T21:21:05.610010,0.0,0.0
776,Daraz,131.0,2026-03-25T21:21:05.687727,0.0,0.0
776,Daraz,131.0,2026-03-25T21:21:05.787830,0.0,0.0
776,Daraz,131.0,2026-03-25T21:21:05.888697,0.0,0.0
776,Daraz,131.0,2026-03-25T21:21:05.978696,0.0,0.0
776,Daraz,131.0,2026-03-25T21:21:06.069697,0.0,0.0
776,Daraz,131.0,2026-03-25T21:21:06.155906,0.0,0.0
776,Daraz,131.0,2026-03-25T21:21:06.240545,0.0,0.0
776,Daraz,131.0,2026-03-25T21:21:06.325589,0.0,0.0
776,Daraz,131.0,2026-03-25T21:21:06.426940,0.0,0.0
776,Daraz,131.0,2026-03-25T21:21:06.530947,0.0,0.0
776,Daraz,131.0,2026-03-25T21:21:06.614061,0.0,0.0
776,Daraz,131.0,2026-03-25T21:21:06.697102,0.0,0.0
776,Daraz,131.0,2026-03-25T21:21:06.797424,0.0,0.0
776,Daraz,131.0,2026-03-25T21:21:06.880152,0.0,0.0
776,Daraz,131.0,2026-03-25T21:21:06.980476,0.0,0.0
776,Daraz,131.0,2026-03-25T21:21:07.064035,0.0,0.0
776,Daraz,131.0,2026-03-25T21:21:07.150544,0.0,0.0
776,Daraz,131.0,2026-03-25T21:21:07.230477,0.0,0.0
776,Daraz,131.0,2026-03-25T21:21:07.314119,0.0,0.0
776,Daraz,131.0,2026-03-25T21:21:07.397499,0.0,0.0
776,Daraz,131.0,2026-03-25T21:21:07.496228,0.0,0.0
776,Daraz,131.0,2026-03-25T21:21:07.566595,0.0,0.0
776,Daraz,131.0,2026-03-25T21:21:07.650171,0.0,0.0
776,Daraz,131.0,2026-03-25T21:21:07.749858,0.0,0.0
776,Daraz,131.0,2026-03-25T21:21:07.849836,0.0,0.0
776,Daraz,131.0,2026-03-25T21:21:07.936156,0.0,0.0
776,Daraz,131.0,2026-03-25T21:21:08.016547,0.0,0.0
776,Daraz,131.0,2026-03-25T21:21:08.100053,0.0,0.0
776,Daraz,131.0,2026-03-25T21:21:08.182433,0.0,0.0
776,Daraz,131.0,2026-03-25T21:21:08.282923,0.0,0.0
776,Daraz,131.0,2026-03-25T21:21:08.378438,0.0,0.0
776,Daraz,131.0,2026-03-25T21:21:08.452262,0.0,0.0
776,Daraz,131.0,2026-03-25T21:21:08.551925,0.0,0.0
776,Daraz,131.0,2026-03-25T21:21:08.635595,0.0,0.0
776,Daraz,131.0,2026-03-25T21:21:08.735042,0.0,0.0
776,Daraz,131.0,2026-03-25T21:21:08.834599,0.0,0.0
776,Daraz,131.0,2026-03-25T21:21:08.917750,0.0,0.0
776,Daraz,131.0,2026-03-25T21:21:08.996337,0.0,0.0
776,Daraz,131.0,2026-03-25T21:21:09.068513,0.0,0.0
776,Daraz,131.0,2026-03-25T21:21:09.152470,0.0,0.0
776,Daraz,131.0,2026-03-25T21:21:09.234521,0.0,0.0
776,Daraz,131.0,2026-03-25T21:21:09.317958,0.0,0.0
776,Daraz,131.0,2026-03-25T21:21:09.418174,0.0,0.0
776,Daraz,131.0,2026-03-25T21:21:09.500809,0.0,0.0
776,Daraz,131.0,2026-03-25T21:21:09.568983,0.0,0.0
776,Daraz,131.0,2026-03-25T21:21:09.650900,0.0,0.0
776,Daraz,131.0,2026-03-25T21:21:09.751193,0.0,0.0
776,Daraz,131.0,2026-03-25T21:21:09.834140,0.0,0.0
776,Daraz,131.0,2026-03-25T21:21:09.917467,0.0,0.0
776,Daraz,131.0,2026-03-25T21:21:10.000561,0.0,0.0
776,Daraz,131.0,2026-03-25T21:21:10.092277,0.0,0.0
776,Daraz,131.0,2026-03-25T21:21:10.175632,0.0,0.0
776,Daraz,131.0,2026-03-25T21:21:10.242229,0.0,0.0
776,Daraz,131.0,2026-03-25T21:21:10.319870,0.0,0.0
776,Daraz,131.0,2026-03-25T21:21:10.393250,0.0,0.0
776,Daraz,131.0,2026-03-25T21:21:10.484202,0.0,0.0
776,Daraz,131.0,2026-03-25T21:21:10.566867,0.0,0.0
776,Daraz,131.0,2026-03-25T21:21:10.650097,0.0,0.0
776,Daraz,131.0,2026-03-25T21:21:10.750545,0.0,0.0
776,Daraz,131.0,2026-03-25T21:21:10.849926,0.0,0.0
776,Daraz,131.0,2026-03-25T21:21:10.933226,0.0,0.0
776,Daraz,131.0,2026-03-25T21:21:11.033223,0.0,0.0
776,Daraz,131.0,2026-03-25T21:21:11.121150,0.0,0.0
776,Daraz,131.0,2026-03-25T21:21:11.183443,0.0,0.0
776,Daraz,131.0,2026-03-25T21:21:11.295917,0.0,0.0
776,Daraz,131.0,2026-03-25T21:21:11.380279,0.0,0.0
776,Daraz,131.0,2026-03-25T21:21:11.474831,0.0,0.0
776,Daraz,131.0,2026-03-25T21:21:11.566183,0.0,0.0
776,Daraz,131.0,2026-03-25T21:21:11.670041,0.0,0.0
776,Daraz,131.0,2026-03-25T21:21:11.767779,0.0,0.0
776,Daraz,131.0,2026-03-25T21:21:11.836260,0.0,0.0
776,Daraz,131.0,2026-03-25T21:21:11.936477,0.0,0.0
776,Daraz,131.0,2026-03-25T21:21:12.036046,0.0,0.0
776,Daraz,131.0,2026-03-25T21:21:12.119454,0.0,0.0
776,Daraz,131.0,2026-03-25T21:21:12.218650,0.0,0.0
776,Daraz,131.0,2026-03-25T21:21:12.303078,0.0,0.0
776,Daraz,131.0,2026-03-25T21:21:12.401075,0.0,0.0
776,Daraz,131.0,2026-03-25T21:21:12.485348,0.0,0.0
776,Daraz,131.0,2026-03-25T21:21:12.586345,0.0,0.0
776,Daraz,131.0,2026-03-25T21:21:12.667339,0.0,0.0
776,Daraz,131.0,2026-03-25T21:21:12.752094,0.0,0.0
776,Daraz,131.0,2026-03-25T21:21:12.835584,0.0,0.0
776,Daraz,131.0,2026-03-25T21:21:12.919252,0.0,0.0
776,Daraz,131.0,2026-03-25T21:21:13.002494,0.0,0.0
776,Daraz,131.0,2026-03-25T21:21:13.085003,0.0,0.0
776,Daraz,131.0,2026-03-25T21:21:13.151658,0.0,0.0
776,Daraz,131.0,2026-03-25T21:21:13.234964,0.0,0.0
776,Daraz,131.0,2026-03-25T21:21:13.334301,0.0,0.0
776,Daraz,131.0,2026-03-25T21:21:13.417800,0.0,0.0
776,Daraz,131.0,2026-03-25T21:21:13.501375,0.0,0.0
776,Daraz,131.0,2026-03-25T21:21:13.567885,0.0,0.0
776,Daraz,131.0,2026-03-25T21:21:13.654915,0.0,0.0
776,Daraz,131.0,2026-03-25T21:21:13.735491,0.0,0.0
776,Daraz,131.0,2026-03-25T21:21:13.805848,0.0,0.0
776,Daraz,131.0,2026-03-25T21:21:13.904945,0.0,0.0
776,Daraz,131.0,2026-03-25T21:21:13.968414,0.0,0.0
776,Daraz,131.0,2026-03-25T21:21:14.051722,0.0,0.0
776,Daraz,131.0,2026-03-25T21:21:14.138823,0.0,0.0
776,Daraz,131.0,2026-03-25T21:21:14.217093,0.0,0.0
776,Daraz,131.0,2026-03-25T21:21:14.310743,0.0,0.0
776,Daraz,131.0,2026-03-25T21:21:14.466775,0.0,0.0
776,Daraz,131.0,2026-03-25T21:21:14.553808,0.0,0.0
776,Daraz,131.0,2026-03-25T21:21:14.633242,0.0,0.0
776,Daraz,131.0,2026-03-25T21:21:14.706549,0.0,0.0
776,Daraz,131.0,2026-03-25T21:21:14.771563,0.0,0.0
776,Daraz,131.0,2026-03-25T21:21:14.855872,0.0,0.0
776,Daraz,131.0,2026-03-25T21:21:14.938883,0.0,0.0
776,Daraz,131.0,2026-03-25T21:21:15.021609,0.0,0.0
776,Daraz,131.0,2026-03-25T21:21:15.101604,0.0,0.0
776,Daraz,131.0,2026-03-25T21:21:15.191765,0.0,0.0
776,Daraz,131.0,2026-03-25T21:21:15.269757,0.0,0.0
776,Daraz,131.0,2026-03-25T21:21:15.349536,0.0,0.0
776,Daraz,131.0,2026-03-25T21:21:15.422537,0.0,0.0
776,Daraz,131.0,2026-03-25T21:21:15.487853,0.0,0.0
776,Daraz,131.0,2026-03-25T21:21:15.571884,0.0,0.0
776,Daraz,131.0,2026-03-25T21:21:15.661953,0.0,0.0
776,Daraz,131.0,2026-03-25T21:21:15.733121,0.0,0.0
776,Daraz,131.0,2026-03-25T21:21:15.816444,0.0,0.0
776,Daraz,131.0,2026-03-25T21:21:15.882949,0.0,0.0
776,Daraz,131.0,2026-03-25T21:21:15.966107,0.0,0.0
776,Daraz,131.0,2026-03-25T21:21:16.060995,0.0,0.0
776,Daraz,131.0,2026-03-25T21:21:16.148286,0.0,0.0
776,Daraz,131.0,2026-03-25T21:21:16.240286,0.0,0.0
776,Daraz,131.0,2026-03-25T21:21:16.357232,0.0,0.0
776,Daraz,131.0,2026-03-25T21:21:16.499156,0.0,0.0
776,Daraz,131.0,2026-03-25T21:21:16.599022,0.0,0.0
776,Daraz,131.0,2026-03-25T21:21:16.682217,0.0,0.0
776,Daraz,131.0,2026-03-25T21:21:16.765021,0.0,0.0
776,Daraz,131.0,2026-03-25T21:21:16.854456,0.0,0.0
776,Daraz,131.0,2026-03-25T21:21:16.936868,0.0,0.0
776,Daraz,131.0,2026-03-25T21:21:17.020357,0.0,0.0
776,Daraz,131.0,2026-03-25T21:21:17.117064,0.0,0.0
776,Daraz,131.0,2026-03-25T21:21:17.203471,0.0,0.0
776,Daraz,131.0,2026-03-25T21:21:17.300471,0.0,0.0
776,Daraz,131.0,2026-03-25T21:21:17.394471,0.0,0.0
776,Daraz,131.0,2026-03-25T21:21:17.488758,0.0,0.0
776,Daraz,131.0,2026-03-25T21:21:17.581427,0.0,0.0
776,Daraz,131.0,2026-03-25T21:21:17.664941,0.0,0.0
776,Daraz,131.0,2026-03-25T21:21:17.731173,0.0,0.0
776,Daraz,131.0,2026-03-25T21:21:17.814430,0.0,0.0
776,Daraz,131.0,2026-03-25T21:21:17.897918,0.0,0.0
776,Daraz,131.0,2026-03-25T21:21:17.980885,0.0,0.0
776,Daraz,131.0,2026-03-25T21:21:18.064553,0.0,0.0
776,Daraz,131.0,2026-03-25T21:21:18.147448,0.0,0.0
776,Daraz,131.0,2026-03-25T21:21:18.214387,0.0,0.0
776,Daraz,131.0,2026-03-25T21:21:18.313474,0.0,0.0
776,Daraz,131.0,2026-03-25T21:21:18.386951,0.0,0.0
776,Daraz,131.0,2026-03-25T21:21:18.485976,0.0,0.0
776,Daraz,131.0,2026-03-25T21:21:18.572865,0.0,0.0
776,Daraz,131.0,2026-03-25T21:21:18.656602,0.0,0.0
776,Daraz,131.0,2026-03-25T21:21:18.748038,0.0,0.0
776,Daraz,131.0,2026-03-25T21:21:18.847969,0.0,0.0
776,Daraz,131.0,2026-03-25T21:21:18.930290,0.0,0.0
776,Daraz,131.0,2026-03-25T21:21:19.031314,0.0,0.0
776,Daraz,131.0,2026-03-25T21:21:19.132213,0.0,0.0
776,Daraz,131.0,2026-03-25T21:21:19.242635,0.0,0.0
776,Daraz,131.0,2026-03-25T21:21:19.334606,0.0,0.0
776,Daraz,131.0,2026-03-25T21:21:19.433428,0.0,0.0
776,Daraz,131.0,2026-03-25T21:21:19.517401,0.0,0.0
776,Daraz,131.0,2026-03-25T21:21:19.600958,0.0,0.0
776,Daraz,131.0,2026-03-25T21:21:19.685080,0.0,0.0
776,Daraz,131.0,2026-03-25T21:21:19.765660,0.0,0.0
776,Daraz,131.0,2026-03-25T21:21:19.850907,0.0,0.0
776,Daraz,131.0,2026-03-25T21:21:19.931970,0.0,0.0
776,Daraz,131.0,2026-03-25T21:21:20.031029,0.0,0.0
776,Daraz,131.0,2026-03-25T21:21:20.114556,0.0,0.0
776,Daraz,131.0,2026-03-25T21:21:20.196663,0.0,0.0
776,Daraz,131.0,2026-03-25T21:21:20.280029,0.0,0.0
776,Daraz,131.0,2026-03-25T21:21:20.362528,0.0,0.0
776,Daraz,131.0,2026-03-25T21:21:20.445878,0.0,0.0
776,Daraz,131.0,2026-03-25T21:21:20.545550,0.0,0.0
776,Daraz,131.0,2026-03-25T21:21:20.629057,0.0,0.0
776,Daraz,131.0,2026-03-25T21:21:20.722048,0.0,0.0
776,Daraz,131.0,2026-03-25T21:21:20.909986,0.0,0.0
776,Daraz,131.0,2026-03-25T21:21:20.996424,0.0,0.0
776,Daraz,131.0,2026-03-25T21:21:21.079302,0.0,0.0
776,Daraz,131.0,2026-03-25T21:21:21.178302,0.0,0.0
776,Daraz,131.0,2026-03-25T21:21:21.265351,0.0,0.0
776,Daraz,131.0,2026-03-25T21:21:21.347881,0.0,0.0
776,Daraz,131.0,2026-03-25T21:21:21.432197,0.0,0.0
776,Daraz,131.0,2026-03-25T21:21:21.539921,0.0,0.0
776,Daraz,131.0,2026-03-25T21:21:21.617832,0.0,0.0
776,Daraz,131.0,2026-03-25T21:21:21.696701,0.0,0.0
776,Daraz,131.0,2026-03-25T21:21:21.783824,0.0,0.0
776,Daraz,131.0,2026-03-25T21:21:21.867276,0.0,0.0
776,Daraz,131.0,2026-03-25T21:21:21.952704,0.0,0.0
776,Daraz,131.0,2026-03-25T21:21:22.042522,0.0,0.0
776,Daraz,131.0,2026-03-25T21:21:22.118298,0.0,0.0
776,Daraz,131.0,2026-03-25T21:21:22.213107,0.0,0.0
776,Daraz,131.0,2026-03-25T21:21:22.316505,0.0,0.0
776,Daraz,131.0,2026-03-25T21:21:22.403617,0.0,0.0
776,Daraz,131.0,2026-03-25T21:21:22.484984,0.0,0.0
776,Daraz,131.0,2026-03-25T21:21:22.569178,0.0,0.0
776,Daraz,131.0,2026-03-25T21:21:22.704039,0.0,0.0
776,Daraz,131.0,2026-03-25T21:21:22.786705,0.0,0.0
776,Daraz,131.0,2026-03-25T21:21:22.886031,0.0,0.0
776,Daraz,131.0,2026-03-25T21:21:22.985104,0.0,0.0
776,Daraz,131.0,2026-03-25T21:21:23.053825,0.0,0.0
776,Daraz,131.0,2026-03-25T21:21:23.153289,0.0,0.0
776,Daraz,131.0,2026-03-25T21:21:23.244667,0.0,0.0
776,Daraz,131.0,2026-03-25T21:21:23.335107,0.0,0.0
776,Daraz,131.0,2026-03-25T21:21:23.433797,0.0,0.0
776,Daraz,131.0,2026-03-25T21:21:23.514622,0.0,0.0
776,Daraz,131.0,2026-03-25T21:21:23.599065,0.0,0.0
776,Daraz,131.0,2026-03-25T21:21:23.688182,0.0,0.0
776,Daraz,131.0,2026-03-25T21:21:23.788082,0.0,0.0
776,Daraz,131.0,2026-03-25T21:21:23.874409,0.0,0.0
776,Daraz,131.0,2026-03-25T21:21:23.959071,0.0,0.0
776,Daraz,131.0,2026-03-25T21:21:24.038703,0.0,0.0
776,Daraz,131.0,2026-03-25T21:21:24.144956,0.0,0.0
776,Daraz,131.0,2026-03-25T21:21:24.224414,0.0,0.0
776,Daraz,131.0,2026-03-25T21:21:24.308757,0.0,0.0
776,Daraz,131.0,2026-03-25T21:21:24.393661,0.0,0.0
776,Daraz,131.0,2026-03-25T21:21:24.491248,0.0,0.0
776,Daraz,131.0,2026-03-25T21:21:24.574502,0.0,0.0
776,Daraz,131.0,2026-03-25T21:21:24.657814,0.0,0.0
776,Daraz,131.0,2026-03-25T21:21:24.757654,0.0,0.0
776,Daraz,131.0,2026-03-25T21:21:24.841022,0.0,0.0
776,Daraz,131.0,2026-03-25T21:21:24.924054,0.0,0.0
776,Daraz,131.0,2026-03-25T21:21:25.008139,0.0,0.0
776,Daraz,131.0,2026-03-25T21:21:25.106341,0.0,0.0
776,Daraz,131.0,2026-03-25T21:21:25.174075,0.0,0.0
776,Daraz,131.0,2026-03-25T21:21:25.274316,0.0,0.0
776,Daraz,131.0,2026-03-25T21:21:25.357388,0.0,0.0
776,Daraz,131.0,2026-03-25T21:21:25.441757,0.0,0.0
776,Daraz,131.0,2026-03-25T21:21:25.523888,0.0,0.0
776,Daraz,131.0,2026-03-25T21:21:25.623398,0.0,0.0
776,Daraz,131.0,2026-03-25T21:21:25.690191,0.0,0.0
776,Daraz,131.0,2026-03-25T21:21:25.773590,0.0,0.0
776,Daraz,131.0,2026-03-25T21:21:25.856663,0.0,0.0
776,Daraz,131.0,2026-03-25T21:21:25.957103,0.0,0.0
776,Daraz,131.0,2026-03-25T21:21:26.040365,0.0,0.0
776,Daraz,131.0,2026-03-25T21:21:26.123966,0.0,0.0
776,Daraz,131.0,2026-03-25T21:21:26.207021,0.0,0.0
776,Daraz,131.0,2026-03-25T21:21:26.279793,0.0,0.0
776,Daraz,131.0,2026-03-25T21:21:26.362984,0.0,0.0
777,Daraz,131.0,2026-03-25T21:21:26.515781,0.0,0.0
778,Daraz,166.0,2026-03-25T21:21:26.655968,0.0,0.0
779,Daraz,186.0,2026-03-25T21:21:26.839006,0.0,0.0
780,Daraz,186.0,2026-03-25T21:21:26.992950,0.0,0.0
781,Daraz,211.0,2026-03-25T21:21:27.267698,0.0,0.0
782,Daraz,211.0,2026-03-25T21:21:27.438160,0.0,0.0
783,Daraz,223.0,2026-03-25T21:21:27.608700,0.0,0.0
784,Daraz,225.0,2026-03-25T21:21:27.740990,0.0,0.0
785,Daraz,249.0,2026-03-25T21:21:27.904598,0.0,0.0
786,Daraz,249.0,2026-03-25T21:21:28.068317,0.0,0.0
787,Daraz,249.0,2026-03-25T21:21:28.218789,0.0,0.0
788,Daraz,249.0,2026-03-25T21:21:28.367729,0.0,0.0
789,Daraz,259.0,2026-03-25T21:21:28.524580,0.0,0.0
790,Daraz,275.0,2026-03-25T21:21:28.698825,0.0,0.0
791,Daraz,275.0,2026-03-25T21:21:28.837798,0.0,0.0
792,Daraz,311.0,2026-03-25T21:21:29.004506,0.0,0.0
793,Daraz,332.0,2026-03-25T21:21:29.167107,0.0,0.0
794,Daraz,1100.0,2026-03-25T21:21:29.335700,0.0,0.0
795,Daraz,405.0,2026-03-25T21:21:29.493660,0.0,0.0
796,Daraz,1720.0,2026-03-25T21:21:29.637988,0.0,0.0
797,Daraz,450.0,2026-03-25T21:21:29.821083,0.0,0.0
798,Daraz,1755.0,2026-03-25T21:21:29.962020,0.0,0.0
799,Daraz,480.0,2026-03-25T21:21:30.129213,0.0,0.0
3,Daraz,1850.0,2026-03-25T21:21:30.272999,0.0,0.0
800,Daraz,629.0,2026-03-25T21:21:30.425797,0.0,0.0
583,Daraz,2000.0,2026-03-25T21:21:30.617462,0.0,0.0
801,Daraz,749.0,2026-03-25T21:21:30.758781,0.0,0.0
173,Daraz,2149.0,2026-03-25T21:21:30.935992,0.0,0.0
802,Daraz,749.0,2026-03-25T21:21:31.118485,0.0,0.0
584,Daraz,2200.0,2026-03-25T21:21:31.265373,0.0,0.0
7,Hukut,88000.0,2026-03-25T21:21:31.414600,0.0,0.0
803,Hukut,89999.0,2026-03-25T21:21:31.540339,0.0,0.0
804,Hukut,98000.0,2026-03-25T21:21:31.711018,0.0,0.0
805,Hukut,99000.0,2026-03-25T21:21:31.876810,0.0,0.0
806,Daraz,152500.0,2026-03-25T21:21:32.029830,0.0,0.0
807,Daraz,150.0,2026-03-25T21:21:32.201594,0.0,0.0
808,Daraz,189.0,2026-03-25T21:21:32.353450,0.0,0.0
809,Daraz,370.0,2026-03-25T21:21:32.524869,0.0,0.0
810,Daraz,383.0,2026-03-25T21:21:32.687220,0.0,0.0
810,Daraz,422.0,2026-03-25T21:21:32.843398,39.0,10.182767624020887
811,Daraz,818.0,2026-03-25T21:21:33.005163,0.0,0.0
812,Daraz,4467.0,2026-03-25T21:21:33.165349,0.0,0.0
813,Hukut,129000.0,2026-03-25T21:21:33.319955,0.0,0.0
806,Daraz,152500.0,2026-03-25T21:21:33.487857,0.0,0.0
814,Hukut,158999.0,2026-03-25T21:21:33.666450,0.0,0.0
218,Hukut,169000.0,2026-03-25T21:21:33.833722,0.0,0.0
815,Hukut,177999.0,2026-03-25T21:21:33.992650,0.0,0.0
816,Daraz,198000.0,2026-03-25T21:21:34.145087,0.0,0.0
817,Hukut,204999.0,2026-03-25T21:21:34.282266,0.0,0.0
809,Daraz,370.0,2026-03-25T21:21:35.361646,0.0,0.0
813,Hukut,129000.0,2026-03-25T21:21:35.977691,0.0,0.0
806,Daraz,152500.0,2026-03-25T21:21:36.149080,0.0,0.0
814,Hukut,158999.0,2026-03-25T21:21:36.309762,0.0,0.0
218,Hukut,169000.0,2026-03-25T21:21:36.481891,0.0,0.0
815,Hukut,177999.0,2026-03-25T21:21:36.658914,0.0,0.0
817,Hukut,204999.0,2026-03-25T21:21:36.800439,0.0,0.0
820,Daraz,299000.0,2026-03-25T21:21:36.969080,0.0,0.0
827,Daraz,1678.0,2026-03-25T21:21:37.297062,123.0,7.909967845659165
827,Daraz,1699.0,2026-03-25T21:21:37.446892,21.0,1.2514898688915377
826,Hukut,108999.0,2026-03-25T21:21:37.596856,0.0,0.0
218,Hukut,169000.0,2026-03-25T21:21:38.012688,0.0,0.0
237,Hukut,287999.0,2026-03-25T21:21:38.180182,0.0,0.0
828,Hukut,31499.0,2026-03-25T21:21:40.674662,0.0,0.0
829,Hukut,31500.0,2026-03-25T21:21:40.807336,0.0,0.0
785,Daraz,249.0,2026-03-25T21:21:41.455464,0.0,0.0
795,Daraz,405.0,2026-03-25T21:21:41.637666,0.0,0.0
96,Hukut,16999.0,2026-03-25T21:21:42.359424,0.0,0.0
785,Daraz,249.0,2026-03-25T21:21:44.774834,0.0,0.0
96,Hukut,16999.0,2026-03-25T21:21:44.915928,0.0,0.0
130,Hukut,23000.0,2026-03-25T21:21:45.062656,0.0,0.0
78,Hukut,24998.0,2026-03-25T21:21:45.242697,0.0,0.0
845,Daraz,24999.0,2026-03-25T21:21:45.418513,0.0,0.0
139,Hukut,29999.0,2026-03-25T21:21:45.568435,0.0,0.0
846,Daraz,29999.0,2026-03-25T21:21:45.748049,0.0,0.0
151,Hukut,39999.0,2026-03-25T21:21:45.905832,0.0,0.0
847,Daraz,39999.0,2026-03-25T21:21:46.066904,0.0,0.0
848,Daraz,46999.0,2026-03-25T21:21:46.239093,0.0,0.0
164,Hukut,49999.0,2026-03-25T21:21:46.423060,0.0,0.0
849,Daraz,49999.0,2026-03-25T21:21:46.590791,0.0,0.0
850,Daraz,56999.0,2026-03-25T21:21:46.741466,0.0,0.0
521,Hukut,59999.0,2026-03-25T21:21:46.889862,0.0,0.0
851,Daraz,59999.0,2026-03-25T21:21:47.025685,0.0,0.0
852,Daraz,66999.0,2026-03-25T21:21:47.178939,0.0,0.0
794,Daraz,1100.0,2026-03-25T21:21:47.344904,0.0,0.0
111,Daraz,3971.0,2026-03-25T21:21:50.267884,0.0,0.0
866,Daraz,700.0,2026-03-25T21:21:54.179554,0.0,0.0
818,Daraz,1299.0,2026-03-25T21:21:54.317308,0.0,0.0
111,Daraz,3971.0,2026-03-25T21:21:54.486317,0.0,0.0
88,Daraz,5999.0,2026-03-25T21:21:54.836589,0.0,0.0
867,Daraz,10999.0,2026-03-25T21:21:55.005966,0.0,0.0
593,Daraz,16999.0,2026-03-25T21:21:55.189536,0.0,0.0
122,Daraz,19999.0,2026-03-25T21:21:55.378738,0.0,0.0
796,Daraz,1720.0,2026-03-25T21:21:57.706380,0.0,0.0
583,Daraz,2000.0,2026-03-25T21:22:00.809468,0.0,0.0
584,Daraz,2200.0,2026-03-25T21:22:00.982631,0.0,0.0
7,Hukut,88000.0,2026-03-25T21:22:01.145457,0.0,0.0
803,Hukut,89999.0,2026-03-25T21:22:01.295731,0.0,0.0
804,Hukut,98000.0,2026-03-25T21:22:01.428582,0.0,0.0
805,Hukut,99000.0,2026-03-25T21:22:01.592766,0.0,0.0
806,Daraz,152500.0,2026-03-25T21:22:01.749753,0.0,0.0
794,Daraz,1100.0,2026-03-25T21:22:01.923011,0.0,0.0
853,Daraz,1550.0,2026-03-25T21:22:02.068112,0.0,0.0
854,Daraz,2450.0,2026-03-25T21:22:02.224850,0.0,0.0
177,Daraz,3900.0,2026-03-25T21:22:02.400904,0.0,0.0
855,Hukut,25000.0,2026-03-25T21:22:02.566827,0.0,0.0
856,Hukut,29999.0,2026-03-25T21:22:02.728729,0.0,0.0
857,Hukut,30000.0,2026-03-25T21:22:02.915830,0.0,0.0
858,Hukut,45000.0,2026-03-25T21:22:03.071702,0.0,0.0
859,Hukut,45272.0,2026-03-25T21:22:03.223077,0.0,0.0
6,Daraz,47510.0,2026-03-25T21:22:03.391789,0.0,0.0
184,Daraz,65990.0,2026-03-25T21:22:03.560919,0.0,0.0
860,Hukut,68543.0,2026-03-25T21:22:03.727967,0.0,0.0
188,Daraz,70990.0,2026-03-25T21:22:03.906117,0.0,0.0
861,Daraz,74890.0,2026-03-25T21:22:04.052169,0.0,0.0
862,Daraz,94050.0,2026-03-25T21:22:04.236917,0.0,0.0
863,Hukut,98000.0,2026-03-25T21:22:04.394586,0.0,0.0
864,Daraz,134000.0,2026-03-25T21:22:04.561583,0.0,0.0
865,Hukut,175999.0,2026-03-25T21:22:04.744896,0.0,0.0
912,Daraz,2499.0,2026-03-25T21:22:05.421009,0.0,0.0
912,Daraz,5988.0,2026-03-25T21:22:06.096270,3489.0,139.61584633853542
917,Daraz,12999.0,2026-03-25T21:22:06.621395,0.0,0.0
920,Daraz,390.0,2026-03-25T21:22:07.334677,0.0,0.0
583,Daraz,2000.0,2026-03-25T21:22:08.482441,0.0,0.0
584,Daraz,2200.0,2026-03-25T21:22:08.648839,0.0,0.0
7,Hukut,88000.0,2026-03-25T21:22:08.827593,0.0,0.0
803,Hukut,89999.0,2026-03-25T21:22:08.953291,0.0,0.0
804,Hukut,98000.0,2026-03-25T21:22:09.137067,0.0,0.0
805,Hukut,99000.0,2026-03-25T21:22:09.317383,0.0,0.0
806,Daraz,152500.0,2026-03-25T21:22:09.513809,0.0,0.0
583,Daraz,2000.0,2026-03-25T21:22:09.688091,0.0,0.0
584,Daraz,2200.0,2026-03-25T21:22:09.870506,0.0,0.0
7,Hukut,88000.0,2026-03-25T21:22:10.044367,0.0,0.0
803,Hukut,89999.0,2026-03-25T21:22:10.201778,0.0,0.0
804,Hukut,98000.0,2026-03-25T21:22:10.380581,0.0,0.0
805,Hukut,99000.0,2026-03-25T21:22:10.547108,0.0,0.0
806,Daraz,152500.0,2026-03-25T21:22:10.690447,0.0,0.0
583,Daraz,40000.0,2026-03-25T21:22:10.853738,38000.0,1900.0
584,Daraz,44000.0,2026-03-25T21:22:11.128498,41800.0,1900.0
7,Hukut,88000.0,2026-03-25T21:22:11.297245,0.0,0.0
803,Hukut,89999.0,2026-03-25T21:22:11.435267,0.0,0.0
804,Hukut,98000.0,2026-03-25T21:22:11.591328,0.0,0.0
805,Hukut,99000.0,2026-03-25T21:22:11.764167,0.0,0.0
806,Daraz,1525008.0,2026-03-25T21:22:11.923837,1372508.0,900.0052459016393
30,Hukut,36299.0,2026-03-25T21:22:12.256203,0.0,0.0
883,Hukut,38999.0,2026-03-25T21:22:12.423290,0.0,0.0
32,Hukut,38999.0,2026-03-25T21:22:12.589451,0.0,0.0
884,Hukut,46999.0,2026-03-25T21:22:12.752427,0.0,0.0
885,Hukut,53999.0,2026-03-25T21:22:12.936164,0.0,0.0
886,Hukut,55999.0,2026-03-25T21:22:13.072830,0.0,0.0
887,Hukut,61999.0,2026-03-25T21:22:13.255227,0.0,0.0
888,Hukut,69999.0,2026-03-25T21:22:13.439993,0.0,0.0
889,Hukut,99999.0,2026-03-25T21:22:13.614905,0.0,0.0
36,Hukut,122999.0,2026-03-25T21:22:13.769100,13100.0,11.92003566911437
818,Daraz,129957.0,2026-03-25T21:22:13.950613,128658.0,9904.387990762125
867,Daraz,1099958.0,2026-03-25T21:22:14.076030,1088959.0,9900.527320665515
845,Daraz,2499927.0,2026-03-25T21:22:14.542064,2474928.0,9900.108004320173
929,Daraz,2499985.0,2026-03-25T21:22:14.892909,37.0,0.0014800307846403206
846,Daraz,2999910.0,2026-03-25T21:22:15.043344,2969911.0,9900.03333444448
88,Daraz,5999137.0,2026-03-25T21:22:15.220058,5993138.0,99902.28371395233
818,Daraz,1299.0,2026-03-25T21:22:15.395126,-128658.0,-99.00043860661604
88,Daraz,5999.0,2026-03-25T21:22:15.547631,-5993138.0,-99.9000022836618
112,Daraz,9999.0,2026-03-25T21:22:15.714365,0.0,0.0
867,Daraz,10999.0,2026-03-25T21:22:15.883633,-1088959.0,-99.00005272928603
92,Hukut,13499.0,2026-03-25T21:22:16.056004,0.0,0.0
93,Hukut,13499.0,2026-03-25T21:22:16.221354,0.0,0.0
96,Hukut,16999.0,2026-03-25T21:22:16.418324,0.0,0.0
927,Daraz,16999.0,2026-03-25T21:22:16.567242,-1682949.0,-99.00002823615782
928,Daraz,21999.0,2026-03-25T21:22:16.724960,-2177964.0,-99.00002863684526
929,Daraz,24999.0,2026-03-25T21:22:16.892164,-2474986.0,-99.000034000204
845,Daraz,24999.0,2026-03-25T21:22:17.041476,-2474928.0,-99.00001080031538
929,Daraz,24999.0,2026-03-25T21:22:17.196138,0.0,0.0
846,Daraz,29999.0,2026-03-25T21:22:17.361452,-2969911.0,-99.00000333343334
818,Daraz,1299.0,2026-03-25T21:22:17.519508,0.0,0.0
88,Daraz,5999.0,2026-03-25T21:22:17.658286,0.0,0.0
112,Daraz,9999.0,2026-03-25T21:22:17.839385,0.0,0.0
867,Daraz,10999.0,2026-03-25T21:22:17.974569,0.0,0.0
927,Daraz,16999.0,2026-03-25T21:22:18.130123,0.0,0.0
928,Daraz,21999.0,2026-03-25T21:22:18.292048,0.0,0.0
929,Daraz,24999.0,2026-03-25T21:22:18.484084,0.0,0.0
845,Daraz,24999.0,2026-03-25T21:22:18.654363,0.0,0.0
929,Daraz,24999.0,2026-03-25T21:22:18.815338,0.0,0.0
846,Daraz,29999.0,2026-03-25T21:22:19.000010,0.0,0.0
30,Hukut,36299.0,2026-03-25T21:22:19.162363,0.0,0.0
883,Hukut,38999.0,2026-03-25T21:22:19.312730,0.0,0.0
32,Hukut,38999.0,2026-03-25T21:22:19.492388,0.0,0.0
884,Hukut,46999.0,2026-03-25T21:22:19.664344,0.0,0.0
885,Hukut,53999.0,2026-03-25T21:22:19.841481,0.0,0.0
886,Hukut,55999.0,2026-03-25T21:22:20.015302,0.0,0.0
887,Hukut,61999.0,2026-03-25T21:22:20.175336,0.0,0.0
888,Hukut,69999.0,2026-03-25T21:22:20.340303,0.0,0.0
889,Hukut,99999.0,2026-03-25T21:22:20.489365,0.0,0.0
36,Hukut,122999.0,2026-03-25T21:22:20.669676,0.0,0.0
593,Daraz,16999.0,2026-03-25T21:22:21.042381,0.0,0.0
30,Hukut,36299.0,2026-03-25T21:22:21.224484,0.0,0.0
883,Hukut,38999.0,2026-03-25T21:22:21.401282,0.0,0.0
32,Hukut,38999.0,2026-03-25T21:22:21.583342,0.0,0.0
884,Hukut,46999.0,2026-03-25T21:22:21.955030,0.0,0.0
885,Hukut,53999.0,2026-03-25T21:22:22.119675,0.0,0.0
886,Hukut,55999.0,2026-03-25T21:22:22.470018,0.0,0.0
887,Hukut,61999.0,2026-03-25T21:22:22.790780,0.0,0.0
888,Hukut,69999.0,2026-03-25T21:22:23.182499,0.0,0.0
934,Daraz,69999.0,2026-03-25T21:22:23.386577,1999.0,2.939705882352941
889,Hukut,99999.0,2026-03-25T21:22:23.671507,0.0,0.0
930,Daraz,99999.0,2026-03-25T21:22:23.822182,96639.0,2876.1607142857147
593,Daraz,16999.0,2026-03-25T21:22:24.362712,0.0,0.0
30,Hukut,36299.0,2026-03-25T21:22:24.577795,0.0,0.0
883,Hukut,38999.0,2026-03-25T21:22:24.753762,0.0,0.0
32,Hukut,38999.0,2026-03-25T21:22:24.911157,0.0,0.0
931,Daraz,38999.0,2026-03-25T21:22:25.085210,0.0,0.0
884,Hukut,46999.0,2026-03-25T21:22:25.274528,0.0,0.0
885,Hukut,53999.0,2026-03-25T21:22:25.445897,0.0,0.0
932,Daraz,53999.0,2026-03-25T21:22:25.612836,0.0,0.0
886,Hukut,55999.0,2026-03-25T21:22:25.805570,0.0,0.0
933,Daraz,60999.0,2026-03-25T21:22:25.996769,0.0,0.0
887,Hukut,61999.0,2026-03-25T21:22:26.140237,0.0,0.0
934,Daraz,68000.0,2026-03-25T21:22:26.292119,-1999.0,-2.85575508221546
888,Hukut,69999.0,2026-03-25T21:22:26.456985,0.0,0.0
934,Daraz,69999.0,2026-03-25T21:22:26.637998,1999.0,2.939705882352941
935,Hukut,75699.0,2026-03-25T21:22:26.791838,0.0,0.0
889,Hukut,99999.0,2026-03-25T21:22:26.954874,0.0,0.0
930,Daraz,99999.0,2026-03-25T21:22:27.136312,0.0,0.0
930,Daraz,112000.0,2026-03-25T21:22:27.305521,12001.0,12.001120011200111
936,Daraz,114999.0,2026-03-25T21:22:27.497642,0.0,0.0
29,Daraz,248999.0,2026-03-25T21:22:27.683953,0.0,0.0
3,Daraz,37000.0,2026-03-25T21:22:28.516351,35150.0,1900.0
583,Daraz,40000.0,2026-03-25T21:22:28.699178,0.0,0.0
584,Daraz,44000.0,2026-03-25T21:22:28.886625,0.0,0.0
7,Hukut,88000.0,2026-03-25T21:22:29.529382,0.0,0.0
805,Hukut,99000.0,2026-03-25T21:22:29.995048,0.0,0.0
258,Daraz,2399.0,2026-03-25T21:22:31.446765,100.0,4.349717268377556
813,Hukut,129000.0,2026-03-25T21:22:37.218850,0.0,0.0
806,Daraz,152500.0,2026-03-25T21:22:37.418995,-1372508.0,-90.0000524587412
814,Hukut,158999.0,2026-03-25T21:22:37.652875,0.0,0.0
218,Hukut,169000.0,2026-03-25T21:22:37.947105,0.0,0.0
815,Hukut,177999.0,2026-03-25T21:22:38.148376,0.0,0.0
816,Daraz,198000.0,2026-03-25T21:22:38.423044,0.0,0.0
817,Hukut,204999.0,2026-03-25T21:22:38.683604,0.0,0.0
819,Hukut,228999.0,2026-03-25T21:22:38.842929,0.0,0.0
237,Hukut,287999.0,2026-03-25T21:22:38.997405,0.0,0.0
820,Daraz,299000.0,2026-03-25T21:22:39.148760,0.0,0.0
821,Hukut,399999.0,2026-03-25T21:22:39.297703,0.0,0.0
822,Hukut,539999.0,2026-03-25T21:22:39.481130,0.0,0.0
962,Daraz,2499.0,2026-03-25T21:22:39.827663,0.0,0.0
963,Daraz,3299.0,2026-03-25T21:22:40.499323,0.0,0.0
826,Hukut,108999.0,2026-03-25T21:22:40.991798,0.0,0.0
813,Hukut,129000.0,2026-03-25T21:22:41.136971,0.0,0.0
806,Daraz,152500.0,2026-03-25T21:22:41.307023,0.0,0.0
814,Hukut,158999.0,2026-03-25T21:22:41.466369,0.0,0.0
218,Hukut,169000.0,2026-03-25T21:22:41.631350,0.0,0.0
815,Hukut,177999.0,2026-03-25T21:22:41.802689,0.0,0.0
816,Daraz,198000.0,2026-03-25T21:22:41.976928,0.0,0.0
817,Hukut,204999.0,2026-03-25T21:22:42.160200,0.0,0.0
960,Daraz,2050.0,2026-03-25T21:22:42.336481,0.0,0.0
961,Daraz,2419.0,2026-03-25T21:22:42.504983,0.0,0.0
962,Daraz,2499.0,2026-03-25T21:22:42.684238,0.0,0.0
963,Daraz,3299.0,2026-03-25T21:22:42.850445,0.0,0.0
964,Daraz,3699.0,2026-03-25T21:22:43.029873,0.0,0.0
813,Hukut,129000.0,2026-03-25T21:22:43.205763,0.0,0.0
806,Daraz,152500.0,2026-03-25T21:22:43.393802,0.0,0.0
814,Hukut,158999.0,2026-03-25T21:22:43.553014,0.0,0.0
218,Hukut,169000.0,2026-03-25T21:22:43.752899,0.0,0.0
815,Hukut,177999.0,2026-03-25T21:22:43.917043,0.0,0.0
816,Daraz,198000.0,2026-03-25T21:22:44.090079,0.0,0.0
817,Hukut,204999.0,2026-03-25T21:22:44.246101,0.0,0.0
819,Hukut,228999.0,2026-03-25T21:22:44.410358,0.0,0.0
237,Hukut,287999.0,2026-03-25T21:22:44.558371,0.0,0.0
820,Daraz,299000.0,2026-03-25T21:22:44.741916,0.0,0.0
821,Hukut,399999.0,2026-03-25T21:22:44.927709,0.0,0.0
822,Hukut,539999.0,2026-03-25T21:22:45.094668,0.0,0.0
813,Hukut,129000.0,2026-03-25T21:22:45.253485,0.0,0.0
806,Daraz,152500.0,2026-03-25T21:22:45.411843,0.0,0.0
814,Hukut,158999.0,2026-03-25T21:22:45.586449,0.0,0.0
218,Hukut,169000.0,2026-03-25T21:22:45.734111,0.0,0.0
815,Hukut,177999.0,2026-03-25T21:22:45.885782,0.0,0.0
816,Daraz,198000.0,2026-03-25T21:22:46.027429,0.0,0.0
817,Hukut,204999.0,2026-03-25T21:22:46.195808,0.0,0.0
819,Hukut,228999.0,2026-03-25T21:22:46.342426,0.0,0.0
237,Hukut,287999.0,2026-03-25T21:22:46.502996,0.0,0.0
820,Daraz,299000.0,2026-03-25T21:22:46.665114,0.0,0.0
821,Hukut,399999.0,2026-03-25T21:22:46.824496,0.0,0.0
822,Hukut,539999.0,2026-03-25T21:22:47.016008,0.0,0.0
185,Hukut,59000.0,2026-03-25T21:22:47.352985,0.0,0.0
892,Daraz,65499.0,2026-03-25T21:22:47.502309,0.0,0.0
893,Daraz,66999.0,2026-03-25T21:22:47.669405,10.0,0.014927823971099733
190,Hukut,75000.0,2026-03-25T21:22:47.835710,0.0,0.0
894,Daraz,79000.0,2026-03-25T21:22:47.969085,0.0,0.0
895,Daraz,92500.0,2026-03-25T21:22:48.501607,0.0,0.0
891,Daraz,102999.0,2026-03-25T21:22:49.223385,101969.0,9899.902912621359
901,Hukut,129999.0,2026-03-25T21:22:50.073830,0.0,0.0
905,Hukut,140000.0,2026-03-25T21:22:50.279868,0.0,0.0
927,Daraz,16999.0,2026-03-25T21:22:51.231602,0.0,0.0
928,Daraz,21999.0,2026-03-25T21:22:51.491316,0.0,0.0
845,Daraz,24999.0,2026-03-25T21:22:51.771253,0.0,0.0
929,Daraz,24999.0,2026-03-25T21:22:52.018657,0.0,0.0
846,Daraz,29999.0,2026-03-25T21:22:52.477109,0.0,0.0
847,Daraz,39999.0,2026-03-25T21:22:52.951444,0.0,0.0
848,Daraz,46999.0,2026-03-25T21:22:53.435617,0.0,0.0
849,Daraz,49999.0,2026-03-25T21:22:53.654027,0.0,0.0
850,Daraz,56999.0,2026-03-25T21:22:54.215981,0.0,0.0
852,Daraz,66999.0,2026-03-25T21:22:54.511263,0.0,0.0
139,Hukut,29999.0,2026-03-25T21:22:54.787231,0.0,0.0
151,Hukut,39999.0,2026-03-25T21:22:55.124068,0.0,0.0
164,Hukut,49999.0,2026-03-25T21:22:55.392727,0.0,0.0
521,Hukut,59999.0,2026-03-25T21:22:55.693414,0.0,0.0
928,Daraz,21999.0,2026-03-25T21:22:55.978491,0.0,0.0
845,Daraz,24999.0,2026-03-25T21:22:56.495709,0.0,0.0
929,Daraz,24999.0,2026-03-25T21:22:56.764581,0.0,0.0
980,Hukut,27999.0,2026-03-25T21:22:57.026797,0.0,0.0
139,Hukut,29999.0,2026-03-25T21:22:57.282676,0.0,0.0
846,Daraz,29999.0,2026-03-25T21:22:57.733856,0.0,0.0
981,Hukut,31999.0,2026-03-25T21:22:57.950825,0.0,0.0
151,Hukut,39999.0,2026-03-25T21:22:58.304499,0.0,0.0
847,Daraz,39999.0,2026-03-25T21:22:58.714904,0.0,0.0
848,Daraz,46999.0,2026-03-25T21:22:58.935031,0.0,0.0
164,Hukut,49999.0,2026-03-25T21:22:59.376346,0.0,0.0
849,Daraz,49999.0,2026-03-25T21:22:59.621162,0.0,0.0
850,Daraz,56999.0,2026-03-25T21:22:59.849574,0.0,0.0
521,Hukut,59999.0,2026-03-25T21:23:00.093577,0.0,0.0
851,Daraz,59999.0,2026-03-25T21:23:00.338043,0.0,0.0
852,Daraz,66999.0,2026-03-25T21:23:00.583514,0.0,0.0
96,Hukut,16999.0,2026-03-25T21:23:00.800807,0.0,0.0
927,Daraz,16999.0,2026-03-25T21:23:01.049204,0.0,0.0
928,Daraz,21999.0,2026-03-25T21:23:01.267536,0.0,0.0
130,Hukut,23000.0,2026-03-25T21:23:01.502320,0.0,0.0
929,Daraz,24999.0,2026-03-25T21:23:01.754116,0.0,0.0
929,Daraz,24999.0,2026-03-25T21:23:02.021597,0.0,0.0
928,Daraz,24999.0,2026-03-25T21:23:02.222147,3000.0,13.636983499249967
845,Daraz,24999.0,2026-03-25T21:23:02.420726,0.0,0.0
139,Hukut,29999.0,2026-03-25T21:23:02.731008,0.0,0.0
846,Daraz,29999.0,2026-03-25T21:23:02.949459,0.0,0.0
151,Hukut,39999.0,2026-03-25T21:23:03.237956,0.0,0.0
847,Daraz,39999.0,2026-03-25T21:23:03.464016,0.0,0.0
848,Daraz,46999.0,2026-03-25T21:23:03.748121,0.0,0.0
164,Hukut,49999.0,2026-03-25T21:23:03.898783,0.0,0.0
521,Hukut,59999.0,2026-03-25T21:23:04.139479,0.0,0.0
852,Daraz,66999.0,2026-03-25T21:23:04.456570,0.0,0.0
96,Hukut,16999.0,2026-03-25T21:23:04.716547,0.0,0.0
130,Hukut,23000.0,2026-03-25T21:23:04.988694,0.0,0.0
78,Hukut,24998.0,2026-03-25T21:23:05.527269,0.0,0.0
845,Daraz,24999.0,2026-03-25T21:23:05.810291,0.0,0.0
139,Hukut,29999.0,2026-03-25T21:23:06.071792,0.0,0.0
151,Hukut,39999.0,2026-03-25T21:23:06.392259,0.0,0.0
164,Hukut,49999.0,2026-03-25T21:23:06.670014,0.0,0.0
521,Hukut,59999.0,2026-03-25T21:23:06.937678,0.0,0.0
927,Daraz,16999.0,2026-03-25T21:23:07.207340,0.0,0.0
928,Daraz,21999.0,2026-03-25T21:23:07.476867,-3000.0,-12.000480019200769
845,Daraz,24999.0,2026-03-25T21:23:07.684844,0.0,0.0
929,Daraz,24999.0,2026-03-25T21:23:07.962279,0.0,0.0
980,Hukut,27999.0,2026-03-25T21:23:08.209719,0.0,0.0
846,Daraz,29999.0,2026-03-25T21:23:08.450517,0.0,0.0
981,Hukut,31999.0,2026-03-25T21:23:08.713576,0.0,0.0
847,Daraz,39999.0,2026-03-25T21:23:08.961177,0.0,0.0
982,Hukut,40999.0,2026-03-25T21:23:09.226364,0.0,0.0
848,Daraz,46999.0,2026-03-25T21:23:09.513515,0.0,0.0
849,Daraz,49999.0,2026-03-25T21:23:09.701478,0.0,0.0
983,Hukut,50999.0,2026-03-25T21:23:09.961999,0.0,0.0
850,Daraz,56999.0,2026-03-25T21:23:10.201293,0.0,0.0
852,Daraz,66999.0,2026-03-25T21:23:10.462216,0.0,0.0
96,Hukut,16999.0,2026-03-25T21:23:10.683377,0.0,0.0
927,Daraz,16999.0,2026-03-25T21:23:10.908559,0.0,0.0
928,Daraz,21999.0,2026-03-25T21:23:11.154019,0.0,0.0
130,Hukut,23000.0,2026-03-25T21:23:11.415541,0.0,0.0
929,Daraz,24999.0,2026-03-25T21:23:11.710197,0.0,0.0
929,Daraz,24999.0,2026-03-25T21:23:11.902666,0.0,0.0
928,Daraz,24999.0,2026-03-25T21:23:12.137870,3000.0,13.636983499249967
845,Daraz,24999.0,2026-03-25T21:23:12.428705,0.0,0.0
139,Hukut,29999.0,2026-03-25T21:23:12.669326,0.0,0.0
846,Daraz,29999.0,2026-03-25T21:23:12.981143,0.0,0.0
151,Hukut,39999.0,2026-03-25T21:23:13.184817,0.0,0.0
847,Daraz,39999.0,2026-03-25T21:23:13.436807,0.0,0.0
848,Daraz,46999.0,2026-03-25T21:23:13.657155,0.0,0.0
164,Hukut,49999.0,2026-03-25T21:23:13.839967,0.0,0.0
521,Hukut,59999.0,2026-03-25T21:23:14.020039,0.0,0.0
852,Daraz,66999.0,2026-03-25T21:23:14.252638,0.0,0.0
178,Daraz,41990.0,2026-03-25T21:23:14.466069,0.0,0.0
185,Hukut,59000.0,2026-03-25T21:23:14.919586,0.0,0.0
892,Daraz,65499.0,2026-03-25T21:23:15.086184,0.0,0.0
893,Daraz,66999.0,2026-03-25T21:23:15.335171,0.0,0.0
894,Daraz,79000.0,2026-03-25T21:23:16.034743,0.0,0.0
971,Daraz,89900.0,2026-03-25T21:23:16.500962,0.0,0.0
972,Daraz,91990.0,2026-03-25T21:23:16.740378,0.0,0.0
895,Daraz,92500.0,2026-03-25T21:23:17.017960,0.0,0.0
974,Hukut,102000.0,2026-03-25T21:23:17.253518,0.0,0.0
891,Daraz,102999.0,2026-03-25T21:23:17.433357,0.0,0.0
976,Daraz,107999.0,2026-03-25T21:23:17.675553,0.0,0.0
905,Hukut,120000.0,2026-03-25T21:23:18.164810,-20000.0,-14.285714285714285
901,Hukut,129999.0,2026-03-25T21:23:18.402207,0.0,0.0
905,Hukut,140000.0,2026-03-25T21:23:18.590464,20000.0,16.666666666666664
908,Daraz,181900.0,2026-03-25T21:23:18.842477,0.0,0.0
185,Hukut,6001.0,2026-03-25T21:23:19.053774,-52999.0,-89.82881355932203
905,Hukut,6001.0,2026-03-25T21:23:19.250352,-133999.0,-95.71357142857143
989,Hukut,6001.0,2026-03-25T21:23:19.495463,-66999.0,-91.77945205479452
990,Hukut,7001.0,2026-03-25T21:23:19.764793,-67999.0,-90.66533333333334
991,Hukut,10001.0,2026-03-25T21:23:19.996429,-74999.0,-88.23411764705882
974,Hukut,18002.0,2026-03-25T21:23:20.247960,-83998.0,-82.35098039215686
905,Hukut,26001.0,2026-03-25T21:23:20.448045,20000.0,333.27778703549404
901,Hukut,34000.0,2026-03-25T21:23:20.776971,-95999.0,-73.84595266117432
178,Daraz,41990.0,2026-03-25T21:23:21.019830,0.0,0.0
988,Hukut,55000.0,2026-03-25T21:23:21.335985,0.0,0.0
892,Daraz,65499.0,2026-03-25T21:23:21.594068,0.0,0.0
893,Daraz,66999.0,2026-03-25T21:23:21.815936,0.0,0.0
894,Daraz,79000.0,2026-03-25T21:23:22.016879,0.0,0.0
971,Daraz,89900.0,2026-03-25T21:23:22.245568,0.0,0.0
972,Daraz,91990.0,2026-03-25T21:23:22.489228,0.0,0.0
895,Daraz,92500.0,2026-03-25T21:23:22.700038,0.0,0.0
891,Daraz,102999.0,2026-03-25T21:23:22.929400,0.0,0.0
976,Daraz,107999.0,2026-03-25T21:23:23.118738,0.0,0.0
992,Hukut,120000.0,2026-03-25T21:23:23.332554,0.0,0.0
768,Daraz,146990.0,2026-03-25T21:23:23.574983,0.0,0.0
178,Daraz,41990.0,2026-03-25T21:23:23.831094,0.0,0.0
185,Hukut,52999.0,2026-03-25T21:23:24.084764,46998.0,783.1694717547076
988,Hukut,55000.0,2026-03-25T21:23:24.278097,0.0,0.0
892,Daraz,65499.0,2026-03-25T21:23:24.511761,0.0,0.0
989,Hukut,66999.0,2026-03-25T21:23:24.729059,60998.0,1016.4639226795534
893,Daraz,66999.0,2026-03-25T21:23:25.012386,0.0,0.0
990,Hukut,67999.0,2026-03-25T21:23:25.230996,60998.0,871.2755320668476
991,Hukut,74999.0,2026-03-25T21:23:25.543168,64998.0,649.9150084991501
894,Daraz,79000.0,2026-03-25T21:23:25.828257,0.0,0.0
974,Hukut,83998.0,2026-03-25T21:23:26.076270,65996.0,366.60371069881126
971,Daraz,89900.0,2026-03-25T21:23:26.333033,0.0,0.0
972,Daraz,91990.0,2026-03-25T21:23:26.577855,0.0,0.0
895,Daraz,92500.0,2026-03-25T21:23:26.837444,0.0,0.0
901,Hukut,95999.0,2026-03-25T21:23:27.123181,61999.0,182.35
891,Daraz,102999.0,2026-03-25T21:23:27.399091,0.0,0.0
976,Daraz,107999.0,2026-03-25T21:23:27.641327,0.0,0.0
905,Hukut,113999.0,2026-03-25T21:23:27.946146,87998.0,338.44082919887694
905,Hukut,113999.0,2026-03-25T21:23:28.177006,0.0,0.0
992,Hukut,120000.0,2026-03-25T21:23:28.462375,0.0,0.0
768,Daraz,146990.0,2026-03-25T21:23:28.693819,0.0,0.0
857,Hukut,27999.0,2026-03-25T21:23:28.909351,-2001.0,-6.67
858,Hukut,38999.0,2026-03-25T21:23:29.175980,-6001.0,-13.335555555555556
860,Hukut,59999.0,2026-03-25T21:23:29.393658,-8544.0,-12.46516785083816
184,Daraz,65990.0,2026-03-25T21:23:29.672928,0.0,0.0
861,Daraz,74900.0,2026-03-25T21:23:29.906233,10.0,0.013352917612498332
794,Daraz,109999.0,2026-03-25T21:23:30.412827,108899.0,9899.909090909092
864,Daraz,134000.0,2026-03-25T21:23:31.379923,0.0,0.0
865,Hukut,134999.0,2026-03-25T21:23:31.830664,-41000.0,-23.295586906743786
853,Daraz,155000.0,2026-03-25T21:23:32.288955,153450.0,9900.0
777,Daraz,131.0,2026-03-25T21:23:33.293941,0.0,0.0
778,Daraz,166.0,2026-03-25T21:23:33.396907,0.0,0.0
779,Daraz,186.0,2026-03-25T21:23:33.504996,0.0,0.0
780,Daraz,186.0,2026-03-25T21:23:33.605434,0.0,0.0
781,Daraz,211.0,2026-03-25T21:23:33.704497,0.0,0.0
782,Daraz,211.0,2026-03-25T21:23:33.804443,0.0,0.0
783,Daraz,223.0,2026-03-25T21:23:33.891976,0.0,0.0
784,Daraz,225.0,2026-03-25T21:23:33.988028,0.0,0.0
785,Daraz,249.0,2026-03-25T21:23:34.087395,0.0,0.0
786,Daraz,249.0,2026-03-25T21:23:34.170772,0.0,0.0
787,Daraz,249.0,2026-03-25T21:23:34.271497,0.0,0.0
788,Daraz,249.0,2026-03-25T21:23:34.370102,0.0,0.0
789,Daraz,259.0,2026-03-25T21:23:34.486346,0.0,0.0
790,Daraz,275.0,2026-03-25T21:23:34.572495,0.0,0.0
791,Daraz,275.0,2026-03-25T21:23:34.684402,0.0,0.0
792,Daraz,311.0,2026-03-25T21:23:34.778150,0.0,0.0
793,Daraz,332.0,2026-03-25T21:23:34.872249,0.0,0.0
794,Daraz,1100.0,2026-03-25T21:23:34.972289,-108899.0,-98.99999090900826
795,Daraz,405.0,2026-03-25T21:23:35.074527,0.0,0.0
796,Daraz,1720.0,2026-03-25T21:23:35.156664,0.0,0.0
797,Daraz,450.0,2026-03-25T21:23:35.259271,0.0,0.0
798,Daraz,1755.0,2026-03-25T21:23:35.366906,0.0,0.0
799,Daraz,480.0,2026-03-25T21:23:35.548978,0.0,0.0
3,Daraz,1850.0,2026-03-25T21:23:35.669524,-35150.0,-95.0
800,Daraz,629.0,2026-03-25T21:23:35.811697,0.0,0.0
583,Daraz,2000.0,2026-03-25T21:23:35.927469,-38000.0,-95.0
801,Daraz,749.0,2026-03-25T21:23:36.051735,0.0,0.0
173,Daraz,2149.0,2026-03-25T21:23:36.153890,0.0,0.0
802,Daraz,749.0,2026-03-25T21:23:36.240158,0.0,0.0
584,Daraz,2200.0,2026-03-25T21:23:36.331015,-41800.0,-95.0
7,Hukut,88000.0,2026-03-25T21:23:36.411491,0.0,0.0
803,Hukut,89999.0,2026-03-25T21:23:36.485026,0.0,0.0
804,Hukut,98000.0,2026-03-25T21:23:36.590907,0.0,0.0
805,Hukut,99000.0,2026-03-25T21:23:36.697026,0.0,0.0
806,Daraz,152500.0,2026-03-25T21:23:36.801229,0.0,0.0
807,Daraz,150.0,2026-03-25T21:23:36.901692,0.0,0.0
808,Daraz,189.0,2026-03-25T21:23:37.006277,0.0,0.0
809,Daraz,370.0,2026-03-25T21:23:37.112641,0.0,0.0
810,Daraz,383.0,2026-03-25T21:23:37.213541,-39.0,-9.24170616113744
810,Daraz,422.0,2026-03-25T21:23:37.305809,39.0,10.182767624020887
811,Daraz,818.0,2026-03-25T21:23:37.411091,0.0,0.0
812,Daraz,4467.0,2026-03-25T21:23:37.507760,0.0,0.0
813,Hukut,129000.0,2026-03-25T21:23:37.615656,0.0,0.0
806,Daraz,152500.0,2026-03-25T21:23:37.717145,0.0,0.0
814,Hukut,158999.0,2026-03-25T21:23:37.814469,0.0,0.0
218,Hukut,169000.0,2026-03-25T21:23:37.915616,0.0,0.0
815,Hukut,177999.0,2026-03-25T21:23:38.009213,0.0,0.0
816,Daraz,198000.0,2026-03-25T21:23:38.118176,0.0,0.0
817,Hukut,204999.0,2026-03-25T21:23:38.205850,0.0,0.0
819,Hukut,228999.0,2026-03-25T21:23:38.289318,0.0,0.0
237,Hukut,287999.0,2026-03-25T21:23:38.390817,0.0,0.0
820,Daraz,299000.0,2026-03-25T21:23:38.476041,0.0,0.0
821,Hukut,399999.0,2026-03-25T21:23:38.574220,0.0,0.0
822,Hukut,539999.0,2026-03-25T21:23:38.668985,0.0,0.0
823,Daraz,316.0,2026-03-25T21:23:38.775169,0.0,0.0
809,Daraz,370.0,2026-03-25T21:23:38.872488,0.0,0.0
824,Daraz,1052.0,2026-03-25T21:23:38.955914,0.0,0.0
825,Daraz,1999.0,2026-03-25T21:23:39.064285,0.0,0.0
826,Hukut,108999.0,2026-03-25T21:23:39.167973,0.0,0.0
813,Hukut,129000.0,2026-03-25T21:23:39.257881,0.0,0.0
806,Daraz,152500.0,2026-03-25T21:23:39.369187,0.0,0.0
814,Hukut,158999.0,2026-03-25T21:23:39.471089,0.0,0.0
218,Hukut,169000.0,2026-03-25T21:23:39.590156,0.0,0.0
815,Hukut,177999.0,2026-03-25T21:23:39.719133,0.0,0.0
817,Hukut,204999.0,2026-03-25T21:23:39.811206,0.0,0.0
820,Daraz,299000.0,2026-03-25T21:23:39.911477,0.0,0.0
827,Daraz,1555.0,2026-03-25T21:23:40.030663,-144.0,-8.475573866980577
827,Daraz,1678.0,2026-03-25T21:23:40.117924,123.0,7.909967845659165
827,Daraz,1699.0,2026-03-25T21:23:40.256030,21.0,1.2514898688915377
826,Hukut,108999.0,2026-03-25T21:23:40.368643,0.0,0.0
828,Hukut,31499.0,2026-03-25T21:23:40.455562,0.0,0.0
829,Hukut,31500.0,2026-03-25T21:23:40.558570,0.0,0.0
218,Hukut,169000.0,2026-03-25T21:23:40.661909,0.0,0.0
237,Hukut,287999.0,2026-03-25T21:23:40.776938,0.0,0.0
830,Daraz,55.0,2026-03-25T21:23:40.876668,0.0,0.0
831,Daraz,75.0,2026-03-25T21:23:40.977441,0.0,0.0
700,Daraz,103.0,2026-03-25T21:23:41.081014,0.0,0.0
703,Daraz,295.0,2026-03-25T21:23:41.171626,0.0,0.0
832,Daraz,299.0,2026-03-25T21:23:41.265070,0.0,0.0
833,Daraz,300.0,2026-03-25T21:23:41.380145,0.0,0.0
463,Daraz,305.0,2026-03-25T21:23:41.470896,0.0,0.0
834,Daraz,349.0,2026-03-25T21:23:41.569760,0.0,0.0
835,Daraz,849.0,2026-03-25T21:23:41.658425,0.0,0.0
836,Daraz,1196.0,2026-03-25T21:23:41.748505,0.0,0.0
837,Hukut,2499.0,2026-03-25T21:23:41.839661,0.0,0.0
838,Hukut,2499.0,2026-03-25T21:23:41.927196,0.0,0.0
839,Hukut,2799.0,2026-03-25T21:23:42.026279,0.0,0.0
840,Hukut,2999.0,2026-03-25T21:23:42.113293,0.0,0.0
841,Hukut,27000.0,2026-03-25T21:23:42.217146,0.0,0.0
828,Hukut,31499.0,2026-03-25T21:23:42.313050,0.0,0.0
829,Hukut,31500.0,2026-03-25T21:23:42.430178,0.0,0.0
842,Hukut,38499.0,2026-03-25T21:23:42.534490,0.0,0.0
843,Hukut,44500.0,2026-03-25T21:23:42.641332,0.0,0.0
844,Hukut,44500.0,2026-03-25T21:23:42.744912,0.0,0.0
785,Daraz,249.0,2026-03-25T21:23:42.825142,0.0,0.0
795,Daraz,405.0,2026-03-25T21:23:42.908565,0.0,0.0
486,Hukut,2999.0,2026-03-25T21:23:43.024263,0.0,0.0
487,Hukut,2999.0,2026-03-25T21:23:43.130455,0.0,0.0
518,Hukut,5999.0,2026-03-25T21:23:43.207514,0.0,0.0
96,Hukut,16999.0,2026-03-25T21:23:43.324014,0.0,0.0
130,Hukut,23000.0,2026-03-25T21:23:43.451468,0.0,0.0
78,Hukut,24998.0,2026-03-25T21:23:43.548676,0.0,0.0
845,Daraz,24999.0,2026-03-25T21:23:43.625671,0.0,0.0
139,Hukut,29999.0,2026-03-25T21:23:43.707781,0.0,0.0
846,Daraz,29999.0,2026-03-25T21:23:43.827703,0.0,0.0
151,Hukut,39999.0,2026-03-25T21:23:43.918741,0.0,0.0
847,Daraz,39999.0,2026-03-25T21:23:44.010887,0.0,0.0
848,Daraz,46999.0,2026-03-25T21:23:44.125362,0.0,0.0
164,Hukut,49999.0,2026-03-25T21:23:44.232239,0.0,0.0
849,Daraz,49999.0,2026-03-25T21:23:44.338592,0.0,0.0
850,Daraz,56999.0,2026-03-25T21:23:44.455138,0.0,0.0
521,Hukut,59999.0,2026-03-25T21:23:44.538331,0.0,0.0
851,Daraz,59999.0,2026-03-25T21:23:44.639062,0.0,0.0
852,Daraz,66999.0,2026-03-25T21:23:44.744149,0.0,0.0
785,Daraz,249.0,2026-03-25T21:23:44.858001,0.0,0.0
96,Hukut,16999.0,2026-03-25T21:23:44.963936,0.0,0.0
130,Hukut,23000.0,2026-03-25T21:23:45.065419,0.0,0.0
78,Hukut,24998.0,2026-03-25T21:23:45.184602,0.0,0.0
845,Daraz,24999.0,2026-03-25T21:23:45.286938,0.0,0.0
139,Hukut,29999.0,2026-03-25T21:23:45.393161,0.0,0.0
846,Daraz,29999.0,2026-03-25T21:23:45.491299,0.0,0.0
151,Hukut,39999.0,2026-03-25T21:23:45.598116,0.0,0.0
847,Daraz,39999.0,2026-03-25T21:23:45.703775,0.0,0.0
848,Daraz,46999.0,2026-03-25T21:23:45.793071,0.0,0.0
164,Hukut,49999.0,2026-03-25T21:23:45.874089,0.0,0.0
849,Daraz,49999.0,2026-03-25T21:23:45.991338,0.0,0.0
850,Daraz,56999.0,2026-03-25T21:23:46.080441,0.0,0.0
521,Hukut,59999.0,2026-03-25T21:23:46.159361,0.0,0.0
851,Daraz,59999.0,2026-03-25T21:23:46.257770,0.0,0.0
852,Daraz,66999.0,2026-03-25T21:23:46.357628,0.0,0.0
794,Daraz,1100.0,2026-03-25T21:23:46.469722,0.0,0.0
853,Daraz,1550.0,2026-03-25T21:23:46.557121,-153450.0,-99.0
854,Daraz,2450.0,2026-03-25T21:23:46.657547,0.0,0.0
177,Daraz,3900.0,2026-03-25T21:23:46.740533,0.0,0.0
855,Hukut,25000.0,2026-03-25T21:23:46.840359,0.0,0.0
856,Hukut,29999.0,2026-03-25T21:23:46.957361,0.0,0.0
857,Hukut,30000.0,2026-03-25T21:23:47.046069,2001.0,7.146683810136076
858,Hukut,45000.0,2026-03-25T21:23:47.145617,6001.0,15.387574040360008
859,Hukut,45272.0,2026-03-25T21:23:47.238458,0.0,0.0
6,Daraz,47510.0,2026-03-25T21:23:47.340640,0.0,0.0
184,Daraz,65990.0,2026-03-25T21:23:47.422958,0.0,0.0
860,Hukut,68543.0,2026-03-25T21:23:47.536645,8544.0,14.240237337288955
188,Daraz,70990.0,2026-03-25T21:23:47.656043,0.0,0.0
861,Daraz,74890.0,2026-03-25T21:23:47.740877,-10.0,-0.01335113484646195
862,Daraz,94050.0,2026-03-25T21:23:47.856047,0.0,0.0
863,Hukut,98000.0,2026-03-25T21:23:47.940869,0.0,0.0
864,Daraz,134000.0,2026-03-25T21:23:48.022852,0.0,0.0
865,Hukut,175999.0,2026-03-25T21:23:48.105532,41000.0,30.370595337743246
866,Daraz,700.0,2026-03-25T21:23:48.206037,0.0,0.0
111,Daraz,3971.0,2026-03-25T21:23:48.289255,0.0,0.0
867,Daraz,10999.0,2026-03-25T21:23:48.387021,0.0,0.0
593,Daraz,16999.0,2026-03-25T21:23:48.495840,0.0,0.0
122,Daraz,19999.0,2026-03-25T21:23:48.599387,0.0,0.0
868,Daraz,115.0,2026-03-25T21:23:48.696830,0.0,0.0
869,Daraz,138.0,2026-03-25T21:23:48.787237,0.0,0.0
870,Daraz,189.0,2026-03-25T21:23:48.909436,0.0,0.0
871,Daraz,899.0,2026-03-25T21:23:49.008000,0.0,0.0
872,Daraz,929.0,2026-03-25T21:23:49.117255,0.0,0.0
873,Daraz,999.0,2026-03-25T21:23:49.216016,0.0,0.0
874,Daraz,1041.0,2026-03-25T21:23:49.307544,0.0,0.0
875,Daraz,1041.0,2026-03-25T21:23:49.407346,0.0,0.0
876,Daraz,1141.0,2026-03-25T21:23:49.519980,0.0,0.0
61,Hukut,2499.0,2026-03-25T21:23:49.638645,0.0,0.0
62,Hukut,2500.0,2026-03-25T21:23:49.737674,0.0,0.0
877,Hukut,2999.0,2026-03-25T21:23:49.820105,0.0,0.0
64,Hukut,3000.0,2026-03-25T21:23:49.932304,0.0,0.0
65,Hukut,3500.0,2026-03-25T21:23:50.078052,0.0,0.0
878,Daraz,3536.0,2026-03-25T21:23:50.177430,0.0,0.0
381,Hukut,3999.0,2026-03-25T21:23:50.281671,0.0,0.0
879,Hukut,4499.0,2026-03-25T21:23:50.369485,0.0,0.0
66,Hukut,5000.0,2026-03-25T21:23:50.484763,0.0,0.0
880,Hukut,5000.0,2026-03-25T21:23:50.570013,0.0,0.0
881,Hukut,7499.0,2026-03-25T21:23:50.698049,0.0,0.0
866,Daraz,700.0,2026-03-25T21:23:50.799916,0.0,0.0
818,Daraz,1299.0,2026-03-25T21:23:50.869994,0.0,0.0
111,Daraz,3971.0,2026-03-25T21:23:50.998866,0.0,0.0
882,Daraz,5044.0,2026-03-25T21:23:51.117076,0.0,0.0
88,Daraz,5999.0,2026-03-25T21:23:51.209732,0.0,0.0
867,Daraz,10999.0,2026-03-25T21:23:51.326668,0.0,0.0
593,Daraz,16999.0,2026-03-25T21:23:51.435353,0.0,0.0
122,Daraz,19999.0,2026-03-25T21:23:51.529827,0.0,0.0
30,Hukut,36299.0,2026-03-25T21:23:51.650999,0.0,0.0
883,Hukut,38999.0,2026-03-25T21:23:51.752534,0.0,0.0
32,Hukut,38999.0,2026-03-25T21:23:51.841254,0.0,0.0
884,Hukut,46999.0,2026-03-25T21:23:51.919238,0.0,0.0
885,Hukut,53999.0,2026-03-25T21:23:52.019148,0.0,0.0
886,Hukut,55999.0,2026-03-25T21:23:52.145518,0.0,0.0
887,Hukut,61999.0,2026-03-25T21:23:52.258107,0.0,0.0
888,Hukut,69999.0,2026-03-25T21:23:52.355671,0.0,0.0
889,Hukut,99999.0,2026-03-25T21:23:52.455784,0.0,0.0
36,Hukut,109899.0,2026-03-25T21:23:52.556237,-13100.0,-10.650493093439783
890,Daraz,109899.0,2026-03-25T21:23:52.655454,0.0,0.0
26,Daraz,128099.0,2026-03-25T21:23:52.754977,0.0,0.0
891,Daraz,1030.0,2026-03-25T21:23:52.821918,-101969.0,-98.99999029116788
796,Daraz,1720.0,2026-03-25T21:23:52.922561,0.0,0.0
892,Daraz,65499.0,2026-03-25T21:23:53.038502,0.0,0.0
893,Daraz,66989.0,2026-03-25T21:23:53.140924,-10.0,-0.014925595904416484
894,Daraz,79000.0,2026-03-25T21:23:53.254502,0.0,0.0
895,Daraz,92500.0,2026-03-25T21:23:53.371582,0.0,0.0
896,Hukut,95900.0,2026-03-25T21:23:53.487351,0.0,0.0
897,Hukut,122900.0,2026-03-25T21:23:53.588830,0.0,0.0
898,Daraz,123900.0,2026-03-25T21:23:53.704112,0.0,0.0
899,Hukut,125000.0,2026-03-25T21:23:53.815526,0.0,0.0
900,Hukut,129900.0,2026-03-25T21:23:53.920698,0.0,0.0
901,Hukut,129999.0,2026-03-25T21:23:54.020239,34000.0,35.41703559412077
902,Hukut,139900.0,2026-03-25T21:23:54.122445,0.0,0.0
903,Hukut,139900.0,2026-03-25T21:23:54.205906,0.0,0.0
904,Daraz,139900.0,2026-03-25T21:23:54.311652,0.0,0.0
905,Hukut,140000.0,2026-03-25T21:23:54.387783,26001.0,22.80809480784919
906,Hukut,156900.0,2026-03-25T21:23:54.493522,0.0,0.0
907,Daraz,164900.0,2026-03-25T21:23:54.570536,0.0,0.0
908,Daraz,181900.0,2026-03-25T21:23:54.681144,0.0,0.0
909,Hukut,230000.0,2026-03-25T21:23:54.766912,0.0,0.0
583,Daraz,2000.0,2026-03-25T21:23:54.854410,0.0,0.0
584,Daraz,2200.0,2026-03-25T21:23:54.956583,0.0,0.0
7,Hukut,88000.0,2026-03-25T21:23:55.046282,0.0,0.0
803,Hukut,89999.0,2026-03-25T21:23:55.116933,0.0,0.0
804,Hukut,98000.0,2026-03-25T21:23:55.204353,0.0,0.0
805,Hukut,99000.0,2026-03-25T21:23:55.318863,0.0,0.0
806,Daraz,152500.0,2026-03-25T21:23:55.422599,0.0,0.0
794,Daraz,1100.0,2026-03-25T21:23:55.528807,0.0,0.0
853,Daraz,1550.0,2026-03-25T21:23:55.627458,0.0,0.0
854,Daraz,2450.0,2026-03-25T21:23:55.722295,0.0,0.0
177,Daraz,3900.0,2026-03-25T21:23:55.823157,0.0,0.0
855,Hukut,25000.0,2026-03-25T21:23:55.925073,0.0,0.0
856,Hukut,29999.0,2026-03-25T21:23:56.028725,0.0,0.0
857,Hukut,30000.0,2026-03-25T21:23:56.111404,0.0,0.0
858,Hukut,45000.0,2026-03-25T21:23:56.211367,0.0,0.0
859,Hukut,45272.0,2026-03-25T21:23:56.311484,0.0,0.0
6,Daraz,47510.0,2026-03-25T21:23:56.411254,0.0,0.0
184,Daraz,65990.0,2026-03-25T21:23:56.540742,0.0,0.0
860,Hukut,68543.0,2026-03-25T21:23:56.678527,0.0,0.0
188,Daraz,70990.0,2026-03-25T21:23:56.842656,0.0,0.0
861,Daraz,74890.0,2026-03-25T21:23:56.978836,0.0,0.0
862,Daraz,94050.0,2026-03-25T21:23:57.093457,0.0,0.0
863,Hukut,98000.0,2026-03-25T21:23:57.235599,0.0,0.0
864,Daraz,134000.0,2026-03-25T21:23:57.347221,0.0,0.0
865,Hukut,175999.0,2026-03-25T21:23:57.537854,0.0,0.0
910,Daraz,69.0,2026-03-25T21:23:57.685000,0.0,0.0
911,Daraz,70.0,2026-03-25T21:23:57.856743,0.0,0.0
912,Daraz,2499.0,2026-03-25T21:23:57.996949,-3489.0,-58.26653306613226
912,Daraz,2499.0,2026-03-25T21:23:58.167036,0.0,0.0
913,Daraz,2599.0,2026-03-25T21:23:58.297091,0.0,0.0
914,Daraz,5700.0,2026-03-25T21:23:58.450188,0.0,0.0
915,Daraz,5950.0,2026-03-25T21:24:00.057763,0.0,0.0
912,Daraz,5988.0,2026-03-25T21:24:00.260463,3489.0,139.61584633853542
916,Hukut,6000.0,2026-03-25T21:24:00.488251,0.0,0.0
917,Daraz,12999.0,2026-03-25T21:24:00.691217,0.0,0.0
917,Daraz,12999.0,2026-03-25T21:24:00.890546,0.0,0.0
918,Daraz,250.0,2026-03-25T21:24:01.070101,0.0,0.0
919,Daraz,280.0,2026-03-25T21:24:01.218115,0.0,0.0
920,Daraz,390.0,2026-03-25T21:24:01.354596,0.0,0.0
920,Daraz,390.0,2026-03-25T21:24:01.467084,0.0,0.0
921,Daraz,473.0,2026-03-25T21:24:01.590430,0.0,0.0
922,Daraz,587.0,2026-03-25T21:24:01.716199,0.0,0.0
923,Daraz,689.0,2026-03-25T21:24:01.889914,0.0,0.0
924,Daraz,850.0,2026-03-25T21:24:01.986664,0.0,0.0
925,Daraz,1000.0,2026-03-25T21:24:02.113362,0.0,0.0
926,Daraz,1600.0,2026-03-25T21:24:02.225162,0.0,0.0
583,Daraz,2000.0,2026-03-25T21:24:02.341282,0.0,0.0
584,Daraz,2200.0,2026-03-25T21:24:02.484698,0.0,0.0
7,Hukut,88000.0,2026-03-25T21:24:02.616082,0.0,0.0
803,Hukut,89999.0,2026-03-25T21:24:02.685624,0.0,0.0
804,Hukut,98000.0,2026-03-25T21:24:02.797452,0.0,0.0
805,Hukut,99000.0,2026-03-25T21:24:02.960199,0.0,0.0
806,Daraz,152500.0,2026-03-25T21:24:03.053404,0.0,0.0
583,Daraz,2000.0,2026-03-25T21:24:03.200250,0.0,0.0
584,Daraz,2200.0,2026-03-25T21:24:03.357636,0.0,0.0
7,Hukut,88000.0,2026-03-25T21:24:03.546648,0.0,0.0
803,Hukut,89999.0,2026-03-25T21:24:03.663030,0.0,0.0
804,Hukut,98000.0,2026-03-25T21:24:03.840914,0.0,0.0
805,Hukut,99000.0,2026-03-25T21:24:04.023370,0.0,0.0
806,Daraz,152500.0,2026-03-25T21:24:04.184178,0.0,0.0
583,Daraz,40000.0,2026-03-25T21:24:04.336408,38000.0,1900.0
584,Daraz,44000.0,2026-03-25T21:24:04.461107,41800.0,1900.0
7,Hukut,88000.0,2026-03-25T21:24:04.635196,0.0,0.0
803,Hukut,89999.0,2026-03-25T21:24:04.758731,0.0,0.0
804,Hukut,98000.0,2026-03-25T21:24:04.912283,0.0,0.0
805,Hukut,99000.0,2026-03-25T21:24:04.999750,0.0,0.0
806,Daraz,1525008.0,2026-03-25T21:24:05.135432,1372508.0,900.0052459016393
112,Daraz,9999.0,2026-03-25T21:24:05.319897,0.0,0.0
30,Hukut,36299.0,2026-03-25T21:24:05.496803,0.0,0.0
883,Hukut,38999.0,2026-03-25T21:24:05.664674,0.0,0.0
32,Hukut,38999.0,2026-03-25T21:24:05.805580,0.0,0.0
884,Hukut,46999.0,2026-03-25T21:24:05.981872,0.0,0.0
885,Hukut,53999.0,2026-03-25T21:24:06.178991,0.0,0.0
886,Hukut,55999.0,2026-03-25T21:24:06.339621,0.0,0.0
887,Hukut,61999.0,2026-03-25T21:24:06.507043,0.0,0.0
888,Hukut,69999.0,2026-03-25T21:24:06.652986,0.0,0.0
889,Hukut,99999.0,2026-03-25T21:24:06.810182,0.0,0.0
36,Hukut,122999.0,2026-03-25T21:24:06.955782,13100.0,11.92003566911437
818,Daraz,129957.0,2026-03-25T21:24:07.139725,128658.0,9904.387990762125
867,Daraz,1099958.0,2026-03-25T21:24:07.291602,1088959.0,9900.527320665515
927,Daraz,1699948.0,2026-03-25T21:24:07.451423,1682949.0,9900.282369551149
928,Daraz,2199963.0,2026-03-25T21:24:07.610910,2174964.0,8700.204008160326
845,Daraz,2499927.0,2026-03-25T21:24:07.762471,2474928.0,9900.108004320173
929,Daraz,2499948.0,2026-03-25T21:24:07.960124,2474949.0,9900.192007680307
929,Daraz,2499985.0,2026-03-25T21:24:08.145895,37.0,0.0014800307846403206
846,Daraz,2999910.0,2026-03-25T21:24:08.291351,2969911.0,9900.03333444448
88,Daraz,5999137.0,2026-03-25T21:24:08.449740,5993138.0,99902.28371395233
818,Daraz,1299.0,2026-03-25T21:24:08.583410,-128658.0,-99.00043860661604
88,Daraz,5999.0,2026-03-25T21:24:08.762945,-5993138.0,-99.9000022836618
112,Daraz,9999.0,2026-03-25T21:24:08.963706,0.0,0.0
867,Daraz,10999.0,2026-03-25T21:24:09.107616,-1088959.0,-99.00005272928603
92,Hukut,13499.0,2026-03-25T21:24:09.301535,0.0,0.0
93,Hukut,13499.0,2026-03-25T21:24:09.450721,0.0,0.0
96,Hukut,16999.0,2026-03-25T21:24:09.595503,0.0,0.0
927,Daraz,16999.0,2026-03-25T21:24:09.754728,-1682949.0,-99.00002823615782
928,Daraz,21999.0,2026-03-25T21:24:09.929146,-2177964.0,-99.00002863684526
929,Daraz,24999.0,2026-03-25T21:24:10.084315,-2474986.0,-99.000034000204
845,Daraz,24999.0,2026-03-25T21:24:10.200953,-2474928.0,-99.00001080031538
929,Daraz,24999.0,2026-03-25T21:24:10.334187,0.0,0.0
846,Daraz,29999.0,2026-03-25T21:24:10.521120,-2969911.0,-99.00000333343334
818,Daraz,1299.0,2026-03-25T21:24:10.693101,0.0,0.0
88,Daraz,5999.0,2026-03-25T21:24:10.791291,0.0,0.0
112,Daraz,9999.0,2026-03-25T21:24:10.961287,0.0,0.0
867,Daraz,10999.0,2026-03-25T21:24:11.132119,0.0,0.0
927,Daraz,16999.0,2026-03-25T21:24:11.294743,0.0,0.0
928,Daraz,21999.0,2026-03-25T21:24:11.420833,0.0,0.0
929,Daraz,24999.0,2026-03-25T21:24:11.562693,0.0,0.0
845,Daraz,24999.0,2026-03-25T21:24:11.742292,0.0,0.0
929,Daraz,24999.0,2026-03-25T21:24:11.887001,0.0,0.0
846,Daraz,29999.0,2026-03-25T21:24:12.045150,0.0,0.0
30,Hukut,36299.0,2026-03-25T21:24:12.208880,0.0,0.0
883,Hukut,38999.0,2026-03-25T21:24:12.366182,0.0,0.0
32,Hukut,38999.0,2026-03-25T21:24:12.544661,0.0,0.0
884,Hukut,46999.0,2026-03-25T21:24:12.663561,0.0,0.0
885,Hukut,53999.0,2026-03-25T21:24:12.837932,0.0,0.0
886,Hukut,55999.0,2026-03-25T21:24:13.013844,0.0,0.0
887,Hukut,61999.0,2026-03-25T21:24:13.178827,0.0,0.0
888,Hukut,69999.0,2026-03-25T21:24:13.309099,0.0,0.0
889,Hukut,99999.0,2026-03-25T21:24:13.496719,0.0,0.0
36,Hukut,122999.0,2026-03-25T21:24:13.666524,0.0,0.0
930,Daraz,3360.0,2026-03-25T21:24:13.753972,-108640.0,-97.0
593,Daraz,16999.0,2026-03-25T21:24:13.886968,0.0,0.0
30,Hukut,36299.0,2026-03-25T21:24:14.020556,0.0,0.0
883,Hukut,38999.0,2026-03-25T21:24:14.169565,0.0,0.0
32,Hukut,38999.0,2026-03-25T21:24:14.294356,0.0,0.0
931,Daraz,38999.0,2026-03-25T21:24:14.443679,0.0,0.0
884,Hukut,46999.0,2026-03-25T21:24:14.590748,0.0,0.0
885,Hukut,53999.0,2026-03-25T21:24:14.773596,0.0,0.0
932,Daraz,53999.0,2026-03-25T21:24:14.934790,0.0,0.0
886,Hukut,55999.0,2026-03-25T21:24:15.071488,0.0,0.0
933,Daraz,60999.0,2026-03-25T21:24:15.226791,0.0,0.0
887,Hukut,61999.0,2026-03-25T21:24:15.393650,0.0,0.0
934,Daraz,68000.0,2026-03-25T21:24:15.554911,-1999.0,-2.85575508221546
888,Hukut,69999.0,2026-03-25T21:24:15.682656,0.0,0.0
934,Daraz,69999.0,2026-03-25T21:24:15.852283,1999.0,2.939705882352941
935,Hukut,75699.0,2026-03-25T21:24:16.006545,0.0,0.0
889,Hukut,99999.0,2026-03-25T21:24:16.151220,0.0,0.0
930,Daraz,99999.0,2026-03-25T21:24:16.289434,96639.0,2876.1607142857147
936,Daraz,114999.0,2026-03-25T21:24:16.443806,0.0,0.0
29,Daraz,248999.0,2026-03-25T21:24:16.579891,0.0,0.0
593,Daraz,16999.0,2026-03-25T21:24:16.800981,0.0,0.0
30,Hukut,36299.0,2026-03-25T21:24:16.926770,0.0,0.0
883,Hukut,38999.0,2026-03-25T21:24:17.037387,0.0,0.0
32,Hukut,38999.0,2026-03-25T21:24:17.181627,0.0,0.0
931,Daraz,38999.0,2026-03-25T21:24:17.325959,0.0,0.0
884,Hukut,46999.0,2026-03-25T21:24:17.488653,0.0,0.0
885,Hukut,53999.0,2026-03-25T21:24:17.598837,0.0,0.0
932,Daraz,53999.0,2026-03-25T21:24:17.750446,0.0,0.0
886,Hukut,55999.0,2026-03-25T21:24:17.939466,0.0,0.0
933,Daraz,60999.0,2026-03-25T21:24:18.058786,0.0,0.0
887,Hukut,61999.0,2026-03-25T21:24:18.166598,0.0,0.0
934,Daraz,68000.0,2026-03-25T21:24:18.313011,-1999.0,-2.85575508221546
888,Hukut,69999.0,2026-03-25T21:24:18.446244,0.0,0.0
934,Daraz,69999.0,2026-03-25T21:24:18.645862,1999.0,2.939705882352941
935,Hukut,75699.0,2026-03-25T21:24:18.812730,0.0,0.0
889,Hukut,99999.0,2026-03-25T21:24:18.946591,0.0,0.0
930,Daraz,99999.0,2026-03-25T21:24:19.105824,0.0,0.0
930,Daraz,112000.0,2026-03-25T21:24:19.245298,12001.0,12.001120011200111
936,Daraz,114999.0,2026-03-25T21:24:19.411327,0.0,0.0
29,Daraz,248999.0,2026-03-25T21:24:19.568009,0.0,0.0
937,Daraz,21900.0,2026-03-25T21:24:19.728181,0.0,0.0
938,Daraz,24500.0,2026-03-25T21:24:19.895061,0.0,0.0
939,Daraz,24999.0,2026-03-25T21:24:20.078341,0.0,0.0
940,Daraz,25999.0,2026-03-25T21:24:20.244596,0.0,0.0
3,Daraz,37000.0,2026-03-25T21:24:20.411941,35150.0,1900.0
583,Daraz,40000.0,2026-03-25T21:24:20.595243,0.0,0.0
584,Daraz,44000.0,2026-03-25T21:24:20.727722,0.0,0.0
175,Daraz,47966.0,2026-03-25T21:24:20.911204,0.0,0.0
941,Daraz,68000.0,2026-03-25T21:24:21.094207,0.0,0.0
942,Daraz,77000.0,2026-03-25T21:24:21.227920,0.0,0.0
7,Hukut,88000.0,2026-03-25T21:24:21.360670,0.0,0.0
943,Hukut,97000.0,2026-03-25T21:24:21.467297,0.0,0.0
944,Hukut,99000.0,2026-03-25T21:24:21.624012,0.0,0.0
805,Hukut,99000.0,2026-03-25T21:24:21.792851,0.0,0.0
945,Hukut,113299.0,2026-03-25T21:24:21.971066,0.0,0.0
946,Hukut,132000.0,2026-03-25T21:24:22.079372,0.0,0.0
947,Hukut,150000.0,2026-03-25T21:24:22.242944,0.0,0.0
948,Hukut,164999.0,2026-03-25T21:24:22.354262,0.0,0.0
949,Hukut,170000.0,2026-03-25T21:24:22.490541,0.0,0.0
256,Daraz,2139.0,2026-03-25T21:24:22.658878,0.0,0.0
258,Daraz,2299.0,2026-03-25T21:24:22.795207,-100.0,-4.168403501458942
259,Daraz,2399.0,2026-03-25T21:24:22.953031,0.0,0.0
258,Daraz,2399.0,2026-03-25T21:24:23.063812,100.0,4.349717268377556
262,Daraz,2699.0,2026-03-25T21:24:23.210038,0.0,0.0
636,Daraz,3000.0,2026-03-25T21:24:23.344762,0.0,0.0
266,Daraz,4199.0,2026-03-25T21:24:23.502225,0.0,0.0
267,Hukut,4500.0,2026-03-25T21:24:23.645234,0.0,0.0
639,Daraz,7950.0,2026-03-25T21:24:23.824081,0.0,0.0
628,Daraz,12041.0,2026-03-25T21:24:24.011556,0.0,0.0
271,Daraz,17000.0,2026-03-25T21:24:24.148027,0.0,0.0
280,Hukut,83499.0,2026-03-25T21:24:24.280768,0.0,0.0
281,Hukut,91000.0,2026-03-25T21:24:24.423668,0.0,0.0
950,Hukut,2400.0,2026-03-25T21:24:24.534853,0.0,0.0
951,Hukut,2719.0,2026-03-25T21:24:24.680176,0.0,0.0
952,Hukut,3000.0,2026-03-25T21:24:24.791249,0.0,0.0
617,Daraz,3149.0,2026-03-25T21:24:24.919869,0.0,0.0
953,Daraz,3999.0,2026-03-25T21:24:25.039706,0.0,0.0
954,Daraz,4725.0,2026-03-25T21:24:25.155475,0.0,0.0
440,Hukut,7000.0,2026-03-25T21:24:25.261581,0.0,0.0
441,Hukut,15000.0,2026-03-25T21:24:25.408750,0.0,0.0
955,Daraz,6407.0,2026-03-25T21:24:25.545740,0.0,0.0
70,Hukut,7000.0,2026-03-25T21:24:25.674926,0.0,0.0
71,Daraz,7196.0,2026-03-25T21:24:25.824168,0.0,0.0
73,Daraz,8999.0,2026-03-25T21:24:25.934733,0.0,0.0
72,Daraz,8999.0,2026-03-25T21:24:26.057819,0.0,0.0
74,Daraz,12999.0,2026-03-25T21:24:26.196251,0.0,0.0
956,Daraz,13500.0,2026-03-25T21:24:26.316614,0.0,0.0
298,Daraz,14499.0,2026-03-25T21:24:26.455376,0.0,0.0
957,Daraz,14999.0,2026-03-25T21:24:26.629581,0.0,0.0
958,Daraz,24999.0,2026-03-25T21:24:26.814084,0.0,0.0
959,Daraz,31999.0,2026-03-25T21:24:26.988166,0.0,0.0
960,Daraz,2050.0,2026-03-25T21:24:27.158723,0.0,0.0
961,Daraz,2419.0,2026-03-25T21:24:27.316850,0.0,0.0
962,Daraz,2499.0,2026-03-25T21:24:27.444860,0.0,0.0
963,Daraz,3299.0,2026-03-25T21:24:27.569113,0.0,0.0
964,Daraz,3699.0,2026-03-25T21:24:27.709688,0.0,0.0
813,Hukut,129000.0,2026-03-25T21:24:27.840254,0.0,0.0
806,Daraz,152500.0,2026-03-25T21:24:28.025880,-1372508.0,-90.0000524587412
814,Hukut,158999.0,2026-03-25T21:24:28.181385,0.0,0.0
218,Hukut,169000.0,2026-03-25T21:24:28.353856,0.0,0.0
815,Hukut,177999.0,2026-03-25T21:24:28.488331,0.0,0.0
816,Daraz,198000.0,2026-03-25T21:24:28.630176,0.0,0.0
817,Hukut,204999.0,2026-03-25T21:24:28.775938,0.0,0.0
819,Hukut,228999.0,2026-03-25T21:24:28.892167,0.0,0.0
237,Hukut,287999.0,2026-03-25T21:24:29.025358,0.0,0.0
820,Daraz,299000.0,2026-03-25T21:24:29.177713,0.0,0.0
821,Hukut,399999.0,2026-03-25T21:24:29.309504,0.0,0.0
822,Hukut,539999.0,2026-03-25T21:24:29.426093,0.0,0.0
965,Daraz,2044.0,2026-03-25T21:24:29.558842,0.0,0.0
962,Daraz,2499.0,2026-03-25T21:24:29.686040,0.0,0.0
966,Daraz,2504.0,2026-03-25T21:24:29.808675,0.0,0.0
967,Daraz,2504.0,2026-03-25T21:24:29.970354,0.0,0.0
968,Daraz,2625.0,2026-03-25T21:24:30.128201,0.0,0.0
963,Daraz,3299.0,2026-03-25T21:24:30.304555,0.0,0.0
969,Daraz,3870.0,2026-03-25T21:24:30.442855,0.0,0.0
970,Daraz,4999.0,2026-03-25T21:24:30.548963,0.0,0.0
826,Hukut,108999.0,2026-03-25T21:24:30.653256,0.0,0.0
813,Hukut,129000.0,2026-03-25T21:24:30.738508,0.0,0.0
806,Daraz,152500.0,2026-03-25T21:24:30.860451,0.0,0.0
814,Hukut,158999.0,2026-03-25T21:24:30.952515,0.0,0.0
218,Hukut,169000.0,2026-03-25T21:24:31.083934,0.0,0.0
815,Hukut,177999.0,2026-03-25T21:24:31.173685,0.0,0.0
816,Daraz,198000.0,2026-03-25T21:24:31.271979,0.0,0.0
817,Hukut,204999.0,2026-03-25T21:24:31.358655,0.0,0.0
960,Daraz,2050.0,2026-03-25T21:24:31.494547,0.0,0.0
961,Daraz,2419.0,2026-03-25T21:24:31.608904,0.0,0.0
962,Daraz,2499.0,2026-03-25T21:24:31.711403,0.0,0.0
963,Daraz,3299.0,2026-03-25T21:24:31.794903,0.0,0.0
964,Daraz,3699.0,2026-03-25T21:24:31.896673,0.0,0.0
813,Hukut,129000.0,2026-03-25T21:24:31.996364,0.0,0.0
806,Daraz,152500.0,2026-03-25T21:24:32.114413,0.0,0.0
814,Hukut,158999.0,2026-03-25T21:24:32.218218,0.0,0.0
218,Hukut,169000.0,2026-03-25T21:24:32.334883,0.0,0.0
815,Hukut,177999.0,2026-03-25T21:24:32.446556,0.0,0.0
816,Daraz,198000.0,2026-03-25T21:24:32.538339,0.0,0.0
817,Hukut,204999.0,2026-03-25T21:24:32.651959,0.0,0.0
819,Hukut,228999.0,2026-03-25T21:24:32.758496,0.0,0.0
237,Hukut,287999.0,2026-03-25T21:24:32.875356,0.0,0.0
820,Daraz,299000.0,2026-03-25T21:24:32.993058,0.0,0.0
821,Hukut,399999.0,2026-03-25T21:24:33.094912,0.0,0.0
822,Hukut,539999.0,2026-03-25T21:24:33.183131,0.0,0.0
813,Hukut,129000.0,2026-03-25T21:24:33.266371,0.0,0.0
806,Daraz,152500.0,2026-03-25T21:24:33.369509,0.0,0.0
814,Hukut,158999.0,2026-03-25T21:24:33.483288,0.0,0.0
218,Hukut,169000.0,2026-03-25T21:24:33.588358,0.0,0.0
815,Hukut,177999.0,2026-03-25T21:24:33.691455,0.0,0.0
816,Daraz,198000.0,2026-03-25T21:24:33.807207,0.0,0.0
817,Hukut,204999.0,2026-03-25T21:24:33.924961,0.0,0.0
819,Hukut,228999.0,2026-03-25T21:24:34.044581,0.0,0.0
237,Hukut,287999.0,2026-03-25T21:24:34.150716,0.0,0.0
820,Daraz,299000.0,2026-03-25T21:24:34.264494,0.0,0.0
821,Hukut,399999.0,2026-03-25T21:24:34.384316,0.0,0.0
822,Hukut,539999.0,2026-03-25T21:24:34.505122,0.0,0.0
178,Daraz,41990.0,2026-03-25T21:24:34.601895,0.0,0.0
185,Hukut,59000.0,2026-03-25T21:24:34.731310,6001.0,11.322855148210344
892,Daraz,65499.0,2026-03-25T21:24:34.809241,0.0,0.0
893,Daraz,66999.0,2026-03-25T21:24:34.937996,10.0,0.014927823971099733
190,Hukut,75000.0,2026-03-25T21:24:35.040826,0.0,0.0
894,Daraz,79000.0,2026-03-25T21:24:35.106047,0.0,0.0
971,Daraz,89900.0,2026-03-25T21:24:35.206219,0.0,0.0
972,Daraz,91990.0,2026-03-25T21:24:35.304873,0.0,0.0
895,Daraz,92500.0,2026-03-25T21:24:35.422636,0.0,0.0
973,Hukut,98000.0,2026-03-25T21:24:35.524127,0.0,0.0
974,Hukut,102000.0,2026-03-25T21:24:35.649005,18002.0,21.43146265387271
891,Daraz,102999.0,2026-03-25T21:24:35.726864,101969.0,9899.902912621359
975,Hukut,105000.0,2026-03-25T21:24:35.852207,0.0,0.0
976,Daraz,107999.0,2026-03-25T21:24:35.942065,0.0,0.0
977,Hukut,123900.0,2026-03-25T21:24:36.062907,0.0,0.0
901,Hukut,129999.0,2026-03-25T21:24:36.168801,0.0,0.0
905,Hukut,140000.0,2026-03-25T21:24:36.274719,0.0,0.0
978,Hukut,145900.0,2026-03-25T21:24:36.377857,0.0,0.0
768,Daraz,146990.0,2026-03-25T21:24:36.480770,0.0,0.0
979,Hukut,181900.0,2026-03-25T21:24:36.579549,0.0,0.0
927,Daraz,16999.0,2026-03-25T21:24:36.697040,0.0,0.0
928,Daraz,21999.0,2026-03-25T21:24:36.799093,0.0,0.0
845,Daraz,24999.0,2026-03-25T21:24:36.901922,0.0,0.0
929,Daraz,24999.0,2026-03-25T21:24:37.004751,0.0,0.0
980,Hukut,27999.0,2026-03-25T21:24:37.105867,0.0,0.0
846,Daraz,29999.0,2026-03-25T21:24:37.221242,0.0,0.0
981,Hukut,31999.0,2026-03-25T21:24:37.321292,0.0,0.0
847,Daraz,39999.0,2026-03-25T21:24:37.421610,0.0,0.0
982,Hukut,40999.0,2026-03-25T21:24:37.520292,0.0,0.0
848,Daraz,46999.0,2026-03-25T21:24:37.638573,0.0,0.0
849,Daraz,49999.0,2026-03-25T21:24:37.737238,0.0,0.0
983,Hukut,50999.0,2026-03-25T21:24:37.819921,0.0,0.0
850,Daraz,56999.0,2026-03-25T21:24:37.945213,0.0,0.0
852,Daraz,66999.0,2026-03-25T21:24:38.037337,0.0,0.0
139,Hukut,29999.0,2026-03-25T21:24:38.167103,0.0,0.0
151,Hukut,39999.0,2026-03-25T21:24:38.280555,0.0,0.0
164,Hukut,49999.0,2026-03-25T21:24:38.377573,0.0,0.0
521,Hukut,59999.0,2026-03-25T21:24:38.476100,0.0,0.0
928,Daraz,21999.0,2026-03-25T21:24:38.592294,0.0,0.0
984,Hukut,24999.0,2026-03-25T21:24:38.691229,0.0,0.0
845,Daraz,24999.0,2026-03-25T21:24:38.792659,0.0,0.0
929,Daraz,24999.0,2026-03-25T21:24:38.892519,0.0,0.0
980,Hukut,27999.0,2026-03-25T21:24:38.999544,0.0,0.0
139,Hukut,29999.0,2026-03-25T21:24:39.109768,0.0,0.0
985,Hukut,29999.0,2026-03-25T21:24:39.210588,0.0,0.0
846,Daraz,29999.0,2026-03-25T21:24:39.312448,0.0,0.0
981,Hukut,31999.0,2026-03-25T21:24:39.412744,0.0,0.0
151,Hukut,39999.0,2026-03-25T21:24:39.518661,0.0,0.0
986,Hukut,39999.0,2026-03-25T21:24:39.622471,0.0,0.0
847,Daraz,39999.0,2026-03-25T21:24:39.719856,0.0,0.0
848,Daraz,46999.0,2026-03-25T21:24:39.808325,0.0,0.0
987,Hukut,47999.0,2026-03-25T21:24:39.914660,0.0,0.0
164,Hukut,49999.0,2026-03-25T21:24:40.019386,0.0,0.0
849,Daraz,49999.0,2026-03-25T21:24:40.118377,0.0,0.0
850,Daraz,56999.0,2026-03-25T21:24:40.203459,0.0,0.0
521,Hukut,59999.0,2026-03-25T21:24:40.302860,0.0,0.0
851,Daraz,59999.0,2026-03-25T21:24:40.403514,0.0,0.0
852,Daraz,66999.0,2026-03-25T21:24:40.518036,0.0,0.0
96,Hukut,16999.0,2026-03-25T21:24:40.602767,0.0,0.0
927,Daraz,16999.0,2026-03-25T21:24:40.702595,0.0,0.0
928,Daraz,21999.0,2026-03-25T21:24:40.812991,0.0,0.0
130,Hukut,23000.0,2026-03-25T21:24:40.902968,0.0,0.0
929,Daraz,24999.0,2026-03-25T21:24:40.987129,0.0,0.0
929,Daraz,24999.0,2026-03-25T21:24:41.085863,0.0,0.0
928,Daraz,24999.0,2026-03-25T21:24:41.187814,3000.0,13.636983499249967
845,Daraz,24999.0,2026-03-25T21:24:41.268308,0.0,0.0
139,Hukut,29999.0,2026-03-25T21:24:41.403441,0.0,0.0
846,Daraz,29999.0,2026-03-25T21:24:41.502374,0.0,0.0
151,Hukut,39999.0,2026-03-25T21:24:41.624195,0.0,0.0
847,Daraz,39999.0,2026-03-25T21:24:41.747873,0.0,0.0
848,Daraz,46999.0,2026-03-25T21:24:41.852918,0.0,0.0
164,Hukut,49999.0,2026-03-25T21:24:41.972350,0.0,0.0
521,Hukut,59999.0,2026-03-25T21:24:42.080060,0.0,0.0
852,Daraz,66999.0,2026-03-25T21:24:42.180909,0.0,0.0
96,Hukut,16999.0,2026-03-25T21:24:42.281245,0.0,0.0
130,Hukut,23000.0,2026-03-25T21:24:42.399696,0.0,0.0
78,Hukut,24998.0,2026-03-25T21:24:42.500350,0.0,0.0
845,Daraz,24999.0,2026-03-25T21:24:42.633258,0.0,0.0
139,Hukut,29999.0,2026-03-25T21:24:42.750268,0.0,0.0
151,Hukut,39999.0,2026-03-25T21:24:42.853488,0.0,0.0
164,Hukut,49999.0,2026-03-25T21:24:42.972660,0.0,0.0
521,Hukut,59999.0,2026-03-25T21:24:43.056131,0.0,0.0
927,Daraz,16999.0,2026-03-25T21:24:43.189754,0.0,0.0
928,Daraz,21999.0,2026-03-25T21:24:43.305728,-3000.0,-12.000480019200769
845,Daraz,24999.0,2026-03-25T21:24:43.418901,0.0,0.0
929,Daraz,24999.0,2026-03-25T21:24:43.528162,0.0,0.0
980,Hukut,27999.0,2026-03-25T21:24:43.643021,0.0,0.0
846,Daraz,29999.0,2026-03-25T21:24:43.744302,0.0,0.0
981,Hukut,31999.0,2026-03-25T21:24:43.851948,0.0,0.0
847,Daraz,39999.0,2026-03-25T21:24:43.955917,0.0,0.0
982,Hukut,40999.0,2026-03-25T21:24:44.055435,0.0,0.0
848,Daraz,46999.0,2026-03-25T21:24:44.172558,0.0,0.0
849,Daraz,49999.0,2026-03-25T21:24:44.291672,0.0,0.0
983,Hukut,50999.0,2026-03-25T21:24:44.392091,0.0,0.0
850,Daraz,56999.0,2026-03-25T21:24:44.495927,0.0,0.0
852,Daraz,66999.0,2026-03-25T21:24:44.620443,0.0,0.0
96,Hukut,16999.0,2026-03-25T21:24:44.712409,0.0,0.0
927,Daraz,16999.0,2026-03-25T21:24:44.814431,0.0,0.0
928,Daraz,21999.0,2026-03-25T21:24:44.931705,0.0,0.0
130,Hukut,23000.0,2026-03-25T21:24:45.062542,0.0,0.0
929,Daraz,24999.0,2026-03-25T21:24:45.175384,0.0,0.0
929,Daraz,24999.0,2026-03-25T21:24:45.270243,0.0,0.0
928,Daraz,24999.0,2026-03-25T21:24:45.373799,3000.0,13.636983499249967
845,Daraz,24999.0,2026-03-25T21:24:45.496402,0.0,0.0
139,Hukut,29999.0,2026-03-25T21:24:45.605101,0.0,0.0
846,Daraz,29999.0,2026-03-25T21:24:45.691525,0.0,0.0
151,Hukut,39999.0,2026-03-25T21:24:45.808227,0.0,0.0
847,Daraz,39999.0,2026-03-25T21:24:45.927343,0.0,0.0
848,Daraz,46999.0,2026-03-25T21:24:46.012437,0.0,0.0
164,Hukut,49999.0,2026-03-25T21:24:46.130585,0.0,0.0
521,Hukut,59999.0,2026-03-25T21:24:46.216992,0.0,0.0
852,Daraz,66999.0,2026-03-25T21:24:46.334619,0.0,0.0
178,Daraz,41990.0,2026-03-25T21:24:46.438447,0.0,0.0
988,Hukut,55000.0,2026-03-25T21:24:46.554388,0.0,0.0
185,Hukut,59000.0,2026-03-25T21:24:46.631266,0.0,0.0
892,Daraz,65499.0,2026-03-25T21:24:46.707987,0.0,0.0
893,Daraz,66999.0,2026-03-25T21:24:46.807792,0.0,0.0
989,Hukut,73000.0,2026-03-25T21:24:46.911062,6001.0,8.956850102240333
990,Hukut,75000.0,2026-03-25T21:24:47.028067,7001.0,10.295739643230048
894,Daraz,79000.0,2026-03-25T21:24:47.152373,0.0,0.0
991,Hukut,85000.0,2026-03-25T21:24:47.248002,10001.0,13.33484446459286
971,Daraz,89900.0,2026-03-25T21:24:47.363702,0.0,0.0
972,Daraz,91990.0,2026-03-25T21:24:47.467949,0.0,0.0
895,Daraz,92500.0,2026-03-25T21:24:47.587219,0.0,0.0
974,Hukut,102000.0,2026-03-25T21:24:47.681610,0.0,0.0
891,Daraz,102999.0,2026-03-25T21:24:47.789820,0.0,0.0
976,Daraz,107999.0,2026-03-25T21:24:47.892200,0.0,0.0
992,Hukut,120000.0,2026-03-25T21:24:48.012239,0.0,0.0
905,Hukut,120000.0,2026-03-25T21:24:48.130593,-20000.0,-14.285714285714285
901,Hukut,129999.0,2026-03-25T21:24:48.238796,0.0,0.0
905,Hukut,140000.0,2026-03-25T21:24:48.361617,20000.0,16.666666666666664
908,Daraz,181900.0,2026-03-25T21:24:48.454864,0.0,0.0
185,Hukut,6001.0,2026-03-25T21:24:48.546571,-52999.0,-89.82881355932203
905,Hukut,6001.0,2026-03-25T21:24:48.638187,-133999.0,-95.71357142857143
989,Hukut,6001.0,2026-03-25T21:24:48.747710,-66999.0,-91.77945205479452
990,Hukut,7001.0,2026-03-25T21:24:48.832747,-67999.0,-90.66533333333334
991,Hukut,10001.0,2026-03-25T21:24:48.959830,-74999.0,-88.23411764705882
974,Hukut,18002.0,2026-03-25T21:24:49.033133,-83998.0,-82.35098039215686
905,Hukut,26001.0,2026-03-25T21:24:49.132820,20000.0,333.27778703549404
901,Hukut,34000.0,2026-03-25T21:24:49.238088,-95999.0,-73.84595266117432
178,Daraz,41990.0,2026-03-25T21:24:49.352150,0.0,0.0
988,Hukut,55000.0,2026-03-25T21:24:49.479481,0.0,0.0
892,Daraz,65499.0,2026-03-25T21:24:49.589764,0.0,0.0
893,Daraz,66999.0,2026-03-25T21:24:49.701283,0.0,0.0
894,Daraz,79000.0,2026-03-25T21:24:49.803506,0.0,0.0
971,Daraz,89900.0,2026-03-25T21:24:49.907675,0.0,0.0
972,Daraz,91990.0,2026-03-25T21:24:50.007447,0.0,0.0
895,Daraz,92500.0,2026-03-25T21:24:50.121897,0.0,0.0
891,Daraz,102999.0,2026-03-25T21:24:50.225803,0.0,0.0
976,Daraz,107999.0,2026-03-25T21:24:50.468533,0.0,0.0
992,Hukut,120000.0,2026-03-25T21:24:50.579577,0.0,0.0
768,Daraz,146990.0,2026-03-25T21:24:50.687488,0.0,0.0
178,Daraz,41990.0,2026-03-25T21:24:50.809614,0.0,0.0
185,Hukut,52999.0,2026-03-25T21:24:50.921594,46998.0,783.1694717547076
988,Hukut,55000.0,2026-03-25T21:24:50.995718,0.0,0.0
892,Daraz,65499.0,2026-03-25T21:24:51.111470,0.0,0.0
989,Hukut,66999.0,2026-03-25T21:24:51.211236,60998.0,1016.4639226795534
893,Daraz,66999.0,2026-03-25T21:24:51.315154,0.0,0.0
990,Hukut,67999.0,2026-03-25T21:24:51.398492,60998.0,871.2755320668476
991,Hukut,74999.0,2026-03-25T21:24:51.501092,64998.0,649.9150084991501
894,Daraz,79000.0,2026-03-25T21:24:51.612436,0.0,0.0
974,Hukut,83998.0,2026-03-25T21:24:51.694955,65996.0,366.60371069881126
971,Daraz,89900.0,2026-03-25T21:24:51.791330,0.0,0.0
972,Daraz,91990.0,2026-03-25T21:24:51.900388,0.0,0.0
895,Daraz,92500.0,2026-03-25T21:24:52.017820,0.0,0.0
901,Hukut,95999.0,2026-03-25T21:24:52.121466,61999.0,182.35
891,Daraz,102999.0,2026-03-25T21:24:52.221121,0.0,0.0
976,Daraz,107999.0,2026-03-25T21:24:52.304919,0.0,0.0
905,Hukut,113999.0,2026-03-25T21:24:52.390604,87998.0,338.44082919887694
905,Hukut,113999.0,2026-03-25T21:24:52.504035,0.0,0.0
992,Hukut,120000.0,2026-03-25T21:24:52.590422,0.0,0.0
768,Daraz,146990.0,2026-03-25T21:24:52.670473,0.0,0.0
857,Hukut,27999.0,2026-03-25T21:24:52.774018,-2001.0,-6.67
858,Hukut,38999.0,2026-03-25T21:24:52.861129,-6001.0,-13.335555555555556
860,Hukut,59999.0,2026-03-25T21:24:52.973845,-8544.0,-12.46516785083816
184,Daraz,65990.0,2026-03-25T21:24:53.082041,0.0,0.0
861,Daraz,74900.0,2026-03-25T21:24:53.183764,10.0,0.013352917612498332
993,Daraz,75999.0,2026-03-25T21:24:53.293926,0.0,0.0
794,Daraz,109999.0,2026-03-25T21:24:53.385942,108899.0,9899.909090909092
994,Hukut,123999.0,2026-03-25T21:24:53.501587,0.0,0.0
242,Daraz,126000.0,2026-03-25T21:24:53.617428,0.0,0.0
995,Hukut,132999.0,2026-03-25T21:24:53.718352,0.0,0.0
864,Daraz,134000.0,2026-03-25T21:24:53.822931,0.0,0.0
996,Daraz,134000.0,2026-03-25T21:24:53.940703,0.0,0.0
865,Hukut,134999.0,2026-03-25T21:24:54.056332,-41000.0,-23.295586906743786
997,Daraz,135990.0,2026-03-25T21:24:54.172521,0.0,0.0
853,Daraz,155000.0,2026-03-25T21:24:54.276496,153450.0,9900.0
998,Hukut,161999.0,2026-03-25T21:24:54.370013,0.0,0.0
999,Daraz,172000.0,2026-03-25T21:24:54.466393,0.0,0.0
1000,Hukut,175999.0,2026-03-25T21:24:54.563169,0.0,0.0
1001,Hukut,179999.0,2026-03-25T21:24:54.665518,0.0,0.0
1002,Hukut,219999.0,2026-03-25T21:24:54.789529,0.0,0.0
777,Daraz,131.0,2026-03-25T21:24:54.904355,0.0,0.0
778,Daraz,166.0,2026-03-25T21:24:55.001274,0.0,0.0
779,Daraz,186.0,2026-03-25T21:24:55.104962,0.0,0.0
780,Daraz,186.0,2026-03-25T21:24:55.192324,0.0,0.0
781,Daraz,211.0,2026-03-25T21:24:55.292682,0.0,0.0
782,Daraz,211.0,2026-03-25T21:24:55.405616,0.0,0.0
783,Daraz,223.0,2026-03-25T21:24:55.508950,0.0,0.0
784,Daraz,225.0,2026-03-25T21:24:55.625471,0.0,0.0
785,Daraz,249.0,2026-03-25T21:24:55.712005,0.0,0.0
786,Daraz,249.0,2026-03-25T21:24:55.825914,0.0,0.0
787,Daraz,249.0,2026-03-25T21:24:55.926018,0.0,0.0
788,Daraz,249.0,2026-03-25T21:24:56.009020,0.0,0.0
789,Daraz,259.0,2026-03-25T21:24:56.123691,0.0,0.0
790,Daraz,275.0,2026-03-25T21:24:56.242136,0.0,0.0
791,Daraz,275.0,2026-03-25T21:24:56.341757,0.0,0.0
792,Daraz,311.0,2026-03-25T21:24:56.457990,0.0,0.0
793,Daraz,332.0,2026-03-25T21:24:56.558436,0.0,0.0
794,Daraz,1100.0,2026-03-25T21:24:56.658376,-108899.0,-98.99999090900826
795,Daraz,405.0,2026-03-25T21:24:56.761460,0.0,0.0
796,Daraz,1720.0,2026-03-25T21:24:56.848410,0.0,0.0
797,Daraz,450.0,2026-03-25T21:24:56.943850,0.0,0.0
798,Daraz,1755.0,2026-03-25T21:24:57.045633,0.0,0.0
799,Daraz,480.0,2026-03-25T21:24:57.129027,0.0,0.0
3,Daraz,1850.0,2026-03-25T21:24:57.245635,-35150.0,-95.0
800,Daraz,629.0,2026-03-25T21:24:57.336266,0.0,0.0
583,Daraz,2000.0,2026-03-25T21:24:57.446932,-38000.0,-95.0
801,Daraz,749.0,2026-03-25T21:24:57.548106,0.0,0.0
173,Daraz,2149.0,2026-03-25T21:24:57.633509,0.0,0.0
802,Daraz,749.0,2026-03-25T21:24:57.736636,0.0,0.0
584,Daraz,2200.0,2026-03-25T21:24:57.838543,-41800.0,-95.0
7,Hukut,88000.0,2026-03-25T21:24:57.929914,0.0,0.0
803,Hukut,89999.0,2026-03-25T21:24:58.001330,0.0,0.0
804,Hukut,98000.0,2026-03-25T21:24:58.106962,0.0,0.0
805,Hukut,99000.0,2026-03-25T21:24:58.211145,0.0,0.0
806,Daraz,152500.0,2026-03-25T21:24:58.297864,0.0,0.0
807,Daraz,150.0,2026-03-25T21:24:58.432402,0.0,0.0
808,Daraz,189.0,2026-03-25T21:24:58.534489,0.0,0.0
809,Daraz,370.0,2026-03-25T21:24:58.637411,0.0,0.0
810,Daraz,383.0,2026-03-25T21:24:58.755079,-39.0,-9.24170616113744
810,Daraz,422.0,2026-03-25T21:24:58.856486,39.0,10.182767624020887
811,Daraz,818.0,2026-03-25T21:24:58.940216,0.0,0.0
812,Daraz,4467.0,2026-03-25T21:24:59.056176,0.0,0.0
813,Hukut,129000.0,2026-03-25T21:24:59.144033,0.0,0.0
806,Daraz,152500.0,2026-03-25T21:24:59.242670,0.0,0.0
814,Hukut,158999.0,2026-03-25T21:24:59.356715,0.0,0.0
218,Hukut,169000.0,2026-03-25T21:24:59.446103,0.0,0.0
815,Hukut,177999.0,2026-03-25T21:24:59.546179,0.0,0.0
816,Daraz,198000.0,2026-03-25T21:24:59.628955,0.0,0.0
817,Hukut,204999.0,2026-03-25T21:24:59.748865,0.0,0.0
819,Hukut,228999.0,2026-03-25T21:24:59.887696,0.0,0.0
237,Hukut,287999.0,2026-03-25T21:25:00.021700,0.0,0.0
820,Daraz,299000.0,2026-03-25T21:25:00.116721,0.0,0.0
821,Hukut,399999.0,2026-03-25T21:25:00.248691,0.0,0.0
822,Hukut,539999.0,2026-03-25T21:25:00.384287,0.0,0.0
823,Daraz,316.0,2026-03-25T21:25:00.492127,0.0,0.0
809,Daraz,370.0,2026-03-25T21:25:00.598881,0.0,0.0
824,Daraz,1052.0,2026-03-25T21:25:00.675089,0.0,0.0
825,Daraz,1999.0,2026-03-25T21:25:00.794400,0.0,0.0
826,Hukut,108999.0,2026-03-25T21:25:00.930576,0.0,0.0
813,Hukut,129000.0,2026-03-25T21:25:01.017913,0.0,0.0
806,Daraz,152500.0,2026-03-25T21:25:01.116844,0.0,0.0
814,Hukut,158999.0,2026-03-25T21:25:01.236835,0.0,0.0
218,Hukut,169000.0,2026-03-25T21:25:01.336444,0.0,0.0
815,Hukut,177999.0,2026-03-25T21:25:01.446774,0.0,0.0
817,Hukut,204999.0,2026-03-25T21:25:01.555532,0.0,0.0
820,Daraz,299000.0,2026-03-25T21:25:01.659609,0.0,0.0
827,Daraz,1555.0,2026-03-25T21:25:01.777739,-144.0,-8.475573866980577
827,Daraz,1678.0,2026-03-25T21:25:01.879181,123.0,7.909967845659165
827,Daraz,1699.0,2026-03-25T21:25:01.998783,21.0,1.2514898688915377
826,Hukut,108999.0,2026-03-25T21:25:02.103040,0.0,0.0
828,Hukut,31499.0,2026-03-25T21:25:02.218968,0.0,0.0
829,Hukut,31500.0,2026-03-25T21:25:02.322202,0.0,0.0
218,Hukut,169000.0,2026-03-25T21:25:02.419201,0.0,0.0
237,Hukut,287999.0,2026-03-25T21:25:02.521327,0.0,0.0
830,Daraz,55.0,2026-03-25T21:25:02.654164,0.0,0.0
831,Daraz,75.0,2026-03-25T21:25:02.737624,0.0,0.0
700,Daraz,103.0,2026-03-25T21:25:02.857082,0.0,0.0
703,Daraz,295.0,2026-03-25T21:25:02.961097,0.0,0.0
832,Daraz,299.0,2026-03-25T21:25:03.090013,0.0,0.0
833,Daraz,300.0,2026-03-25T21:25:03.196495,0.0,0.0
463,Daraz,305.0,2026-03-25T21:25:03.312081,0.0,0.0
834,Daraz,349.0,2026-03-25T21:25:03.414061,0.0,0.0
835,Daraz,849.0,2026-03-25T21:25:03.512888,0.0,0.0
836,Daraz,1196.0,2026-03-25T21:25:03.616842,0.0,0.0
837,Hukut,2499.0,2026-03-25T21:25:03.732353,0.0,0.0
838,Hukut,2499.0,2026-03-25T21:25:03.831805,0.0,0.0
839,Hukut,2799.0,2026-03-25T21:25:03.932706,0.0,0.0
840,Hukut,2999.0,2026-03-25T21:25:04.015328,0.0,0.0
841,Hukut,27000.0,2026-03-25T21:25:04.147680,0.0,0.0
828,Hukut,31499.0,2026-03-25T21:25:04.251795,0.0,0.0
829,Hukut,31500.0,2026-03-25T21:25:04.335824,0.0,0.0
842,Hukut,38499.0,2026-03-25T21:25:04.441533,0.0,0.0
843,Hukut,44500.0,2026-03-25T21:25:04.552568,0.0,0.0
844,Hukut,44500.0,2026-03-25T21:25:04.655790,0.0,0.0
785,Daraz,249.0,2026-03-25T21:25:04.772241,0.0,0.0
795,Daraz,405.0,2026-03-25T21:25:04.887531,0.0,0.0
486,Hukut,2999.0,2026-03-25T21:25:05.008085,0.0,0.0
487,Hukut,2999.0,2026-03-25T21:25:05.095790,0.0,0.0
518,Hukut,5999.0,2026-03-25T21:25:05.211075,0.0,0.0
96,Hukut,16999.0,2026-03-25T21:25:05.310548,0.0,0.0
130,Hukut,23000.0,2026-03-25T21:25:05.398395,0.0,0.0
78,Hukut,24998.0,2026-03-25T21:25:05.519185,0.0,0.0
845,Daraz,24999.0,2026-03-25T21:25:05.635895,0.0,0.0
139,Hukut,29999.0,2026-03-25T21:25:05.756311,0.0,0.0
846,Daraz,29999.0,2026-03-25T21:25:05.858628,0.0,0.0
151,Hukut,39999.0,2026-03-25T21:25:05.959568,0.0,0.0
847,Daraz,39999.0,2026-03-25T21:25:06.063015,0.0,0.0
848,Daraz,46999.0,2026-03-25T21:25:06.196664,0.0,0.0
164,Hukut,49999.0,2026-03-25T21:25:06.283902,0.0,0.0
849,Daraz,49999.0,2026-03-25T21:25:06.395574,0.0,0.0
850,Daraz,56999.0,2026-03-25T21:25:06.500554,0.0,0.0
521,Hukut,59999.0,2026-03-25T21:25:06.601881,0.0,0.0
851,Daraz,59999.0,2026-03-25T21:25:06.719427,0.0,0.0
852,Daraz,66999.0,2026-03-25T21:25:06.822440,0.0,0.0
785,Daraz,249.0,2026-03-25T21:25:06.940142,0.0,0.0
96,Hukut,16999.0,2026-03-25T21:25:07.060283,0.0,0.0
130,Hukut,23000.0,2026-03-25T21:25:07.177921,0.0,0.0
78,Hukut,24998.0,2026-03-25T21:25:07.312916,0.0,0.0
845,Daraz,24999.0,2026-03-25T21:25:07.418215,0.0,0.0
139,Hukut,29999.0,2026-03-25T21:25:07.547970,0.0,0.0
846,Daraz,29999.0,2026-03-25T21:25:07.651264,0.0,0.0
151,Hukut,39999.0,2026-03-25T21:25:07.755308,0.0,0.0
847,Daraz,39999.0,2026-03-25T21:25:07.860726,0.0,0.0
848,Daraz,46999.0,2026-03-25T21:25:07.974597,0.0,0.0
164,Hukut,49999.0,2026-03-25T21:25:08.074576,0.0,0.0
849,Daraz,49999.0,2026-03-25T21:25:08.245747,0.0,0.0
850,Daraz,56999.0,2026-03-25T21:25:08.345642,0.0,0.0
521,Hukut,59999.0,2026-03-25T21:25:08.449385,0.0,0.0
851,Daraz,59999.0,2026-03-25T21:25:08.580894,0.0,0.0
852,Daraz,66999.0,2026-03-25T21:25:08.685170,0.0,0.0
794,Daraz,1100.0,2026-03-25T21:25:08.801345,0.0,0.0
853,Daraz,1550.0,2026-03-25T21:25:08.920720,-153450.0,-99.0
854,Daraz,2450.0,2026-03-25T21:25:09.025117,0.0,0.0
177,Daraz,3900.0,2026-03-25T21:25:09.107272,0.0,0.0
855,Hukut,25000.0,2026-03-25T21:25:09.207443,0.0,0.0
856,Hukut,29999.0,2026-03-25T21:25:09.311223,0.0,0.0
857,Hukut,30000.0,2026-03-25T21:25:09.426792,2001.0,7.146683810136076
858,Hukut,45000.0,2026-03-25T21:25:09.514234,6001.0,15.387574040360008
859,Hukut,45272.0,2026-03-25T21:25:09.619780,0.0,0.0
6,Daraz,47510.0,2026-03-25T21:25:09.728965,0.0,0.0
184,Daraz,65990.0,2026-03-25T21:25:09.832765,0.0,0.0
860,Hukut,68543.0,2026-03-25T21:25:09.965325,8544.0,14.240237337288955
188,Daraz,70990.0,2026-03-25T21:25:10.081210,0.0,0.0
861,Daraz,74890.0,2026-03-25T21:25:10.186106,-10.0,-0.01335113484646195
862,Daraz,94050.0,2026-03-25T21:25:10.310278,0.0,0.0
863,Hukut,98000.0,2026-03-25T21:25:10.405688,0.0,0.0
864,Daraz,134000.0,2026-03-25T21:25:10.506085,0.0,0.0
865,Hukut,175999.0,2026-03-25T21:25:10.621585,41000.0,30.370595337743246
866,Daraz,700.0,2026-03-25T21:25:10.705223,0.0,0.0
111,Daraz,3971.0,2026-03-25T21:25:10.823528,0.0,0.0
867,Daraz,10999.0,2026-03-25T21:25:10.925961,0.0,0.0
593,Daraz,16999.0,2026-03-25T21:25:11.040475,0.0,0.0
122,Daraz,19999.0,2026-03-25T21:25:11.143876,0.0,0.0
868,Daraz,115.0,2026-03-25T21:25:11.244311,0.0,0.0
869,Daraz,138.0,2026-03-25T21:25:11.363689,0.0,0.0
870,Daraz,189.0,2026-03-25T21:25:11.464228,0.0,0.0
871,Daraz,899.0,2026-03-25T21:25:11.583297,0.0,0.0
872,Daraz,929.0,2026-03-25T21:25:11.686687,0.0,0.0
873,Daraz,999.0,2026-03-25T21:25:11.786971,0.0,0.0
874,Daraz,1041.0,2026-03-25T21:25:11.906263,0.0,0.0
875,Daraz,1041.0,2026-03-25T21:25:12.006242,0.0,0.0
876,Daraz,1141.0,2026-03-25T21:25:12.142490,0.0,0.0
61,Hukut,2499.0,2026-03-25T21:25:12.229594,0.0,0.0
62,Hukut,2500.0,2026-03-25T21:25:12.329354,0.0,0.0
877,Hukut,2999.0,2026-03-25T21:25:12.427533,0.0,0.0
64,Hukut,3000.0,2026-03-25T21:25:12.531767,0.0,0.0
65,Hukut,3500.0,2026-03-25T21:25:12.633495,0.0,0.0
878,Daraz,3536.0,2026-03-25T21:25:12.743488,0.0,0.0
381,Hukut,3999.0,2026-03-25T21:25:12.850673,0.0,0.0
879,Hukut,4499.0,2026-03-25T21:25:12.954537,0.0,0.0
66,Hukut,5000.0,2026-03-25T21:25:13.073475,0.0,0.0
880,Hukut,5000.0,2026-03-25T21:25:13.189112,0.0,0.0
881,Hukut,7499.0,2026-03-25T21:25:13.315214,0.0,0.0
866,Daraz,700.0,2026-03-25T21:25:13.421426,0.0,0.0
818,Daraz,1299.0,2026-03-25T21:25:13.505634,0.0,0.0
111,Daraz,3971.0,2026-03-25T21:25:13.592693,0.0,0.0
882,Daraz,5044.0,2026-03-25T21:25:13.696238,0.0,0.0
88,Daraz,5999.0,2026-03-25T21:25:13.799557,0.0,0.0
867,Daraz,10999.0,2026-03-25T21:25:13.931785,0.0,0.0
593,Daraz,16999.0,2026-03-25T21:25:14.051823,0.0,0.0
122,Daraz,19999.0,2026-03-25T21:25:14.149365,0.0,0.0
30,Hukut,36299.0,2026-03-25T21:25:14.237562,0.0,0.0
883,Hukut,38999.0,2026-03-25T21:25:14.370598,0.0,0.0
32,Hukut,38999.0,2026-03-25T21:25:14.489671,0.0,0.0
884,Hukut,46999.0,2026-03-25T21:25:14.591894,0.0,0.0
885,Hukut,53999.0,2026-03-25T21:25:14.694906,0.0,0.0
886,Hukut,55999.0,2026-03-25T21:25:14.791204,0.0,0.0
887,Hukut,61999.0,2026-03-25T21:25:14.907922,0.0,0.0
888,Hukut,69999.0,2026-03-25T21:25:15.040924,0.0,0.0
889,Hukut,99999.0,2026-03-25T21:25:15.171312,0.0,0.0
36,Hukut,109899.0,2026-03-25T21:25:15.306301,-13100.0,-10.650493093439783
890,Daraz,109899.0,2026-03-25T21:25:15.438024,0.0,0.0
26,Daraz,128099.0,2026-03-25T21:25:15.552899,0.0,0.0
891,Daraz,1030.0,2026-03-25T21:25:15.650309,-101969.0,-98.99999029116788
796,Daraz,1720.0,2026-03-25T21:25:15.789720,0.0,0.0
892,Daraz,65499.0,2026-03-25T21:25:15.913194,0.0,0.0
893,Daraz,66989.0,2026-03-25T21:25:16.041897,-10.0,-0.014925595904416484
894,Daraz,79000.0,2026-03-25T21:25:16.222583,0.0,0.0
895,Daraz,92500.0,2026-03-25T21:25:16.350003,0.0,0.0
896,Hukut,95900.0,2026-03-25T21:25:16.489661,0.0,0.0
897,Hukut,122900.0,2026-03-25T21:25:16.697231,0.0,0.0
898,Daraz,123900.0,2026-03-25T21:25:16.846431,0.0,0.0
899,Hukut,125000.0,2026-03-25T21:25:17.025711,0.0,0.0
900,Hukut,129900.0,2026-03-25T21:25:17.164759,0.0,0.0
901,Hukut,129999.0,2026-03-25T21:25:17.349434,34000.0,35.41703559412077
902,Hukut,139900.0,2026-03-25T21:25:17.536424,0.0,0.0
903,Hukut,139900.0,2026-03-25T21:25:17.698241,0.0,0.0
904,Daraz,139900.0,2026-03-25T21:25:17.821089,0.0,0.0
905,Hukut,140000.0,2026-03-25T21:25:17.967477,26001.0,22.80809480784919
906,Hukut,156900.0,2026-03-25T21:25:18.153030,0.0,0.0
907,Daraz,164900.0,2026-03-25T21:25:18.308087,0.0,0.0
908,Daraz,181900.0,2026-03-25T21:25:18.443888,0.0,0.0
909,Hukut,230000.0,2026-03-25T21:25:18.593881,0.0,0.0
583,Daraz,2000.0,2026-03-25T21:25:18.698897,0.0,0.0
584,Daraz,2200.0,2026-03-25T21:25:18.887658,0.0,0.0
7,Hukut,88000.0,2026-03-25T21:25:19.016517,0.0,0.0
803,Hukut,89999.0,2026-03-25T21:25:19.134141,0.0,0.0
804,Hukut,98000.0,2026-03-25T21:25:19.337069,0.0,0.0
805,Hukut,99000.0,2026-03-25T21:25:19.466498,0.0,0.0
806,Daraz,152500.0,2026-03-25T21:25:19.633258,0.0,0.0
794,Daraz,1100.0,2026-03-25T21:25:19.815918,0.0,0.0
853,Daraz,1550.0,2026-03-25T21:25:19.986545,0.0,0.0
854,Daraz,2450.0,2026-03-25T21:25:20.116126,0.0,0.0
177,Daraz,3900.0,2026-03-25T21:25:20.249321,0.0,0.0
855,Hukut,25000.0,2026-03-25T21:25:20.416815,0.0,0.0
856,Hukut,29999.0,2026-03-25T21:25:20.548578,0.0,0.0
857,Hukut,30000.0,2026-03-25T21:25:20.698415,0.0,0.0
858,Hukut,45000.0,2026-03-25T21:25:20.873051,0.0,0.0
859,Hukut,45272.0,2026-03-25T21:25:20.998818,0.0,0.0
6,Daraz,47510.0,2026-03-25T21:25:21.185614,0.0,0.0
184,Daraz,65990.0,2026-03-25T21:25:21.382016,0.0,0.0
860,Hukut,68543.0,2026-03-25T21:25:21.548790,0.0,0.0
188,Daraz,70990.0,2026-03-25T21:25:21.665027,0.0,0.0
861,Daraz,74890.0,2026-03-25T21:25:21.812939,0.0,0.0
862,Daraz,94050.0,2026-03-25T21:25:21.965512,0.0,0.0
863,Hukut,98000.0,2026-03-25T21:25:22.181084,0.0,0.0
864,Daraz,134000.0,2026-03-25T21:25:22.346542,0.0,0.0
865,Hukut,175999.0,2026-03-25T21:25:22.447164,0.0,0.0
910,Daraz,69.0,2026-03-25T21:25:22.600768,0.0,0.0
911,Daraz,70.0,2026-03-25T21:25:22.730453,0.0,0.0
912,Daraz,2499.0,2026-03-25T21:25:22.950908,-3489.0,-58.26653306613226
912,Daraz,2499.0,2026-03-25T21:25:23.103054,0.0,0.0
913,Daraz,2599.0,2026-03-25T21:25:23.212927,0.0,0.0
914,Daraz,5700.0,2026-03-25T21:25:23.351137,0.0,0.0
915,Daraz,5950.0,2026-03-25T21:25:23.493775,0.0,0.0
912,Daraz,5988.0,2026-03-25T21:25:23.623684,3489.0,139.61584633853542
916,Hukut,6000.0,2026-03-25T21:25:23.774446,0.0,0.0
917,Daraz,12999.0,2026-03-25T21:25:23.892128,0.0,0.0
917,Daraz,12999.0,2026-03-25T21:25:24.003961,0.0,0.0
918,Daraz,250.0,2026-03-25T21:25:24.194452,0.0,0.0
919,Daraz,280.0,2026-03-25T21:25:24.320018,0.0,0.0
920,Daraz,390.0,2026-03-25T21:25:24.475422,0.0,0.0
920,Daraz,390.0,2026-03-25T21:25:24.617250,0.0,0.0
921,Daraz,473.0,2026-03-25T21:25:24.748147,0.0,0.0
922,Daraz,587.0,2026-03-25T21:25:24.910870,0.0,0.0
923,Daraz,689.0,2026-03-25T21:25:25.026491,0.0,0.0
924,Daraz,850.0,2026-03-25T21:25:25.156744,0.0,0.0
925,Daraz,1000.0,2026-03-25T21:25:25.330923,0.0,0.0
926,Daraz,1600.0,2026-03-25T21:25:25.465770,0.0,0.0
583,Daraz,2000.0,2026-03-25T21:25:25.691859,0.0,0.0
584,Daraz,2200.0,2026-03-25T21:25:25.810626,0.0,0.0
7,Hukut,88000.0,2026-03-25T21:25:25.918918,0.0,0.0
803,Hukut,89999.0,2026-03-25T21:25:26.067646,0.0,0.0
804,Hukut,98000.0,2026-03-25T21:25:26.232812,0.0,0.0
805,Hukut,99000.0,2026-03-25T21:25:26.379829,0.0,0.0
806,Daraz,152500.0,2026-03-25T21:25:26.544254,0.0,0.0
583,Daraz,2000.0,2026-03-25T21:25:26.709019,0.0,0.0
584,Daraz,2200.0,2026-03-25T21:25:26.858326,0.0,0.0
7,Hukut,88000.0,2026-03-25T21:25:26.989874,0.0,0.0
803,Hukut,89999.0,2026-03-25T21:25:27.101838,0.0,0.0
804,Hukut,98000.0,2026-03-25T21:25:27.253330,0.0,0.0
805,Hukut,99000.0,2026-03-25T21:25:27.448995,0.0,0.0
806,Daraz,152500.0,2026-03-25T21:25:27.627345,0.0,0.0
583,Daraz,40000.0,2026-03-25T21:25:27.785995,38000.0,1900.0
584,Daraz,44000.0,2026-03-25T21:25:27.973258,41800.0,1900.0
7,Hukut,88000.0,2026-03-25T21:25:28.123188,0.0,0.0
803,Hukut,89999.0,2026-03-25T21:25:28.222701,0.0,0.0
804,Hukut,98000.0,2026-03-25T21:25:28.385473,0.0,0.0
805,Hukut,99000.0,2026-03-25T21:25:28.538655,0.0,0.0
806,Daraz,1525008.0,2026-03-25T21:25:28.671912,1372508.0,900.0052459016393
112,Daraz,9999.0,2026-03-25T21:25:28.806949,0.0,0.0
30,Hukut,36299.0,2026-03-25T21:25:28.939175,0.0,0.0
883,Hukut,38999.0,2026-03-25T21:25:29.069460,0.0,0.0
32,Hukut,38999.0,2026-03-25T21:25:29.215601,0.0,0.0
884,Hukut,46999.0,2026-03-25T21:25:29.338656,0.0,0.0
885,Hukut,53999.0,2026-03-25T21:25:29.503043,0.0,0.0
886,Hukut,55999.0,2026-03-25T21:25:29.673196,0.0,0.0
887,Hukut,61999.0,2026-03-25T21:25:29.847423,0.0,0.0
888,Hukut,69999.0,2026-03-25T21:25:29.973658,0.0,0.0
889,Hukut,99999.0,2026-03-25T21:25:30.111731,0.0,0.0
36,Hukut,122999.0,2026-03-25T21:25:30.282338,13100.0,11.92003566911437
818,Daraz,129957.0,2026-03-25T21:25:30.445540,128658.0,9904.387990762125
867,Daraz,1099958.0,2026-03-25T21:25:30.628528,1088959.0,9900.527320665515
927,Daraz,1699948.0,2026-03-25T21:25:30.823774,1682949.0,9900.282369551149
928,Daraz,2199963.0,2026-03-25T21:25:31.006116,2174964.0,8700.204008160326
845,Daraz,2499927.0,2026-03-25T21:25:31.173860,2474928.0,9900.108004320173
929,Daraz,2499948.0,2026-03-25T21:25:31.320628,2474949.0,9900.192007680307
929,Daraz,2499985.0,2026-03-25T21:25:31.473805,37.0,0.0014800307846403206
846,Daraz,2999910.0,2026-03-25T21:25:31.639535,2969911.0,9900.03333444448
88,Daraz,5999137.0,2026-03-25T21:25:31.825940,5993138.0,99902.28371395233
818,Daraz,1299.0,2026-03-25T21:25:32.004660,-128658.0,-99.00043860661604
88,Daraz,5999.0,2026-03-25T21:25:32.166602,-5993138.0,-99.9000022836618
112,Daraz,9999.0,2026-03-25T21:25:32.300766,0.0,0.0
867,Daraz,10999.0,2026-03-25T21:25:32.485269,-1088959.0,-99.00005272928603
92,Hukut,13499.0,2026-03-25T21:25:32.666539,0.0,0.0
93,Hukut,13499.0,2026-03-25T21:25:32.834084,0.0,0.0
96,Hukut,16999.0,2026-03-25T21:25:33.007189,0.0,0.0
927,Daraz,16999.0,2026-03-25T21:25:33.170499,-1682949.0,-99.00002823615782
928,Daraz,21999.0,2026-03-25T21:25:33.337038,-2177964.0,-99.00002863684526
929,Daraz,24999.0,2026-03-25T21:25:33.444414,-2474986.0,-99.000034000204
845,Daraz,24999.0,2026-03-25T21:25:33.588350,-2474928.0,-99.00001080031538
929,Daraz,24999.0,2026-03-25T21:25:33.766340,0.0,0.0
846,Daraz,29999.0,2026-03-25T21:25:33.904687,-2969911.0,-99.00000333343334
818,Daraz,1299.0,2026-03-25T21:25:34.070558,0.0,0.0
88,Daraz,5999.0,2026-03-25T21:25:34.255867,0.0,0.0
112,Daraz,9999.0,2026-03-25T21:25:34.388115,0.0,0.0
867,Daraz,10999.0,2026-03-25T21:25:34.554597,0.0,0.0
927,Daraz,16999.0,2026-03-25T21:25:34.685300,0.0,0.0
928,Daraz,21999.0,2026-03-25T21:25:34.837231,0.0,0.0
929,Daraz,24999.0,2026-03-25T21:25:34.996057,0.0,0.0
845,Daraz,24999.0,2026-03-25T21:25:35.157615,0.0,0.0
929,Daraz,24999.0,2026-03-25T21:25:35.271003,0.0,0.0
846,Daraz,29999.0,2026-03-25T21:25:35.450977,0.0,0.0
30,Hukut,36299.0,2026-03-25T21:25:35.640381,0.0,0.0
883,Hukut,38999.0,2026-03-25T21:25:35.816080,0.0,0.0
32,Hukut,38999.0,2026-03-25T21:25:35.982044,0.0,0.0
884,Hukut,46999.0,2026-03-25T21:25:36.174071,0.0,0.0
885,Hukut,53999.0,2026-03-25T21:25:36.318680,0.0,0.0
886,Hukut,55999.0,2026-03-25T21:25:36.513199,0.0,0.0
887,Hukut,61999.0,2026-03-25T21:25:36.690955,0.0,0.0
888,Hukut,69999.0,2026-03-25T21:25:36.810542,0.0,0.0
889,Hukut,99999.0,2026-03-25T21:25:36.904667,0.0,0.0
36,Hukut,122999.0,2026-03-25T21:25:37.048694,0.0,0.0
930,Daraz,3360.0,2026-03-25T21:25:37.153878,-108640.0,-97.0
593,Daraz,16999.0,2026-03-25T21:25:37.254885,0.0,0.0
30,Hukut,36299.0,2026-03-25T21:25:37.362860,0.0,0.0
883,Hukut,38999.0,2026-03-25T21:25:37.469827,0.0,0.0
32,Hukut,38999.0,2026-03-25T21:25:37.573578,0.0,0.0
931,Daraz,38999.0,2026-03-25T21:25:37.672153,0.0,0.0
884,Hukut,46999.0,2026-03-25T21:25:37.785068,0.0,0.0
885,Hukut,53999.0,2026-03-25T21:25:37.890694,0.0,0.0
932,Daraz,53999.0,2026-03-25T21:25:38.015600,0.0,0.0
886,Hukut,55999.0,2026-03-25T21:25:38.125203,0.0,0.0
933,Daraz,60999.0,2026-03-25T21:25:38.226372,0.0,0.0
887,Hukut,61999.0,2026-03-25T21:25:38.326553,0.0,0.0
934,Daraz,68000.0,2026-03-25T21:25:38.454083,-1999.0,-2.85575508221546
888,Hukut,69999.0,2026-03-25T21:25:38.674053,0.0,0.0
934,Daraz,69999.0,2026-03-25T21:25:38.757718,1999.0,2.939705882352941
935,Hukut,75699.0,2026-03-25T21:25:38.885163,0.0,0.0
889,Hukut,99999.0,2026-03-25T21:25:38.975043,0.0,0.0
930,Daraz,99999.0,2026-03-25T21:25:39.083753,96639.0,2876.1607142857147
936,Daraz,114999.0,2026-03-25T21:25:39.183774,0.0,0.0
29,Daraz,248999.0,2026-03-25T21:25:39.275067,0.0,0.0
593,Daraz,16999.0,2026-03-25T21:25:39.393434,0.0,0.0
30,Hukut,36299.0,2026-03-25T21:25:39.480494,0.0,0.0
883,Hukut,38999.0,2026-03-25T21:25:39.609589,0.0,0.0
32,Hukut,38999.0,2026-03-25T21:25:39.702942,0.0,0.0
931,Daraz,38999.0,2026-03-25T21:25:39.804484,0.0,0.0
884,Hukut,46999.0,2026-03-25T21:25:39.919109,0.0,0.0
885,Hukut,53999.0,2026-03-25T21:25:40.019525,0.0,0.0
932,Daraz,53999.0,2026-03-25T21:25:40.107425,0.0,0.0
886,Hukut,55999.0,2026-03-25T21:25:40.224786,0.0,0.0
933,Daraz,60999.0,2026-03-25T21:25:40.307172,0.0,0.0
887,Hukut,61999.0,2026-03-25T21:25:40.424142,0.0,0.0
934,Daraz,68000.0,2026-03-25T21:25:40.532215,-1999.0,-2.85575508221546
888,Hukut,69999.0,2026-03-25T21:25:40.648430,0.0,0.0
934,Daraz,69999.0,2026-03-25T21:25:40.724345,1999.0,2.939705882352941
935,Hukut,75699.0,2026-03-25T21:25:40.823350,0.0,0.0
889,Hukut,99999.0,2026-03-25T21:25:40.947518,0.0,0.0
930,Daraz,99999.0,2026-03-25T21:25:41.047885,0.0,0.0
930,Daraz,112000.0,2026-03-25T21:25:41.151723,12001.0,12.001120011200111
936,Daraz,114999.0,2026-03-25T21:25:41.253490,0.0,0.0
29,Daraz,248999.0,2026-03-25T21:25:41.364971,0.0,0.0
937,Daraz,21900.0,2026-03-25T21:25:41.481017,0.0,0.0
938,Daraz,24500.0,2026-03-25T21:25:41.583249,0.0,0.0
939,Daraz,24999.0,2026-03-25T21:25:41.698484,0.0,0.0
940,Daraz,25999.0,2026-03-25T21:25:41.815250,0.0,0.0
3,Daraz,37000.0,2026-03-25T21:25:41.916151,35150.0,1900.0
583,Daraz,40000.0,2026-03-25T21:25:42.005710,0.0,0.0
584,Daraz,44000.0,2026-03-25T21:25:42.105025,0.0,0.0
175,Daraz,47966.0,2026-03-25T21:25:42.204224,0.0,0.0
941,Daraz,68000.0,2026-03-25T21:25:42.304239,0.0,0.0
942,Daraz,77000.0,2026-03-25T21:25:42.387408,0.0,0.0
7,Hukut,88000.0,2026-03-25T21:25:42.487516,0.0,0.0
943,Hukut,97000.0,2026-03-25T21:25:42.573838,0.0,0.0
944,Hukut,99000.0,2026-03-25T21:25:42.687293,0.0,0.0
805,Hukut,99000.0,2026-03-25T21:25:42.788006,0.0,0.0
945,Hukut,113299.0,2026-03-25T21:25:42.897571,0.0,0.0
946,Hukut,132000.0,2026-03-25T21:25:42.991160,0.0,0.0
947,Hukut,150000.0,2026-03-25T21:25:43.078530,0.0,0.0
948,Hukut,164999.0,2026-03-25T21:25:43.177673,0.0,0.0
949,Hukut,170000.0,2026-03-25T21:25:43.288164,0.0,0.0
256,Daraz,2139.0,2026-03-25T21:25:43.389013,0.0,0.0
258,Daraz,2299.0,2026-03-25T21:25:43.485304,-100.0,-4.168403501458942
259,Daraz,2399.0,2026-03-25T21:25:43.593563,0.0,0.0
258,Daraz,2399.0,2026-03-25T21:25:43.685433,100.0,4.349717268377556
262,Daraz,2699.0,2026-03-25T21:25:43.793087,0.0,0.0
636,Daraz,3000.0,2026-03-25T21:25:43.886437,0.0,0.0
266,Daraz,4199.0,2026-03-25T21:25:44.007775,0.0,0.0
267,Hukut,4500.0,2026-03-25T21:25:44.105997,0.0,0.0
639,Daraz,7950.0,2026-03-25T21:25:44.201857,0.0,0.0
628,Daraz,12041.0,2026-03-25T21:25:44.315799,0.0,0.0
271,Daraz,17000.0,2026-03-25T21:25:44.418219,0.0,0.0
280,Hukut,83499.0,2026-03-25T21:25:44.522159,0.0,0.0
281,Hukut,91000.0,2026-03-25T21:25:44.637995,0.0,0.0
950,Hukut,2400.0,2026-03-25T21:25:44.737982,0.0,0.0
951,Hukut,2719.0,2026-03-25T21:25:44.837894,0.0,0.0
952,Hukut,3000.0,2026-03-25T21:25:44.937545,0.0,0.0
617,Daraz,3149.0,2026-03-25T21:25:45.048256,0.0,0.0
953,Daraz,3999.0,2026-03-25T21:25:45.119445,0.0,0.0
954,Daraz,4725.0,2026-03-25T21:25:45.206457,0.0,0.0
440,Hukut,7000.0,2026-03-25T21:25:45.304768,0.0,0.0
441,Hukut,15000.0,2026-03-25T21:25:45.424802,0.0,0.0
955,Daraz,6407.0,2026-03-25T21:25:45.520396,0.0,0.0
70,Hukut,7000.0,2026-03-25T21:25:45.640658,0.0,0.0
71,Daraz,7196.0,2026-03-25T21:25:45.742719,0.0,0.0
73,Daraz,8999.0,2026-03-25T21:25:45.837279,0.0,0.0
72,Daraz,8999.0,2026-03-25T21:25:45.925631,0.0,0.0
74,Daraz,12999.0,2026-03-25T21:25:46.029117,0.0,0.0
956,Daraz,13500.0,2026-03-25T21:25:46.132845,0.0,0.0
298,Daraz,14499.0,2026-03-25T21:25:46.239741,0.0,0.0
957,Daraz,14999.0,2026-03-25T21:25:46.336372,0.0,0.0
958,Daraz,24999.0,2026-03-25T21:25:46.454055,0.0,0.0
959,Daraz,31999.0,2026-03-25T21:25:46.548340,0.0,0.0
960,Daraz,2050.0,2026-03-25T21:25:46.651526,0.0,0.0
961,Daraz,2419.0,2026-03-25T21:25:46.746020,0.0,0.0
962,Daraz,2499.0,2026-03-25T21:25:46.847930,0.0,0.0
963,Daraz,3299.0,2026-03-25T21:25:46.965990,0.0,0.0
964,Daraz,3699.0,2026-03-25T21:25:47.082446,0.0,0.0
813,Hukut,129000.0,2026-03-25T21:25:47.188893,0.0,0.0
806,Daraz,152500.0,2026-03-25T21:25:47.289827,-1372508.0,-90.0000524587412
814,Hukut,158999.0,2026-03-25T21:25:47.369071,0.0,0.0
218,Hukut,169000.0,2026-03-25T21:25:47.486070,0.0,0.0
815,Hukut,177999.0,2026-03-25T21:25:47.572933,0.0,0.0
816,Daraz,198000.0,2026-03-25T21:25:47.668177,0.0,0.0
817,Hukut,204999.0,2026-03-25T21:25:47.775594,0.0,0.0
819,Hukut,228999.0,2026-03-25T21:25:47.896731,0.0,0.0
237,Hukut,287999.0,2026-03-25T21:25:48.007290,0.0,0.0
820,Daraz,299000.0,2026-03-25T21:25:48.103574,0.0,0.0
821,Hukut,399999.0,2026-03-25T21:25:48.220017,0.0,0.0
822,Hukut,539999.0,2026-03-25T21:25:48.332444,0.0,0.0
965,Daraz,2044.0,2026-03-25T21:25:48.426421,0.0,0.0
962,Daraz,2499.0,2026-03-25T21:25:48.521124,0.0,0.0
966,Daraz,2504.0,2026-03-25T21:25:48.649813,0.0,0.0
967,Daraz,2504.0,2026-03-25T21:25:48.750315,0.0,0.0
968,Daraz,2625.0,2026-03-25T21:25:48.865025,0.0,0.0
963,Daraz,3299.0,2026-03-25T21:25:48.968252,0.0,0.0
969,Daraz,3870.0,2026-03-25T21:25:49.088184,0.0,0.0
970,Daraz,4999.0,2026-03-25T21:25:49.208270,0.0,0.0
826,Hukut,108999.0,2026-03-25T21:25:49.324220,0.0,0.0
813,Hukut,129000.0,2026-03-25T21:25:49.441184,0.0,0.0
806,Daraz,152500.0,2026-03-25T21:25:49.542222,0.0,0.0
814,Hukut,158999.0,2026-03-25T21:25:49.641508,0.0,0.0
218,Hukut,169000.0,2026-03-25T21:25:49.740643,0.0,0.0
815,Hukut,177999.0,2026-03-25T21:25:49.841472,0.0,0.0
816,Daraz,198000.0,2026-03-25T21:25:49.957562,0.0,0.0
817,Hukut,204999.0,2026-03-25T21:25:50.056641,0.0,0.0
960,Daraz,2050.0,2026-03-25T21:25:50.156522,0.0,0.0
961,Daraz,2419.0,2026-03-25T21:25:50.273334,0.0,0.0
962,Daraz,2499.0,2026-03-25T21:25:50.389955,0.0,0.0
963,Daraz,3299.0,2026-03-25T21:25:50.474729,0.0,0.0
964,Daraz,3699.0,2026-03-25T21:25:50.569975,0.0,0.0
813,Hukut,129000.0,2026-03-25T21:25:50.673264,0.0,0.0
806,Daraz,152500.0,2026-03-25T21:25:50.799683,0.0,0.0
814,Hukut,158999.0,2026-03-25T21:25:50.910596,0.0,0.0
218,Hukut,169000.0,2026-03-25T21:25:51.023376,0.0,0.0
815,Hukut,177999.0,2026-03-25T21:25:51.139431,0.0,0.0
816,Daraz,198000.0,2026-03-25T21:25:51.253080,0.0,0.0
817,Hukut,204999.0,2026-03-25T21:25:51.372170,0.0,0.0
819,Hukut,228999.0,2026-03-25T21:25:51.476802,0.0,0.0
237,Hukut,287999.0,2026-03-25T21:25:51.576009,0.0,0.0
820,Daraz,299000.0,2026-03-25T21:25:51.673434,0.0,0.0
821,Hukut,399999.0,2026-03-25T21:25:51.788408,0.0,0.0
822,Hukut,539999.0,2026-03-25T21:25:51.889863,0.0,0.0
813,Hukut,129000.0,2026-03-25T21:25:52.006906,0.0,0.0
806,Daraz,152500.0,2026-03-25T21:25:52.088638,0.0,0.0
814,Hukut,158999.0,2026-03-25T21:25:52.205424,0.0,0.0
218,Hukut,169000.0,2026-03-25T21:25:52.317332,0.0,0.0
815,Hukut,177999.0,2026-03-25T21:25:52.405529,0.0,0.0
816,Daraz,198000.0,2026-03-25T21:25:52.536662,0.0,0.0
817,Hukut,204999.0,2026-03-25T21:25:52.638617,0.0,0.0
819,Hukut,228999.0,2026-03-25T21:25:52.730926,0.0,0.0
237,Hukut,287999.0,2026-03-25T21:25:52.824969,0.0,0.0
820,Daraz,299000.0,2026-03-25T21:25:52.923934,0.0,0.0
821,Hukut,399999.0,2026-03-25T21:25:53.040725,0.0,0.0
822,Hukut,539999.0,2026-03-25T21:25:53.140563,0.0,0.0
178,Daraz,41990.0,2026-03-25T21:25:53.236769,0.0,0.0
185,Hukut,59000.0,2026-03-25T21:25:53.329943,6001.0,11.322855148210344
892,Daraz,65499.0,2026-03-25T21:25:53.406735,0.0,0.0
893,Daraz,66999.0,2026-03-25T21:25:53.507748,10.0,0.014927823971099733
190,Hukut,75000.0,2026-03-25T21:25:53.606462,0.0,0.0
894,Daraz,79000.0,2026-03-25T21:25:53.689600,0.0,0.0
971,Daraz,89900.0,2026-03-25T21:25:53.772934,0.0,0.0
972,Daraz,91990.0,2026-03-25T21:25:53.891410,0.0,0.0
895,Daraz,92500.0,2026-03-25T21:25:53.993408,0.0,0.0
973,Hukut,98000.0,2026-03-25T21:25:54.112293,0.0,0.0
974,Hukut,102000.0,2026-03-25T21:25:54.211905,18002.0,21.43146265387271
891,Daraz,102999.0,2026-03-25T21:25:54.334204,101969.0,9899.902912621359
975,Hukut,105000.0,2026-03-25T21:25:54.442158,0.0,0.0
976,Daraz,107999.0,2026-03-25T21:25:54.532458,0.0,0.0
977,Hukut,123900.0,2026-03-25T21:25:54.647609,0.0,0.0
901,Hukut,129999.0,2026-03-25T21:25:54.751569,0.0,0.0
905,Hukut,140000.0,2026-03-25T21:25:54.852005,0.0,0.0
978,Hukut,145900.0,2026-03-25T21:25:54.955435,0.0,0.0
768,Daraz,146990.0,2026-03-25T21:25:55.074645,0.0,0.0
979,Hukut,181900.0,2026-03-25T21:25:55.190781,0.0,0.0
927,Daraz,16999.0,2026-03-25T21:25:55.297633,0.0,0.0
928,Daraz,21999.0,2026-03-25T21:25:55.412238,0.0,0.0
845,Daraz,24999.0,2026-03-25T21:25:55.515014,0.0,0.0
929,Daraz,24999.0,2026-03-25T21:25:55.618452,0.0,0.0
980,Hukut,27999.0,2026-03-25T21:25:55.737919,0.0,0.0
846,Daraz,29999.0,2026-03-25T21:25:55.848631,0.0,0.0
981,Hukut,31999.0,2026-03-25T21:25:55.940634,0.0,0.0
847,Daraz,39999.0,2026-03-25T21:25:56.067276,0.0,0.0
982,Hukut,40999.0,2026-03-25T21:25:56.159510,0.0,0.0
848,Daraz,46999.0,2026-03-25T21:25:56.275724,0.0,0.0
849,Daraz,49999.0,2026-03-25T21:25:56.393950,0.0,0.0
983,Hukut,50999.0,2026-03-25T21:25:56.511443,0.0,0.0
850,Daraz,56999.0,2026-03-25T21:25:56.628180,0.0,0.0
852,Daraz,66999.0,2026-03-25T21:25:56.730822,0.0,0.0
139,Hukut,29999.0,2026-03-25T21:25:56.847240,0.0,0.0
151,Hukut,39999.0,2026-03-25T21:25:56.951321,0.0,0.0
164,Hukut,49999.0,2026-03-25T21:25:57.043266,0.0,0.0
521,Hukut,59999.0,2026-03-25T21:25:57.134424,0.0,0.0
928,Daraz,21999.0,2026-03-25T21:25:57.233086,0.0,0.0
984,Hukut,24999.0,2026-03-25T21:25:57.336814,0.0,0.0
845,Daraz,24999.0,2026-03-25T21:25:57.451971,0.0,0.0
929,Daraz,24999.0,2026-03-25T21:25:57.559797,0.0,0.0
980,Hukut,27999.0,2026-03-25T21:25:57.670408,0.0,0.0
139,Hukut,29999.0,2026-03-25T21:25:57.786614,0.0,0.0
985,Hukut,29999.0,2026-03-25T21:25:57.872551,0.0,0.0
846,Daraz,29999.0,2026-03-25T21:25:57.987923,0.0,0.0
981,Hukut,31999.0,2026-03-25T21:25:58.088522,0.0,0.0
151,Hukut,39999.0,2026-03-25T21:25:58.207615,0.0,0.0
986,Hukut,39999.0,2026-03-25T21:25:58.308237,0.0,0.0
847,Daraz,39999.0,2026-03-25T21:25:58.428302,0.0,0.0
848,Daraz,46999.0,2026-03-25T21:25:58.542610,0.0,0.0
987,Hukut,47999.0,2026-03-25T21:25:58.653644,0.0,0.0
164,Hukut,49999.0,2026-03-25T21:25:58.753594,0.0,0.0
849,Daraz,49999.0,2026-03-25T21:25:58.831158,0.0,0.0
850,Daraz,56999.0,2026-03-25T21:25:58.950003,0.0,0.0
521,Hukut,59999.0,2026-03-25T21:25:59.062597,0.0,0.0
851,Daraz,59999.0,2026-03-25T21:25:59.167944,0.0,0.0
852,Daraz,66999.0,2026-03-25T21:25:59.285999,0.0,0.0
96,Hukut,16999.0,2026-03-25T21:25:59.390039,0.0,0.0
927,Daraz,16999.0,2026-03-25T21:25:59.508021,0.0,0.0
928,Daraz,21999.0,2026-03-25T21:25:59.608776,0.0,0.0
130,Hukut,23000.0,2026-03-25T21:25:59.707392,0.0,0.0
929,Daraz,24999.0,2026-03-25T21:25:59.800750,0.0,0.0
929,Daraz,24999.0,2026-03-25T21:25:59.900078,0.0,0.0
928,Daraz,24999.0,2026-03-25T21:26:00.019631,3000.0,13.636983499249967
845,Daraz,24999.0,2026-03-25T21:26:00.133046,0.0,0.0
139,Hukut,29999.0,2026-03-25T21:26:00.219891,0.0,0.0
846,Daraz,29999.0,2026-03-25T21:26:00.303011,0.0,0.0
151,Hukut,39999.0,2026-03-25T21:26:00.420399,0.0,0.0
847,Daraz,39999.0,2026-03-25T21:26:00.538941,0.0,0.0
848,Daraz,46999.0,2026-03-25T21:26:00.657218,0.0,0.0
164,Hukut,49999.0,2026-03-25T21:26:00.758505,0.0,0.0
521,Hukut,59999.0,2026-03-25T21:26:00.861923,0.0,0.0
852,Daraz,66999.0,2026-03-25T21:26:00.977185,0.0,0.0
96,Hukut,16999.0,2026-03-25T21:26:01.096625,0.0,0.0
130,Hukut,23000.0,2026-03-25T21:26:01.181512,0.0,0.0
78,Hukut,24998.0,2026-03-25T21:26:01.299812,0.0,0.0
845,Daraz,24999.0,2026-03-25T21:26:01.400260,0.0,0.0
139,Hukut,29999.0,2026-03-25T21:26:01.486465,0.0,0.0
151,Hukut,39999.0,2026-03-25T21:26:01.606664,0.0,0.0
164,Hukut,49999.0,2026-03-25T21:26:01.704399,0.0,0.0
521,Hukut,59999.0,2026-03-25T21:26:01.806060,0.0,0.0
927,Daraz,16999.0,2026-03-25T21:26:01.924963,0.0,0.0
928,Daraz,21999.0,2026-03-25T21:26:02.038800,-3000.0,-12.000480019200769
845,Daraz,24999.0,2026-03-25T21:26:02.126176,0.0,0.0
929,Daraz,24999.0,2026-03-25T21:26:02.224888,0.0,0.0
980,Hukut,27999.0,2026-03-25T21:26:02.309519,0.0,0.0
846,Daraz,29999.0,2026-03-25T21:26:02.408252,0.0,0.0
981,Hukut,31999.0,2026-03-25T21:26:02.524498,0.0,0.0
847,Daraz,39999.0,2026-03-25T21:26:02.646974,0.0,0.0
982,Hukut,40999.0,2026-03-25T21:26:02.758579,0.0,0.0
848,Daraz,46999.0,2026-03-25T21:26:02.860791,0.0,0.0
849,Daraz,49999.0,2026-03-25T21:26:02.980170,0.0,0.0
983,Hukut,50999.0,2026-03-25T21:26:03.080238,0.0,0.0
850,Daraz,56999.0,2026-03-25T21:26:03.215189,0.0,0.0
852,Daraz,66999.0,2026-03-25T21:26:03.333300,0.0,0.0
96,Hukut,16999.0,2026-03-25T21:26:03.436867,0.0,0.0
927,Daraz,16999.0,2026-03-25T21:26:03.557568,0.0,0.0
928,Daraz,21999.0,2026-03-25T21:26:03.656927,0.0,0.0
130,Hukut,23000.0,2026-03-25T21:26:03.788144,0.0,0.0
929,Daraz,24999.0,2026-03-25T21:26:03.898008,0.0,0.0
929,Daraz,24999.0,2026-03-25T21:26:03.985901,0.0,0.0
928,Daraz,24999.0,2026-03-25T21:26:04.086093,3000.0,13.636983499249967
845,Daraz,24999.0,2026-03-25T21:26:04.172338,0.0,0.0
139,Hukut,29999.0,2026-03-25T21:26:04.308107,0.0,0.0
846,Daraz,29999.0,2026-03-25T21:26:04.411209,0.0,0.0
151,Hukut,39999.0,2026-03-25T21:26:04.537534,0.0,0.0
847,Daraz,39999.0,2026-03-25T21:26:04.660778,0.0,0.0
848,Daraz,46999.0,2026-03-25T21:26:04.757451,0.0,0.0
164,Hukut,49999.0,2026-03-25T21:26:04.864322,0.0,0.0
521,Hukut,59999.0,2026-03-25T21:26:04.960224,0.0,0.0
852,Daraz,66999.0,2026-03-25T21:26:05.047221,0.0,0.0
178,Daraz,41990.0,2026-03-25T21:26:05.148282,0.0,0.0
988,Hukut,55000.0,2026-03-25T21:26:05.257731,0.0,0.0
185,Hukut,59000.0,2026-03-25T21:26:05.364940,0.0,0.0
892,Daraz,65499.0,2026-03-25T21:26:05.455824,0.0,0.0
893,Daraz,66999.0,2026-03-25T21:26:05.563384,0.0,0.0
989,Hukut,73000.0,2026-03-25T21:26:05.663471,6001.0,8.956850102240333
990,Hukut,75000.0,2026-03-25T21:26:05.783901,7001.0,10.295739643230048
894,Daraz,79000.0,2026-03-25T21:26:05.895691,0.0,0.0
991,Hukut,85000.0,2026-03-25T21:26:05.998876,10001.0,13.33484446459286
971,Daraz,89900.0,2026-03-25T21:26:06.102842,0.0,0.0
972,Daraz,91990.0,2026-03-25T21:26:06.185703,0.0,0.0
895,Daraz,92500.0,2026-03-25T21:26:06.288593,0.0,0.0
974,Hukut,102000.0,2026-03-25T21:26:06.389834,0.0,0.0
891,Daraz,102999.0,2026-03-25T21:26:06.505548,0.0,0.0
976,Daraz,107999.0,2026-03-25T21:26:06.629255,0.0,0.0
992,Hukut,120000.0,2026-03-25T21:26:06.745256,0.0,0.0
905,Hukut,120000.0,2026-03-25T21:26:06.850857,-20000.0,-14.285714285714285
901,Hukut,129999.0,2026-03-25T21:26:06.962980,0.0,0.0
905,Hukut,140000.0,2026-03-25T21:26:07.049435,20000.0,16.666666666666664
908,Daraz,181900.0,2026-03-25T21:26:07.163423,0.0,0.0
185,Hukut,6001.0,2026-03-25T21:26:07.266528,-52999.0,-89.82881355932203
905,Hukut,6001.0,2026-03-25T21:26:07.353779,-133999.0,-95.71357142857143
989,Hukut,6001.0,2026-03-25T21:26:07.455886,-66999.0,-91.77945205479452
990,Hukut,7001.0,2026-03-25T21:26:07.561083,-67999.0,-90.66533333333334
991,Hukut,10001.0,2026-03-25T21:26:07.668582,-74999.0,-88.23411764705882
974,Hukut,18002.0,2026-03-25T21:26:07.774510,-83998.0,-82.35098039215686
905,Hukut,26001.0,2026-03-25T21:26:07.878832,20000.0,333.27778703549404
901,Hukut,34000.0,2026-03-25T21:26:07.981275,-95999.0,-73.84595266117432
178,Daraz,41990.0,2026-03-25T21:26:08.079942,0.0,0.0
988,Hukut,55000.0,2026-03-25T21:26:08.184838,0.0,0.0
892,Daraz,65499.0,2026-03-25T21:26:08.300021,0.0,0.0
893,Daraz,66999.0,2026-03-25T21:26:08.425891,0.0,0.0
894,Daraz,79000.0,2026-03-25T21:26:08.542794,0.0,0.0
971,Daraz,89900.0,2026-03-25T21:26:08.636090,0.0,0.0
972,Daraz,91990.0,2026-03-25T21:26:08.752706,0.0,0.0
895,Daraz,92500.0,2026-03-25T21:26:08.854182,0.0,0.0
891,Daraz,102999.0,2026-03-25T21:26:08.956451,0.0,0.0
976,Daraz,107999.0,2026-03-25T21:26:09.067035,0.0,0.0
992,Hukut,120000.0,2026-03-25T21:26:09.160517,0.0,0.0
768,Daraz,146990.0,2026-03-25T21:26:09.267975,0.0,0.0
178,Daraz,41990.0,2026-03-25T21:26:09.366243,0.0,0.0
185,Hukut,52999.0,2026-03-25T21:26:09.474275,46998.0,783.1694717547076
988,Hukut,55000.0,2026-03-25T21:26:09.552992,0.0,0.0
892,Daraz,65499.0,2026-03-25T21:26:09.662901,0.0,0.0
989,Hukut,66999.0,2026-03-25T21:26:09.780244,60998.0,1016.4639226795534
893,Daraz,66999.0,2026-03-25T21:26:09.870815,0.0,0.0
990,Hukut,67999.0,2026-03-25T21:26:09.980270,60998.0,871.2755320668476
991,Hukut,74999.0,2026-03-25T21:26:10.082078,64998.0,649.9150084991501
894,Daraz,79000.0,2026-03-25T21:26:10.192307,0.0,0.0
974,Hukut,83998.0,2026-03-25T21:26:10.284385,65996.0,366.60371069881126
971,Daraz,89900.0,2026-03-25T21:26:10.386648,0.0,0.0
972,Daraz,91990.0,2026-03-25T21:26:10.483112,0.0,0.0
895,Daraz,92500.0,2026-03-25T21:26:10.598188,0.0,0.0
901,Hukut,95999.0,2026-03-25T21:26:10.699767,61999.0,182.35
891,Daraz,102999.0,2026-03-25T21:26:10.815165,0.0,0.0
976,Daraz,107999.0,2026-03-25T21:26:10.910636,0.0,0.0
905,Hukut,113999.0,2026-03-25T21:26:11.025445,87998.0,338.44082919887694
905,Hukut,113999.0,2026-03-25T21:26:11.136450,0.0,0.0
992,Hukut,120000.0,2026-03-25T21:26:11.242246,0.0,0.0
768,Daraz,146990.0,2026-03-25T21:26:11.345532,0.0,0.0
857,Hukut,27999.0,2026-03-25T21:26:11.451694,-2001.0,-6.67
858,Hukut,38999.0,2026-03-25T21:26:11.563351,-6001.0,-13.335555555555556
860,Hukut,59999.0,2026-03-25T21:26:11.668533,-8544.0,-12.46516785083816
184,Daraz,65990.0,2026-03-25T21:26:11.767354,0.0,0.0
861,Daraz,74900.0,2026-03-25T21:26:11.862449,10.0,0.013352917612498332
993,Daraz,75999.0,2026-03-25T21:26:11.967134,0.0,0.0
794,Daraz,109999.0,2026-03-25T21:26:12.074766,108899.0,9899.909090909092
994,Hukut,123999.0,2026-03-25T21:26:12.175414,0.0,0.0
242,Daraz,126000.0,2026-03-25T21:26:12.303375,0.0,0.0
995,Hukut,132999.0,2026-03-25T21:26:12.417744,0.0,0.0
864,Daraz,134000.0,2026-03-25T21:26:12.520677,0.0,0.0
996,Daraz,134000.0,2026-03-25T21:26:12.619926,0.0,0.0
865,Hukut,134999.0,2026-03-25T21:26:12.719850,-41000.0,-23.295586906743786
997,Daraz,135990.0,2026-03-25T21:26:12.820056,0.0,0.0
853,Daraz,155000.0,2026-03-25T21:26:12.936663,153450.0,9900.0
998,Hukut,161999.0,2026-03-25T21:26:13.036418,0.0,0.0
999,Daraz,172000.0,2026-03-25T21:26:13.119799,0.0,0.0
1000,Hukut,175999.0,2026-03-25T21:26:13.235886,0.0,0.0
1001,Hukut,179999.0,2026-03-25T21:26:13.341103,0.0,0.0
1002,Hukut,219999.0,2026-03-25T21:26:13.449784,0.0,0.0
777,Daraz,131.0,2026-03-25T21:26:13.540902,0.0,0.0
778,Daraz,166.0,2026-03-25T21:26:13.648434,0.0,0.0
779,Daraz,186.0,2026-03-25T21:26:13.753010,0.0,0.0
780,Daraz,186.0,2026-03-25T21:26:13.835417,0.0,0.0
781,Daraz,211.0,2026-03-25T21:26:13.937298,0.0,0.0
782,Daraz,211.0,2026-03-25T21:26:14.048033,0.0,0.0
783,Daraz,223.0,2026-03-25T21:26:14.157091,0.0,0.0
784,Daraz,225.0,2026-03-25T21:26:14.256295,0.0,0.0
785,Daraz,249.0,2026-03-25T21:26:14.356354,0.0,0.0
786,Daraz,249.0,2026-03-25T21:26:14.457077,0.0,0.0
787,Daraz,249.0,2026-03-25T21:26:14.540122,0.0,0.0
788,Daraz,249.0,2026-03-25T21:26:14.639410,0.0,0.0
789,Daraz,259.0,2026-03-25T21:26:14.756040,0.0,0.0
790,Daraz,275.0,2026-03-25T21:26:14.856284,0.0,0.0
791,Daraz,275.0,2026-03-25T21:26:14.972439,0.0,0.0
792,Daraz,311.0,2026-03-25T21:26:15.074824,0.0,0.0
793,Daraz,332.0,2026-03-25T21:26:15.198003,0.0,0.0
794,Daraz,1100.0,2026-03-25T21:26:15.290537,-108899.0,-98.99999090900826
795,Daraz,405.0,2026-03-25T21:26:15.427687,0.0,0.0
796,Daraz,1720.0,2026-03-25T21:26:15.542228,0.0,0.0
797,Daraz,450.0,2026-03-25T21:26:15.656696,0.0,0.0
798,Daraz,1755.0,2026-03-25T21:26:15.756234,0.0,0.0
799,Daraz,480.0,2026-03-25T21:26:15.857946,0.0,0.0
3,Daraz,1850.0,2026-03-25T21:26:15.962746,-35150.0,-95.0
800,Daraz,629.0,2026-03-25T21:26:16.076044,0.0,0.0
583,Daraz,2000.0,2026-03-25T21:26:16.186275,-38000.0,-95.0
801,Daraz,749.0,2026-03-25T21:26:16.280070,0.0,0.0
173,Daraz,2149.0,2026-03-25T21:26:16.382662,0.0,0.0
802,Daraz,749.0,2026-03-25T21:26:16.479680,0.0,0.0
584,Daraz,2200.0,2026-03-25T21:26:16.593390,-41800.0,-95.0
7,Hukut,88000.0,2026-03-25T21:26:16.705430,0.0,0.0
803,Hukut,89999.0,2026-03-25T21:26:16.801983,0.0,0.0
804,Hukut,98000.0,2026-03-25T21:26:16.926437,0.0,0.0
805,Hukut,99000.0,2026-03-25T21:26:17.091934,0.0,0.0
806,Daraz,152500.0,2026-03-25T21:26:17.255974,0.0,0.0
807,Daraz,150.0,2026-03-25T21:26:17.496231,0.0,0.0
808,Daraz,189.0,2026-03-25T21:26:17.628350,0.0,0.0
809,Daraz,370.0,2026-03-25T21:26:17.814157,0.0,0.0
810,Daraz,383.0,2026-03-25T21:26:17.950627,-39.0,-9.24170616113744
810,Daraz,422.0,2026-03-25T21:26:18.097514,39.0,10.182767624020887
811,Daraz,818.0,2026-03-25T21:26:18.232777,0.0,0.0
812,Daraz,4467.0,2026-03-25T21:26:18.538383,0.0,0.0
813,Hukut,129000.0,2026-03-25T21:26:18.708002,0.0,0.0
806,Daraz,152500.0,2026-03-25T21:26:18.863672,0.0,0.0
814,Hukut,158999.0,2026-03-25T21:26:18.999027,0.0,0.0
218,Hukut,169000.0,2026-03-25T21:26:19.131995,0.0,0.0
815,Hukut,177999.0,2026-03-25T21:26:19.265029,0.0,0.0
816,Daraz,198000.0,2026-03-25T21:26:19.427785,0.0,0.0
817,Hukut,204999.0,2026-03-25T21:26:19.564447,0.0,0.0
819,Hukut,228999.0,2026-03-25T21:26:19.729703,0.0,0.0
237,Hukut,287999.0,2026-03-25T21:26:19.877520,0.0,0.0
820,Daraz,299000.0,2026-03-25T21:26:20.050140,0.0,0.0
821,Hukut,399999.0,2026-03-25T21:26:20.242043,0.0,0.0
822,Hukut,539999.0,2026-03-25T21:26:20.406330,0.0,0.0
823,Daraz,316.0,2026-03-25T21:26:20.554351,0.0,0.0
809,Daraz,370.0,2026-03-25T21:26:20.712852,0.0,0.0
824,Daraz,1052.0,2026-03-25T21:26:20.914162,0.0,0.0
825,Daraz,1999.0,2026-03-25T21:26:21.043156,0.0,0.0
826,Hukut,108999.0,2026-03-25T21:26:21.236181,0.0,0.0
813,Hukut,129000.0,2026-03-25T21:26:21.396461,0.0,0.0
806,Daraz,152500.0,2026-03-25T21:26:21.543910,0.0,0.0
814,Hukut,158999.0,2026-03-25T21:26:21.685053,0.0,0.0
218,Hukut,169000.0,2026-03-25T21:26:21.775425,0.0,0.0
815,Hukut,177999.0,2026-03-25T21:26:21.911261,0.0,0.0
817,Hukut,204999.0,2026-03-25T21:26:22.121954,0.0,0.0
820,Daraz,299000.0,2026-03-25T21:26:22.255157,0.0,0.0
827,Daraz,1555.0,2026-03-25T21:26:22.399410,-144.0,-8.475573866980577
827,Daraz,1678.0,2026-03-25T21:26:22.522720,123.0,7.909967845659165
827,Daraz,1699.0,2026-03-25T21:26:22.664203,21.0,1.2514898688915377
826,Hukut,108999.0,2026-03-25T21:26:22.849035,0.0,0.0
828,Hukut,31499.0,2026-03-25T21:26:23.037997,0.0,0.0
829,Hukut,31500.0,2026-03-25T21:26:23.198407,0.0,0.0
218,Hukut,169000.0,2026-03-25T21:26:23.346475,0.0,0.0
237,Hukut,287999.0,2026-03-25T21:26:23.528483,0.0,0.0
830,Daraz,55.0,2026-03-25T21:26:23.700772,0.0,0.0
831,Daraz,75.0,2026-03-25T21:26:23.856967,0.0,0.0
700,Daraz,103.0,2026-03-25T21:26:23.991180,0.0,0.0
703,Daraz,295.0,2026-03-25T21:26:24.149680,0.0,0.0
832,Daraz,299.0,2026-03-25T21:26:24.310174,0.0,0.0
833,Daraz,300.0,2026-03-25T21:26:24.531858,0.0,0.0
463,Daraz,305.0,2026-03-25T21:26:24.715261,0.0,0.0
834,Daraz,349.0,2026-03-25T21:26:24.888303,0.0,0.0
835,Daraz,849.0,2026-03-25T21:26:25.074843,0.0,0.0
836,Daraz,1196.0,2026-03-25T21:26:25.217840,0.0,0.0
837,Hukut,2499.0,2026-03-25T21:26:25.429158,0.0,0.0
838,Hukut,2499.0,2026-03-25T21:26:25.590193,0.0,0.0
839,Hukut,2799.0,2026-03-25T21:26:25.747637,0.0,0.0
840,Hukut,2999.0,2026-03-25T21:26:25.913851,0.0,0.0
841,Hukut,27000.0,2026-03-25T21:26:26.077058,0.0,0.0
828,Hukut,31499.0,2026-03-25T21:26:26.232864,0.0,0.0
829,Hukut,31500.0,2026-03-25T21:26:26.385512,0.0,0.0
842,Hukut,38499.0,2026-03-25T21:26:26.575093,0.0,0.0
843,Hukut,44500.0,2026-03-25T21:26:26.718574,0.0,0.0
844,Hukut,44500.0,2026-03-25T21:26:26.897948,0.0,0.0
785,Daraz,249.0,2026-03-25T21:26:27.030117,0.0,0.0
795,Daraz,405.0,2026-03-25T21:26:27.207255,0.0,0.0
486,Hukut,2999.0,2026-03-25T21:26:27.343965,0.0,0.0
487,Hukut,2999.0,2026-03-25T21:26:27.491060,0.0,0.0
518,Hukut,5999.0,2026-03-25T21:26:27.644937,0.0,0.0
96,Hukut,16999.0,2026-03-25T21:26:27.790273,0.0,0.0
130,Hukut,23000.0,2026-03-25T21:26:27.920302,0.0,0.0
78,Hukut,24998.0,2026-03-25T21:26:28.055794,0.0,0.0
845,Daraz,24999.0,2026-03-25T21:26:28.209458,0.0,0.0
139,Hukut,29999.0,2026-03-25T21:26:28.353882,0.0,0.0
846,Daraz,29999.0,2026-03-25T21:26:28.496503,0.0,0.0
151,Hukut,39999.0,2026-03-25T21:26:28.632494,0.0,0.0
847,Daraz,39999.0,2026-03-25T21:26:28.811578,0.0,0.0
848,Daraz,46999.0,2026-03-25T21:26:28.953746,0.0,0.0
164,Hukut,49999.0,2026-03-25T21:26:29.102226,0.0,0.0
849,Daraz,49999.0,2026-03-25T21:26:29.263232,0.0,0.0
850,Daraz,56999.0,2026-03-25T21:26:29.428834,0.0,0.0
521,Hukut,59999.0,2026-03-25T21:26:29.567877,0.0,0.0
851,Daraz,59999.0,2026-03-25T21:26:29.748979,0.0,0.0
852,Daraz,66999.0,2026-03-25T21:26:29.918644,0.0,0.0
785,Daraz,249.0,2026-03-25T21:26:30.042281,0.0,0.0
96,Hukut,16999.0,2026-03-25T21:26:30.167855,0.0,0.0
130,Hukut,23000.0,2026-03-25T21:26:30.279109,0.0,0.0
78,Hukut,24998.0,2026-03-25T21:26:30.450441,0.0,0.0
845,Daraz,24999.0,2026-03-25T21:26:30.556351,0.0,0.0
139,Hukut,29999.0,2026-03-25T21:26:30.700397,0.0,0.0
846,Daraz,29999.0,2026-03-25T21:26:30.884371,0.0,0.0
151,Hukut,39999.0,2026-03-25T21:26:31.088027,0.0,0.0
847,Daraz,39999.0,2026-03-25T21:26:31.254323,0.0,0.0
848,Daraz,46999.0,2026-03-25T21:26:31.421682,0.0,0.0
164,Hukut,49999.0,2026-03-25T21:26:31.511046,0.0,0.0
849,Daraz,49999.0,2026-03-25T21:26:31.668070,0.0,0.0
850,Daraz,56999.0,2026-03-25T21:26:31.831359,0.0,0.0
521,Hukut,59999.0,2026-03-25T21:26:32.018351,0.0,0.0
851,Daraz,59999.0,2026-03-25T21:26:32.211449,0.0,0.0
852,Daraz,66999.0,2026-03-25T21:26:32.376759,0.0,0.0
794,Daraz,1100.0,2026-03-25T21:26:32.528719,0.0,0.0
853,Daraz,1550.0,2026-03-25T21:26:32.639544,-153450.0,-99.0
854,Daraz,2450.0,2026-03-25T21:26:32.809532,0.0,0.0
177,Daraz,3900.0,2026-03-25T21:26:32.931144,0.0,0.0
855,Hukut,25000.0,2026-03-25T21:26:33.090398,0.0,0.0
856,Hukut,29999.0,2026-03-25T21:26:33.261617,0.0,0.0
857,Hukut,30000.0,2026-03-25T21:26:33.466295,2001.0,7.146683810136076
858,Hukut,45000.0,2026-03-25T21:26:33.625209,6001.0,15.387574040360008
859,Hukut,45272.0,2026-03-25T21:26:33.809455,0.0,0.0
6,Daraz,47510.0,2026-03-25T21:26:33.990512,0.0,0.0
184,Daraz,65990.0,2026-03-25T21:26:34.166345,0.0,0.0
860,Hukut,68543.0,2026-03-25T21:26:34.324631,8544.0,14.240237337288955
188,Daraz,70990.0,2026-03-25T21:26:34.519699,0.0,0.0
861,Daraz,74890.0,2026-03-25T21:26:34.683583,-10.0,-0.01335113484646195
862,Daraz,94050.0,2026-03-25T21:26:34.856469,0.0,0.0
863,Hukut,98000.0,2026-03-25T21:26:35.033587,0.0,0.0
864,Daraz,134000.0,2026-03-25T21:26:35.215751,0.0,0.0
865,Hukut,175999.0,2026-03-25T21:26:35.401583,41000.0,30.370595337743246
866,Daraz,700.0,2026-03-25T21:26:35.600428,0.0,0.0
111,Daraz,3971.0,2026-03-25T21:26:35.779876,0.0,0.0
867,Daraz,10999.0,2026-03-25T21:26:35.929399,0.0,0.0
593,Daraz,16999.0,2026-03-25T21:26:36.104737,0.0,0.0
122,Daraz,19999.0,2026-03-25T21:26:36.258758,0.0,0.0
868,Daraz,115.0,2026-03-25T21:26:36.387026,0.0,0.0
869,Daraz,138.0,2026-03-25T21:26:36.534473,0.0,0.0
870,Daraz,189.0,2026-03-25T21:26:36.681572,0.0,0.0
871,Daraz,899.0,2026-03-25T21:26:36.887873,0.0,0.0
872,Daraz,929.0,2026-03-25T21:26:37.078141,0.0,0.0
873,Daraz,999.0,2026-03-25T21:26:37.182469,0.0,0.0
874,Daraz,1041.0,2026-03-25T21:26:37.363184,0.0,0.0
875,Daraz,1041.0,2026-03-25T21:26:37.545665,0.0,0.0
876,Daraz,1141.0,2026-03-25T21:26:37.717396,0.0,0.0
61,Hukut,2499.0,2026-03-25T21:26:37.903297,0.0,0.0
62,Hukut,2500.0,2026-03-25T21:26:38.092271,0.0,0.0
877,Hukut,2999.0,2026-03-25T21:26:38.258583,0.0,0.0
64,Hukut,3000.0,2026-03-25T21:26:38.390822,0.0,0.0
65,Hukut,3500.0,2026-03-25T21:26:38.551925,0.0,0.0
878,Daraz,3536.0,2026-03-25T21:26:38.735056,0.0,0.0
381,Hukut,3999.0,2026-03-25T21:26:38.898563,0.0,0.0
879,Hukut,4499.0,2026-03-25T21:26:39.012733,0.0,0.0
66,Hukut,5000.0,2026-03-25T21:26:39.186605,0.0,0.0
880,Hukut,5000.0,2026-03-25T21:26:39.352293,0.0,0.0
881,Hukut,7499.0,2026-03-25T21:26:39.476172,0.0,0.0
866,Daraz,700.0,2026-03-25T21:26:39.623117,0.0,0.0
818,Daraz,1299.0,2026-03-25T21:26:39.748997,0.0,0.0
111,Daraz,3971.0,2026-03-25T21:26:39.909918,0.0,0.0
882,Daraz,5044.0,2026-03-25T21:26:40.033296,0.0,0.0
88,Daraz,5999.0,2026-03-25T21:26:40.182854,0.0,0.0
867,Daraz,10999.0,2026-03-25T21:26:40.336736,0.0,0.0
593,Daraz,16999.0,2026-03-25T21:26:40.499737,0.0,0.0
122,Daraz,19999.0,2026-03-25T21:26:40.669434,0.0,0.0
30,Hukut,36299.0,2026-03-25T21:26:40.845287,0.0,0.0
883,Hukut,38999.0,2026-03-25T21:26:41.013617,0.0,0.0
32,Hukut,38999.0,2026-03-25T21:26:41.151436,0.0,0.0
884,Hukut,46999.0,2026-03-25T21:26:41.326162,0.0,0.0
885,Hukut,53999.0,2026-03-25T21:26:41.496269,0.0,0.0
886,Hukut,55999.0,2026-03-25T21:26:41.682346,0.0,0.0
887,Hukut,61999.0,2026-03-25T21:26:41.872945,0.0,0.0
888,Hukut,69999.0,2026-03-25T21:26:42.060009,0.0,0.0
889,Hukut,99999.0,2026-03-25T21:26:42.206012,0.0,0.0
36,Hukut,109899.0,2026-03-25T21:26:42.354615,-13100.0,-10.650493093439783
890,Daraz,109899.0,2026-03-25T21:26:42.558299,0.0,0.0
26,Daraz,128099.0,2026-03-25T21:26:42.737719,0.0,0.0
891,Daraz,1030.0,2026-03-25T21:26:42.868709,-101969.0,-98.99999029116788
796,Daraz,1720.0,2026-03-25T21:26:43.052445,0.0,0.0
892,Daraz,65499.0,2026-03-25T21:26:43.193995,0.0,0.0
893,Daraz,66989.0,2026-03-25T21:26:43.302017,-10.0,-0.014925595904416484
894,Daraz,79000.0,2026-03-25T21:26:43.467109,0.0,0.0
895,Daraz,92500.0,2026-03-25T21:26:43.589205,0.0,0.0
896,Hukut,95900.0,2026-03-25T21:26:43.680203,0.0,0.0
897,Hukut,122900.0,2026-03-25T21:26:43.879670,0.0,0.0
898,Daraz,123900.0,2026-03-25T21:26:44.099777,0.0,0.0
899,Hukut,125000.0,2026-03-25T21:26:44.262901,0.0,0.0
900,Hukut,129900.0,2026-03-25T21:26:44.435267,0.0,0.0
901,Hukut,129999.0,2026-03-25T21:26:44.553456,34000.0,35.41703559412077
902,Hukut,139900.0,2026-03-25T21:26:44.770027,0.0,0.0
903,Hukut,139900.0,2026-03-25T21:26:44.919830,0.0,0.0
904,Daraz,139900.0,2026-03-25T21:26:45.067820,0.0,0.0
905,Hukut,140000.0,2026-03-25T21:26:45.219616,26001.0,22.80809480784919
906,Hukut,156900.0,2026-03-25T21:26:45.370220,0.0,0.0
907,Daraz,164900.0,2026-03-25T21:26:45.552529,0.0,0.0
908,Daraz,181900.0,2026-03-25T21:26:45.718739,0.0,0.0
909,Hukut,230000.0,2026-03-25T21:26:45.885658,0.0,0.0
583,Daraz,2000.0,2026-03-25T21:26:46.018748,0.0,0.0
584,Daraz,2200.0,2026-03-25T21:26:46.185205,0.0,0.0
7,Hukut,88000.0,2026-03-25T21:26:46.351955,0.0,0.0
803,Hukut,89999.0,2026-03-25T21:26:46.485323,0.0,0.0
804,Hukut,98000.0,2026-03-25T21:26:46.668330,0.0,0.0
805,Hukut,99000.0,2026-03-25T21:26:46.884954,0.0,0.0
806,Daraz,152500.0,2026-03-25T21:26:47.084609,0.0,0.0
794,Daraz,1100.0,2026-03-25T21:26:47.284696,0.0,0.0
853,Daraz,1550.0,2026-03-25T21:26:47.501303,0.0,0.0
854,Daraz,2450.0,2026-03-25T21:26:47.650483,0.0,0.0
177,Daraz,3900.0,2026-03-25T21:26:47.851745,0.0,0.0
855,Hukut,25000.0,2026-03-25T21:26:47.983869,0.0,0.0
856,Hukut,29999.0,2026-03-25T21:26:48.133753,0.0,0.0
857,Hukut,30000.0,2026-03-25T21:26:48.300812,0.0,0.0
858,Hukut,45000.0,2026-03-25T21:26:48.483541,0.0,0.0
859,Hukut,45272.0,2026-03-25T21:26:48.684312,0.0,0.0
6,Daraz,47510.0,2026-03-25T21:26:48.865973,0.0,0.0
184,Daraz,65990.0,2026-03-25T21:26:49.027729,0.0,0.0
860,Hukut,68543.0,2026-03-25T21:26:49.193134,0.0,0.0
188,Daraz,70990.0,2026-03-25T21:26:49.367995,0.0,0.0
861,Daraz,74890.0,2026-03-25T21:26:49.562122,0.0,0.0
862,Daraz,94050.0,2026-03-25T21:26:49.708661,0.0,0.0
863,Hukut,98000.0,2026-03-25T21:26:49.858378,0.0,0.0
864,Daraz,134000.0,2026-03-25T21:26:50.013307,0.0,0.0
865,Hukut,175999.0,2026-03-25T21:26:50.173653,0.0,0.0
910,Daraz,69.0,2026-03-25T21:26:50.371511,0.0,0.0
911,Daraz,70.0,2026-03-25T21:26:50.532322,0.0,0.0
912,Daraz,2499.0,2026-03-25T21:26:50.713644,-3489.0,-58.26653306613226
912,Daraz,2499.0,2026-03-25T21:26:50.888593,0.0,0.0
913,Daraz,2599.0,2026-03-25T21:26:51.078351,0.0,0.0
914,Daraz,5700.0,2026-03-25T21:26:51.199030,0.0,0.0
915,Daraz,5950.0,2026-03-25T21:26:51.349340,0.0,0.0
912,Daraz,5988.0,2026-03-25T21:26:51.542873,3489.0,139.61584633853542
916,Hukut,6000.0,2026-03-25T21:26:51.705296,0.0,0.0
917,Daraz,12999.0,2026-03-25T21:26:51.846713,0.0,0.0
917,Daraz,12999.0,2026-03-25T21:26:51.993097,0.0,0.0
918,Daraz,250.0,2026-03-25T21:26:52.161282,0.0,0.0
919,Daraz,280.0,2026-03-25T21:26:52.279735,0.0,0.0
920,Daraz,390.0,2026-03-25T21:26:52.458749,0.0,0.0
920,Daraz,390.0,2026-03-25T21:26:52.614156,0.0,0.0
921,Daraz,473.0,2026-03-25T21:26:52.739953,0.0,0.0
922,Daraz,587.0,2026-03-25T21:26:52.930522,0.0,0.0
923,Daraz,689.0,2026-03-25T21:26:53.116879,0.0,0.0
924,Daraz,850.0,2026-03-25T21:26:53.273290,0.0,0.0
925,Daraz,1000.0,2026-03-25T21:26:53.370908,0.0,0.0
926,Daraz,1600.0,2026-03-25T21:26:53.563287,0.0,0.0
583,Daraz,2000.0,2026-03-25T21:26:53.712036,0.0,0.0
584,Daraz,2200.0,2026-03-25T21:26:53.919228,0.0,0.0
7,Hukut,88000.0,2026-03-25T21:26:54.097938,0.0,0.0
803,Hukut,89999.0,2026-03-25T21:26:54.207697,0.0,0.0
804,Hukut,98000.0,2026-03-25T21:26:54.390915,0.0,0.0
805,Hukut,99000.0,2026-03-25T21:26:54.513473,0.0,0.0
806,Daraz,152500.0,2026-03-25T21:26:54.679048,0.0,0.0
583,Daraz,2000.0,2026-03-25T21:26:54.882843,0.0,0.0
584,Daraz,2200.0,2026-03-25T21:26:55.030136,0.0,0.0
7,Hukut,88000.0,2026-03-25T21:26:55.188496,0.0,0.0
803,Hukut,89999.0,2026-03-25T21:26:55.294367,0.0,0.0
804,Hukut,98000.0,2026-03-25T21:26:55.450441,0.0,0.0
805,Hukut,99000.0,2026-03-25T21:26:55.609720,0.0,0.0
806,Daraz,152500.0,2026-03-25T21:26:55.746121,0.0,0.0
583,Daraz,40000.0,2026-03-25T21:26:55.945682,38000.0,1900.0
584,Daraz,44000.0,2026-03-25T21:26:56.127477,41800.0,1900.0
7,Hukut,88000.0,2026-03-25T21:26:56.308442,0.0,0.0
803,Hukut,89999.0,2026-03-25T21:26:56.427295,0.0,0.0
804,Hukut,98000.0,2026-03-25T21:26:56.563801,0.0,0.0
805,Hukut,99000.0,2026-03-25T21:26:56.733116,0.0,0.0
806,Daraz,1525008.0,2026-03-25T21:26:56.842474,1372508.0,900.0052459016393
112,Daraz,9999.0,2026-03-25T21:26:57.046558,0.0,0.0
30,Hukut,36299.0,2026-03-25T21:26:57.259169,0.0,0.0
883,Hukut,38999.0,2026-03-25T21:26:57.420289,0.0,0.0
32,Hukut,38999.0,2026-03-25T21:26:57.589532,0.0,0.0
884,Hukut,46999.0,2026-03-25T21:26:57.763004,0.0,0.0
885,Hukut,53999.0,2026-03-25T21:26:57.917574,0.0,0.0
886,Hukut,55999.0,2026-03-25T21:26:58.072091,0.0,0.0
887,Hukut,61999.0,2026-03-25T21:26:58.284766,0.0,0.0
888,Hukut,69999.0,2026-03-25T21:26:58.472144,0.0,0.0
889,Hukut,99999.0,2026-03-25T21:26:58.594507,0.0,0.0
36,Hukut,122999.0,2026-03-25T21:26:58.741236,13100.0,11.92003566911437
818,Daraz,129957.0,2026-03-25T21:26:58.907660,128658.0,9904.387990762125
867,Daraz,1099958.0,2026-03-25T21:26:59.093237,1088959.0,9900.527320665515
927,Daraz,1699948.0,2026-03-25T21:26:59.285823,1682949.0,9900.282369551149
928,Daraz,2199963.0,2026-03-25T21:26:59.476724,2174964.0,8700.204008160326
845,Daraz,2499927.0,2026-03-25T21:26:59.608103,2474928.0,9900.108004320173
929,Daraz,2499948.0,2026-03-25T21:26:59.758709,2474949.0,9900.192007680307
929,Daraz,2499985.0,2026-03-25T21:26:59.899666,37.0,0.0014800307846403206
846,Daraz,2999910.0,2026-03-25T21:27:00.068677,2969911.0,9900.03333444448
88,Daraz,5999137.0,2026-03-25T21:27:00.239770,5993138.0,99902.28371395233
818,Daraz,1299.0,2026-03-25T21:27:00.428257,-128658.0,-99.00043860661604
88,Daraz,5999.0,2026-03-25T21:27:00.606282,-5993138.0,-99.9000022836618
112,Daraz,9999.0,2026-03-25T21:27:00.777994,0.0,0.0
867,Daraz,10999.0,2026-03-25T21:27:00.943202,-1088959.0,-99.00005272928603
92,Hukut,13499.0,2026-03-25T21:27:01.122463,0.0,0.0
93,Hukut,13499.0,2026-03-25T21:27:01.276657,0.0,0.0
96,Hukut,16999.0,2026-03-25T21:27:01.434711,0.0,0.0
927,Daraz,16999.0,2026-03-25T21:27:01.613835,-1682949.0,-99.00002823615782
928,Daraz,21999.0,2026-03-25T21:27:01.793002,-2177964.0,-99.00002863684526
929,Daraz,24999.0,2026-03-25T21:27:01.940295,-2474986.0,-99.000034000204
845,Daraz,24999.0,2026-03-25T21:27:02.102104,-2474928.0,-99.00001080031538
929,Daraz,24999.0,2026-03-25T21:27:02.293912,0.0,0.0
846,Daraz,29999.0,2026-03-25T21:27:02.421499,-2969911.0,-99.00000333343334
818,Daraz,1299.0,2026-03-25T21:27:02.575133,0.0,0.0
88,Daraz,5999.0,2026-03-25T21:27:02.724365,0.0,0.0
112,Daraz,9999.0,2026-03-25T21:27:02.930112,0.0,0.0
867,Daraz,10999.0,2026-03-25T21:27:03.114231,0.0,0.0
927,Daraz,16999.0,2026-03-25T21:27:03.287527,0.0,0.0
928,Daraz,21999.0,2026-03-25T21:27:03.470476,0.0,0.0
929,Daraz,24999.0,2026-03-25T21:27:03.606343,0.0,0.0
845,Daraz,24999.0,2026-03-25T21:27:03.822437,0.0,0.0
929,Daraz,24999.0,2026-03-25T21:27:04.012862,0.0,0.0
846,Daraz,29999.0,2026-03-25T21:27:04.169010,0.0,0.0
30,Hukut,36299.0,2026-03-25T21:27:04.345845,0.0,0.0
883,Hukut,38999.0,2026-03-25T21:27:04.469713,0.0,0.0
32,Hukut,38999.0,2026-03-25T21:27:04.619721,0.0,0.0
884,Hukut,46999.0,2026-03-25T21:27:04.757412,0.0,0.0
885,Hukut,53999.0,2026-03-25T21:27:04.939445,0.0,0.0
886,Hukut,55999.0,2026-03-25T21:27:05.127914,0.0,0.0
887,Hukut,61999.0,2026-03-25T21:27:05.245398,0.0,0.0
888,Hukut,69999.0,2026-03-25T21:27:05.432032,0.0,0.0
889,Hukut,99999.0,2026-03-25T21:27:05.619720,0.0,0.0
36,Hukut,122999.0,2026-03-25T21:27:05.743117,0.0,0.0
930,Daraz,3360.0,2026-03-25T21:27:05.932864,-108640.0,-97.0
593,Daraz,16999.0,2026-03-25T21:27:06.118430,0.0,0.0
30,Hukut,36299.0,2026-03-25T21:27:06.291515,0.0,0.0
883,Hukut,38999.0,2026-03-25T21:27:06.480180,0.0,0.0
32,Hukut,38999.0,2026-03-25T21:27:06.639972,0.0,0.0
931,Daraz,38999.0,2026-03-25T21:27:06.785133,0.0,0.0
884,Hukut,46999.0,2026-03-25T21:27:06.987829,0.0,0.0
885,Hukut,53999.0,2026-03-25T21:27:07.121871,0.0,0.0
932,Daraz,53999.0,2026-03-25T21:27:07.313898,0.0,0.0
886,Hukut,55999.0,2026-03-25T21:27:07.475924,0.0,0.0
933,Daraz,60999.0,2026-03-25T21:27:07.600196,0.0,0.0
887,Hukut,61999.0,2026-03-25T21:27:07.741390,0.0,0.0
934,Daraz,68000.0,2026-03-25T21:27:07.887235,-1999.0,-2.85575508221546
888,Hukut,69999.0,2026-03-25T21:27:08.055152,0.0,0.0
934,Daraz,69999.0,2026-03-25T21:27:08.211214,1999.0,2.939705882352941
935,Hukut,75699.0,2026-03-25T21:27:08.395104,0.0,0.0
889,Hukut,99999.0,2026-03-25T21:27:08.545094,0.0,0.0
930,Daraz,99999.0,2026-03-25T21:27:08.699512,96639.0,2876.1607142857147
936,Daraz,114999.0,2026-03-25T21:27:08.874779,0.0,0.0
29,Daraz,248999.0,2026-03-25T21:27:09.032741,0.0,0.0
593,Daraz,16999.0,2026-03-25T21:27:09.214764,0.0,0.0
30,Hukut,36299.0,2026-03-25T21:27:09.328226,0.0,0.0
883,Hukut,38999.0,2026-03-25T21:27:09.502380,0.0,0.0
32,Hukut,38999.0,2026-03-25T21:27:09.729790,0.0,0.0
931,Daraz,38999.0,2026-03-25T21:27:09.903208,0.0,0.0
884,Hukut,46999.0,2026-03-25T21:27:10.048865,0.0,0.0
885,Hukut,53999.0,2026-03-25T21:27:10.193646,0.0,0.0
932,Daraz,53999.0,2026-03-25T21:27:10.331480,0.0,0.0
886,Hukut,55999.0,2026-03-25T21:27:10.487915,0.0,0.0
933,Daraz,60999.0,2026-03-25T21:27:10.648051,0.0,0.0
887,Hukut,61999.0,2026-03-25T21:27:10.848910,0.0,0.0
934,Daraz,68000.0,2026-03-25T21:27:11.015192,-1999.0,-2.85575508221546
888,Hukut,69999.0,2026-03-25T21:27:11.160242,0.0,0.0
934,Daraz,69999.0,2026-03-25T21:27:11.305156,1999.0,2.939705882352941
935,Hukut,75699.0,2026-03-25T21:27:11.437666,0.0,0.0
889,Hukut,99999.0,2026-03-25T21:27:11.580618,0.0,0.0
930,Daraz,99999.0,2026-03-25T21:27:11.713790,0.0,0.0
930,Daraz,112000.0,2026-03-25T21:27:11.918975,12001.0,12.001120011200111
936,Daraz,114999.0,2026-03-25T21:27:12.097003,0.0,0.0
29,Daraz,248999.0,2026-03-25T21:27:12.299802,0.0,0.0
937,Daraz,21900.0,2026-03-25T21:27:12.442525,0.0,0.0
938,Daraz,24500.0,2026-03-25T21:27:12.556533,0.0,0.0
939,Daraz,24999.0,2026-03-25T21:27:12.716064,0.0,0.0
940,Daraz,25999.0,2026-03-25T21:27:12.835693,0.0,0.0
3,Daraz,37000.0,2026-03-25T21:27:13.008318,35150.0,1900.0
583,Daraz,40000.0,2026-03-25T21:27:13.179885,0.0,0.0
584,Daraz,44000.0,2026-03-25T21:27:13.332740,0.0,0.0
175,Daraz,47966.0,2026-03-25T21:27:13.634050,0.0,0.0
941,Daraz,68000.0,2026-03-25T21:27:13.793922,0.0,0.0
942,Daraz,77000.0,2026-03-25T21:27:13.946523,0.0,0.0
7,Hukut,88000.0,2026-03-25T21:27:14.121512,0.0,0.0
943,Hukut,97000.0,2026-03-25T21:27:14.287156,0.0,0.0
944,Hukut,99000.0,2026-03-25T21:27:14.415642,0.0,0.0
805,Hukut,99000.0,2026-03-25T21:27:14.581732,0.0,0.0
945,Hukut,113299.0,2026-03-25T21:27:14.716040,0.0,0.0
946,Hukut,132000.0,2026-03-25T21:27:14.862581,0.0,0.0
947,Hukut,150000.0,2026-03-25T21:27:14.996291,0.0,0.0
948,Hukut,164999.0,2026-03-25T21:27:15.145506,0.0,0.0
949,Hukut,170000.0,2026-03-25T21:27:15.295370,0.0,0.0
256,Daraz,2139.0,2026-03-25T21:27:15.414740,0.0,0.0
258,Daraz,2299.0,2026-03-25T21:27:15.567928,-100.0,-4.168403501458942
259,Daraz,2399.0,2026-03-25T21:27:15.733803,0.0,0.0
258,Daraz,2399.0,2026-03-25T21:27:15.879551,100.0,4.349717268377556
262,Daraz,2699.0,2026-03-25T21:27:16.044579,0.0,0.0
636,Daraz,3000.0,2026-03-25T21:27:16.213293,0.0,0.0
266,Daraz,4199.0,2026-03-25T21:27:16.377536,0.0,0.0
267,Hukut,4500.0,2026-03-25T21:27:16.507269,0.0,0.0
639,Daraz,7950.0,2026-03-25T21:27:16.644838,0.0,0.0
628,Daraz,12041.0,2026-03-25T21:27:16.841580,0.0,0.0
271,Daraz,17000.0,2026-03-25T21:27:16.989856,0.0,0.0
280,Hukut,83499.0,2026-03-25T21:27:17.142500,0.0,0.0
281,Hukut,91000.0,2026-03-25T21:27:17.332688,0.0,0.0
950,Hukut,2400.0,2026-03-25T21:27:17.442479,0.0,0.0
951,Hukut,2719.0,2026-03-25T21:27:17.608759,0.0,0.0
952,Hukut,3000.0,2026-03-25T21:27:17.768431,0.0,0.0
617,Daraz,3149.0,2026-03-25T21:27:17.877980,0.0,0.0
953,Daraz,3999.0,2026-03-25T21:27:17.991294,0.0,0.0
954,Daraz,4725.0,2026-03-25T21:27:18.098565,0.0,0.0
440,Hukut,7000.0,2026-03-25T21:27:18.260326,0.0,0.0
441,Hukut,15000.0,2026-03-25T21:27:18.411913,0.0,0.0
955,Daraz,6407.0,2026-03-25T21:27:18.584770,0.0,0.0
70,Hukut,7000.0,2026-03-25T21:27:18.747118,0.0,0.0
71,Daraz,7196.0,2026-03-25T21:27:18.916610,0.0,0.0
73,Daraz,8999.0,2026-03-25T21:27:19.072106,0.0,0.0
72,Daraz,8999.0,2026-03-25T21:27:19.273989,0.0,0.0
74,Daraz,12999.0,2026-03-25T21:27:19.427344,0.0,0.0
956,Daraz,13500.0,2026-03-25T21:27:19.522021,0.0,0.0
298,Daraz,14499.0,2026-03-25T21:27:19.711740,0.0,0.0
957,Daraz,14999.0,2026-03-25T21:27:19.936295,0.0,0.0
958,Daraz,24999.0,2026-03-25T21:27:20.111841,0.0,0.0
959,Daraz,31999.0,2026-03-25T21:27:20.277074,0.0,0.0
960,Daraz,2050.0,2026-03-25T21:27:20.411072,0.0,0.0
961,Daraz,2419.0,2026-03-25T21:27:20.539239,0.0,0.0
962,Daraz,2499.0,2026-03-25T21:27:20.689421,0.0,0.0
963,Daraz,3299.0,2026-03-25T21:27:20.853416,0.0,0.0
964,Daraz,3699.0,2026-03-25T21:27:21.054305,0.0,0.0
813,Hukut,129000.0,2026-03-25T21:27:21.218832,0.0,0.0
806,Daraz,152500.0,2026-03-25T21:27:21.413055,-1372508.0,-90.0000524587412
814,Hukut,158999.0,2026-03-25T21:27:21.595861,0.0,0.0
218,Hukut,169000.0,2026-03-25T21:27:21.746061,0.0,0.0
815,Hukut,177999.0,2026-03-25T21:27:21.914272,0.0,0.0
816,Daraz,198000.0,2026-03-25T21:27:22.090845,0.0,0.0
817,Hukut,204999.0,2026-03-25T21:27:22.256696,0.0,0.0
819,Hukut,228999.0,2026-03-25T21:27:22.403452,0.0,0.0
237,Hukut,287999.0,2026-03-25T21:27:22.589431,0.0,0.0
820,Daraz,299000.0,2026-03-25T21:27:22.734334,0.0,0.0
821,Hukut,399999.0,2026-03-25T21:27:22.834104,0.0,0.0
822,Hukut,539999.0,2026-03-25T21:27:22.996226,0.0,0.0
965,Daraz,2044.0,2026-03-25T21:27:23.130227,0.0,0.0
962,Daraz,2499.0,2026-03-25T21:27:23.290593,0.0,0.0
966,Daraz,2504.0,2026-03-25T21:27:23.441963,0.0,0.0
967,Daraz,2504.0,2026-03-25T21:27:23.591218,0.0,0.0
968,Daraz,2625.0,2026-03-25T21:27:23.779839,0.0,0.0
963,Daraz,3299.0,2026-03-25T21:27:23.957695,0.0,0.0
969,Daraz,3870.0,2026-03-25T21:27:24.139344,0.0,0.0
970,Daraz,4999.0,2026-03-25T21:27:24.303192,0.0,0.0
826,Hukut,108999.0,2026-03-25T21:27:24.480688,0.0,0.0
813,Hukut,129000.0,2026-03-25T21:27:24.665249,0.0,0.0
806,Daraz,152500.0,2026-03-25T21:27:24.825738,0.0,0.0
814,Hukut,158999.0,2026-03-25T21:27:24.980804,0.0,0.0
218,Hukut,169000.0,2026-03-25T21:27:25.150504,0.0,0.0
815,Hukut,177999.0,2026-03-25T21:27:25.321910,0.0,0.0
816,Daraz,198000.0,2026-03-25T21:27:25.482054,0.0,0.0
817,Hukut,204999.0,2026-03-25T21:27:25.642726,0.0,0.0
960,Daraz,2050.0,2026-03-25T21:27:25.798222,0.0,0.0
961,Daraz,2419.0,2026-03-25T21:27:25.989480,0.0,0.0
962,Daraz,2499.0,2026-03-25T21:27:26.103251,0.0,0.0
963,Daraz,3299.0,2026-03-25T21:27:26.226643,0.0,0.0
964,Daraz,3699.0,2026-03-25T21:27:26.342424,0.0,0.0
813,Hukut,129000.0,2026-03-25T21:27:26.460359,0.0,0.0
806,Daraz,152500.0,2026-03-25T21:27:26.568284,0.0,0.0
814,Hukut,158999.0,2026-03-25T21:27:26.727644,0.0,0.0
218,Hukut,169000.0,2026-03-25T21:27:26.868975,0.0,0.0
815,Hukut,177999.0,2026-03-25T21:27:26.984839,0.0,0.0
816,Daraz,198000.0,2026-03-25T21:27:27.085546,0.0,0.0
817,Hukut,204999.0,2026-03-25T21:27:27.185061,0.0,0.0
819,Hukut,228999.0,2026-03-25T21:27:27.287421,0.0,0.0
237,Hukut,287999.0,2026-03-25T21:27:27.401086,0.0,0.0
820,Daraz,299000.0,2026-03-25T21:27:27.500423,0.0,0.0
821,Hukut,399999.0,2026-03-25T21:27:27.619632,0.0,0.0
822,Hukut,539999.0,2026-03-25T21:27:27.700695,0.0,0.0
813,Hukut,129000.0,2026-03-25T21:27:27.817458,0.0,0.0
806,Daraz,152500.0,2026-03-25T21:27:27.901341,0.0,0.0
814,Hukut,158999.0,2026-03-25T21:27:28.003464,0.0,0.0
218,Hukut,169000.0,2026-03-25T21:27:28.117172,0.0,0.0
815,Hukut,177999.0,2026-03-25T21:27:28.233021,0.0,0.0
816,Daraz,198000.0,2026-03-25T21:27:28.349632,0.0,0.0
817,Hukut,204999.0,2026-03-25T21:27:28.462651,0.0,0.0
819,Hukut,228999.0,2026-03-25T21:27:28.582703,0.0,0.0
237,Hukut,287999.0,2026-03-25T21:27:28.693919,0.0,0.0
820,Daraz,299000.0,2026-03-25T21:27:28.818115,0.0,0.0
821,Hukut,399999.0,2026-03-25T21:27:28.937160,0.0,0.0
822,Hukut,539999.0,2026-03-25T21:27:29.051198,0.0,0.0
178,Daraz,41990.0,2026-03-25T21:27:29.158211,0.0,0.0
185,Hukut,59000.0,2026-03-25T21:27:29.270873,6001.0,11.322855148210344
892,Daraz,65499.0,2026-03-25T21:27:29.341391,0.0,0.0
893,Daraz,66999.0,2026-03-25T21:27:29.457531,10.0,0.014927823971099733
190,Hukut,75000.0,2026-03-25T21:27:29.537318,0.0,0.0
894,Daraz,79000.0,2026-03-25T21:27:29.623665,0.0,0.0
971,Daraz,89900.0,2026-03-25T21:27:29.756741,0.0,0.0
972,Daraz,91990.0,2026-03-25T21:27:29.873380,0.0,0.0
895,Daraz,92500.0,2026-03-25T21:27:29.990142,0.0,0.0
973,Hukut,98000.0,2026-03-25T21:27:30.090183,0.0,0.0
974,Hukut,102000.0,2026-03-25T21:27:30.190284,18002.0,21.43146265387271
891,Daraz,102999.0,2026-03-25T21:27:30.305101,101969.0,9899.902912621359
975,Hukut,105000.0,2026-03-25T21:27:30.410614,0.0,0.0
976,Daraz,107999.0,2026-03-25T21:27:30.524529,0.0,0.0
977,Hukut,123900.0,2026-03-25T21:27:30.646105,0.0,0.0
901,Hukut,129999.0,2026-03-25T21:27:30.739082,0.0,0.0
905,Hukut,140000.0,2026-03-25T21:27:30.851032,0.0,0.0
978,Hukut,145900.0,2026-03-25T21:27:30.953015,0.0,0.0
768,Daraz,146990.0,2026-03-25T21:27:31.058930,0.0,0.0
979,Hukut,181900.0,2026-03-25T21:27:31.157211,0.0,0.0
927,Daraz,16999.0,2026-03-25T21:27:31.275998,0.0,0.0
928,Daraz,21999.0,2026-03-25T21:27:31.379529,0.0,0.0
845,Daraz,24999.0,2026-03-25T21:27:31.463030,0.0,0.0
929,Daraz,24999.0,2026-03-25T21:27:31.576864,0.0,0.0
980,Hukut,27999.0,2026-03-25T21:27:31.694535,0.0,0.0
846,Daraz,29999.0,2026-03-25T21:27:31.795229,0.0,0.0
981,Hukut,31999.0,2026-03-25T21:27:31.897862,0.0,0.0
847,Daraz,39999.0,2026-03-25T21:27:31.998646,0.0,0.0
982,Hukut,40999.0,2026-03-25T21:27:32.114035,0.0,0.0
848,Daraz,46999.0,2026-03-25T21:27:32.220374,0.0,0.0
849,Daraz,49999.0,2026-03-25T21:27:32.313388,0.0,0.0
983,Hukut,50999.0,2026-03-25T21:27:32.425971,0.0,0.0
850,Daraz,56999.0,2026-03-25T21:27:32.516170,0.0,0.0
852,Daraz,66999.0,2026-03-25T21:27:32.616105,0.0,0.0
139,Hukut,29999.0,2026-03-25T21:27:32.717406,0.0,0.0
151,Hukut,39999.0,2026-03-25T21:27:32.835051,0.0,0.0
164,Hukut,49999.0,2026-03-25T21:27:32.959545,0.0,0.0
521,Hukut,59999.0,2026-03-25T21:27:33.062152,0.0,0.0
928,Daraz,21999.0,2026-03-25T21:27:33.165920,0.0,0.0
984,Hukut,24999.0,2026-03-25T21:27:33.261447,0.0,0.0
845,Daraz,24999.0,2026-03-25T21:27:33.391409,0.0,0.0
929,Daraz,24999.0,2026-03-25T21:27:33.527662,0.0,0.0
980,Hukut,27999.0,2026-03-25T21:27:33.633216,0.0,0.0
139,Hukut,29999.0,2026-03-25T21:27:33.738754,0.0,0.0
985,Hukut,29999.0,2026-03-25T21:27:33.842891,0.0,0.0
846,Daraz,29999.0,2026-03-25T21:27:33.961548,0.0,0.0
981,Hukut,31999.0,2026-03-25T21:27:34.048400,0.0,0.0
151,Hukut,39999.0,2026-03-25T21:27:34.167590,0.0,0.0
986,Hukut,39999.0,2026-03-25T21:27:34.268476,0.0,0.0
847,Daraz,39999.0,2026-03-25T21:27:34.385443,0.0,0.0
848,Daraz,46999.0,2026-03-25T21:27:34.484863,0.0,0.0
987,Hukut,47999.0,2026-03-25T21:27:34.567903,0.0,0.0
164,Hukut,49999.0,2026-03-25T21:27:34.681139,0.0,0.0
849,Daraz,49999.0,2026-03-25T21:27:34.784554,0.0,0.0
850,Daraz,56999.0,2026-03-25T21:27:34.920712,0.0,0.0
521,Hukut,59999.0,2026-03-25T21:27:35.031813,0.0,0.0
851,Daraz,59999.0,2026-03-25T21:27:35.138886,0.0,0.0
852,Daraz,66999.0,2026-03-25T21:27:35.247113,0.0,0.0
96,Hukut,16999.0,2026-03-25T21:27:35.367690,0.0,0.0
927,Daraz,16999.0,2026-03-25T21:27:35.480467,0.0,0.0
928,Daraz,21999.0,2026-03-25T21:27:35.579202,0.0,0.0
130,Hukut,23000.0,2026-03-25T21:27:35.681550,0.0,0.0
929,Daraz,24999.0,2026-03-25T21:27:35.796296,0.0,0.0
929,Daraz,24999.0,2026-03-25T21:27:35.916174,0.0,0.0
928,Daraz,24999.0,2026-03-25T21:27:36.031171,3000.0,13.636983499249967
845,Daraz,24999.0,2026-03-25T21:27:36.153665,0.0,0.0
139,Hukut,29999.0,2026-03-25T21:27:36.239429,0.0,0.0
846,Daraz,29999.0,2026-03-25T21:27:36.357933,0.0,0.0
151,Hukut,39999.0,2026-03-25T21:27:36.460748,0.0,0.0
847,Daraz,39999.0,2026-03-25T21:27:36.575548,0.0,0.0
848,Daraz,46999.0,2026-03-25T21:27:36.693616,0.0,0.0
164,Hukut,49999.0,2026-03-25T21:27:36.796062,0.0,0.0
521,Hukut,59999.0,2026-03-25T21:27:36.912102,0.0,0.0
852,Daraz,66999.0,2026-03-25T21:27:37.017039,0.0,0.0
96,Hukut,16999.0,2026-03-25T21:27:37.136150,0.0,0.0
130,Hukut,23000.0,2026-03-25T21:27:37.258355,0.0,0.0
78,Hukut,24998.0,2026-03-25T21:27:37.358071,0.0,0.0
845,Daraz,24999.0,2026-03-25T21:27:37.459691,0.0,0.0
139,Hukut,29999.0,2026-03-25T21:27:37.576294,0.0,0.0
151,Hukut,39999.0,2026-03-25T21:27:37.695183,0.0,0.0
164,Hukut,49999.0,2026-03-25T21:27:37.793569,0.0,0.0
521,Hukut,59999.0,2026-03-25T21:27:37.910528,0.0,0.0
927,Daraz,16999.0,2026-03-25T21:27:38.043045,0.0,0.0
928,Daraz,21999.0,2026-03-25T21:27:38.152624,-3000.0,-12.000480019200769
845,Daraz,24999.0,2026-03-25T21:27:38.270781,0.0,0.0
929,Daraz,24999.0,2026-03-25T21:27:38.355956,0.0,0.0
980,Hukut,27999.0,2026-03-25T21:27:38.475193,0.0,0.0
846,Daraz,29999.0,2026-03-25T21:27:38.577248,0.0,0.0
981,Hukut,31999.0,2026-03-25T21:27:38.696436,0.0,0.0
847,Daraz,39999.0,2026-03-25T21:27:38.798104,0.0,0.0
982,Hukut,40999.0,2026-03-25T21:27:38.899274,0.0,0.0
848,Daraz,46999.0,2026-03-25T21:27:39.015779,0.0,0.0
849,Daraz,49999.0,2026-03-25T21:27:39.118424,0.0,0.0
983,Hukut,50999.0,2026-03-25T21:27:39.237538,0.0,0.0
850,Daraz,56999.0,2026-03-25T21:27:39.372686,0.0,0.0
852,Daraz,66999.0,2026-03-25T21:27:39.475865,0.0,0.0
96,Hukut,16999.0,2026-03-25T21:27:39.611295,0.0,0.0
927,Daraz,16999.0,2026-03-25T21:27:39.729395,0.0,0.0
928,Daraz,21999.0,2026-03-25T21:27:39.838512,0.0,0.0
130,Hukut,23000.0,2026-03-25T21:27:39.954617,0.0,0.0
929,Daraz,24999.0,2026-03-25T21:27:40.058074,0.0,0.0
929,Daraz,24999.0,2026-03-25T21:27:40.186920,0.0,0.0
928,Daraz,24999.0,2026-03-25T21:27:40.280302,3000.0,13.636983499249967
845,Daraz,24999.0,2026-03-25T21:27:40.393145,0.0,0.0
139,Hukut,29999.0,2026-03-25T21:27:40.495446,0.0,0.0
846,Daraz,29999.0,2026-03-25T21:27:40.622019,0.0,0.0
151,Hukut,39999.0,2026-03-25T21:27:40.717005,0.0,0.0
847,Daraz,39999.0,2026-03-25T21:27:40.845414,0.0,0.0
848,Daraz,46999.0,2026-03-25T21:27:40.960436,0.0,0.0
164,Hukut,49999.0,2026-03-25T21:27:41.079248,0.0,0.0
521,Hukut,59999.0,2026-03-25T21:27:41.166103,0.0,0.0
852,Daraz,66999.0,2026-03-25T21:27:41.280886,0.0,0.0
178,Daraz,41990.0,2026-03-25T21:27:41.399948,0.0,0.0
988,Hukut,55000.0,2026-03-25T21:27:41.528004,0.0,0.0
185,Hukut,59000.0,2026-03-25T21:27:41.643687,0.0,0.0
892,Daraz,65499.0,2026-03-25T21:27:41.781081,0.0,0.0
893,Daraz,66999.0,2026-03-25T21:27:41.889060,0.0,0.0
989,Hukut,73000.0,2026-03-25T21:27:42.001205,6001.0,8.956850102240333
990,Hukut,75000.0,2026-03-25T21:27:42.102151,7001.0,10.295739643230048
894,Daraz,79000.0,2026-03-25T21:27:42.207745,0.0,0.0
991,Hukut,85000.0,2026-03-25T21:27:42.321641,10001.0,13.33484446459286
971,Daraz,89900.0,2026-03-25T21:27:42.425829,0.0,0.0
972,Daraz,91990.0,2026-03-25T21:27:42.538826,0.0,0.0
895,Daraz,92500.0,2026-03-25T21:27:42.657654,0.0,0.0
974,Hukut,102000.0,2026-03-25T21:27:42.773718,0.0,0.0
891,Daraz,102999.0,2026-03-25T21:27:42.876838,0.0,0.0
976,Daraz,107999.0,2026-03-25T21:27:43.005154,0.0,0.0
992,Hukut,120000.0,2026-03-25T21:27:43.112905,0.0,0.0
905,Hukut,120000.0,2026-03-25T21:27:43.216503,-20000.0,-14.285714285714285
901,Hukut,129999.0,2026-03-25T21:27:43.327517,0.0,0.0
905,Hukut,140000.0,2026-03-25T21:27:43.418328,20000.0,16.666666666666664
908,Daraz,181900.0,2026-03-25T21:27:43.535509,0.0,0.0
185,Hukut,6001.0,2026-03-25T21:27:43.621798,-52999.0,-89.82881355932203
905,Hukut,6001.0,2026-03-25T21:27:43.714742,-133999.0,-95.71357142857143
989,Hukut,6001.0,2026-03-25T21:27:43.825563,-66999.0,-91.77945205479452
990,Hukut,7001.0,2026-03-25T21:27:43.930361,-67999.0,-90.66533333333334
991,Hukut,10001.0,2026-03-25T21:27:44.042295,-74999.0,-88.23411764705882
974,Hukut,18002.0,2026-03-25T21:27:44.158794,-83998.0,-82.35098039215686
905,Hukut,26001.0,2026-03-25T21:27:44.291360,20000.0,333.27778703549404
901,Hukut,34000.0,2026-03-25T21:27:44.417398,-95999.0,-73.84595266117432
178,Daraz,41990.0,2026-03-25T21:27:44.528433,0.0,0.0
988,Hukut,55000.0,2026-03-25T21:27:44.626174,0.0,0.0
892,Daraz,65499.0,2026-03-25T21:27:44.742050,0.0,0.0
893,Daraz,66999.0,2026-03-25T21:27:44.843248,0.0,0.0
894,Daraz,79000.0,2026-03-25T21:27:44.931488,0.0,0.0
971,Daraz,89900.0,2026-03-25T21:27:45.050260,0.0,0.0
972,Daraz,91990.0,2026-03-25T21:27:45.149205,0.0,0.0
895,Daraz,92500.0,2026-03-25T21:27:45.281476,0.0,0.0
891,Daraz,102999.0,2026-03-25T21:27:45.384056,0.0,0.0
976,Daraz,107999.0,2026-03-25T21:27:45.501170,0.0,0.0
992,Hukut,120000.0,2026-03-25T21:27:45.589658,0.0,0.0
768,Daraz,146990.0,2026-03-25T21:27:45.707343,0.0,0.0
178,Daraz,41990.0,2026-03-25T21:27:45.838242,0.0,0.0
185,Hukut,52999.0,2026-03-25T21:27:45.958212,46998.0,783.1694717547076
988,Hukut,55000.0,2026-03-25T21:27:46.043808,0.0,0.0
892,Daraz,65499.0,2026-03-25T21:27:46.143673,0.0,0.0
989,Hukut,66999.0,2026-03-25T21:27:46.262564,60998.0,1016.4639226795534
893,Daraz,66999.0,2026-03-25T21:27:46.380255,0.0,0.0
990,Hukut,67999.0,2026-03-25T21:27:46.494674,60998.0,871.2755320668476
991,Hukut,74999.0,2026-03-25T21:27:46.608609,64998.0,649.9150084991501
894,Daraz,79000.0,2026-03-25T21:27:46.715366,0.0,0.0
974,Hukut,83998.0,2026-03-25T21:27:46.834395,65996.0,366.60371069881126
971,Daraz,89900.0,2026-03-25T21:27:46.948870,0.0,0.0
972,Daraz,91990.0,2026-03-25T21:27:47.066722,0.0,0.0
895,Daraz,92500.0,2026-03-25T21:27:47.154285,0.0,0.0
901,Hukut,95999.0,2026-03-25T21:27:47.272293,61999.0,182.35
891,Daraz,102999.0,2026-03-25T21:27:47.390560,0.0,0.0
976,Daraz,107999.0,2026-03-25T21:27:47.504999,0.0,0.0
905,Hukut,113999.0,2026-03-25T21:27:47.631107,87998.0,338.44082919887694
905,Hukut,113999.0,2026-03-25T21:27:47.748684,0.0,0.0
992,Hukut,120000.0,2026-03-25T21:27:47.849589,0.0,0.0
768,Daraz,146990.0,2026-03-25T21:27:47.966286,0.0,0.0
857,Hukut,27999.0,2026-03-25T21:27:48.087032,-2001.0,-6.67
858,Hukut,38999.0,2026-03-25T21:27:48.189995,-6001.0,-13.335555555555556
860,Hukut,59999.0,2026-03-25T21:27:48.305130,-8544.0,-12.46516785083816
184,Daraz,65990.0,2026-03-25T21:27:48.416653,0.0,0.0
861,Daraz,74900.0,2026-03-25T21:27:48.524088,10.0,0.013352917612498332
993,Daraz,75999.0,2026-03-25T21:27:48.627818,0.0,0.0
794,Daraz,109999.0,2026-03-25T21:27:48.730956,108899.0,9899.909090909092
994,Hukut,123999.0,2026-03-25T21:27:48.857764,0.0,0.0
242,Daraz,126000.0,2026-03-25T21:27:48.978552,0.0,0.0
995,Hukut,132999.0,2026-03-25T21:27:49.066093,0.0,0.0
864,Daraz,134000.0,2026-03-25T21:27:49.184761,0.0,0.0
996,Daraz,134000.0,2026-03-25T21:27:49.305630,0.0,0.0
865,Hukut,134999.0,2026-03-25T21:27:49.411576,-41000.0,-23.295586906743786
997,Daraz,135990.0,2026-03-25T21:27:49.526392,0.0,0.0
853,Daraz,155000.0,2026-03-25T21:27:49.634161,153450.0,9900.0
998,Hukut,161999.0,2026-03-25T21:27:49.751205,0.0,0.0
999,Daraz,172000.0,2026-03-25T21:27:49.868935,0.0,0.0
1000,Hukut,175999.0,2026-03-25T21:27:49.988736,0.0,0.0
1001,Hukut,179999.0,2026-03-25T21:27:50.108679,0.0,0.0
1002,Hukut,219999.0,2026-03-25T21:27:50.198871,0.0,0.0
777,Daraz,131.0,2026-03-25T21:27:50.341350,0.0,0.0
778,Daraz,166.0,2026-03-25T21:27:50.442394,0.0,0.0
779,Daraz,186.0,2026-03-25T21:27:50.552008,0.0,0.0
780,Daraz,186.0,2026-03-25T21:27:50.652204,0.0,0.0
781,Daraz,211.0,2026-03-25T21:27:50.768705,0.0,0.0
782,Daraz,211.0,2026-03-25T21:27:50.882944,0.0,0.0
783,Daraz,223.0,2026-03-25T21:27:51.002776,0.0,0.0
784,Daraz,225.0,2026-03-25T21:27:51.115594,0.0,0.0
785,Daraz,249.0,2026-03-25T21:27:51.217099,0.0,0.0
786,Daraz,249.0,2026-03-25T21:27:51.316402,0.0,0.0
787,Daraz,249.0,2026-03-25T21:27:51.416822,0.0,0.0
788,Daraz,249.0,2026-03-25T21:27:51.537604,0.0,0.0
789,Daraz,259.0,2026-03-25T21:27:51.654942,0.0,0.0
790,Daraz,275.0,2026-03-25T21:27:51.807356,0.0,0.0
791,Daraz,275.0,2026-03-25T21:27:51.991776,0.0,0.0
792,Daraz,311.0,2026-03-25T21:27:52.209405,0.0,0.0
793,Daraz,332.0,2026-03-25T21:27:52.348218,0.0,0.0
794,Daraz,1100.0,2026-03-25T21:27:52.484146,-108899.0,-98.99999090900826
795,Daraz,405.0,2026-03-25T21:27:52.650890,0.0,0.0
796,Daraz,1720.0,2026-03-25T21:27:52.812292,0.0,0.0
797,Daraz,450.0,2026-03-25T21:27:52.916182,0.0,0.0
798,Daraz,1755.0,2026-03-25T21:27:53.043360,0.0,0.0
799,Daraz,480.0,2026-03-25T21:27:53.246644,0.0,0.0
3,Daraz,1850.0,2026-03-25T21:27:53.371244,-35150.0,-95.0
800,Daraz,629.0,2026-03-25T21:27:53.520156,0.0,0.0
583,Daraz,2000.0,2026-03-25T21:27:53.654005,-38000.0,-95.0
801,Daraz,749.0,2026-03-25T21:27:53.887088,0.0,0.0
173,Daraz,2149.0,2026-03-25T21:27:54.070075,0.0,0.0
802,Daraz,749.0,2026-03-25T21:27:54.231651,0.0,0.0
584,Daraz,2200.0,2026-03-25T21:27:54.419575,-41800.0,-95.0
7,Hukut,88000.0,2026-03-25T21:27:54.593676,0.0,0.0
803,Hukut,89999.0,2026-03-25T21:27:54.733219,0.0,0.0
804,Hukut,98000.0,2026-03-25T21:27:54.879942,0.0,0.0
805,Hukut,99000.0,2026-03-25T21:27:55.018201,0.0,0.0
806,Daraz,152500.0,2026-03-25T21:27:55.182260,0.0,0.0
807,Daraz,150.0,2026-03-25T21:27:55.318540,0.0,0.0
808,Daraz,189.0,2026-03-25T21:27:55.633067,0.0,0.0
809,Daraz,370.0,2026-03-25T21:27:55.820942,0.0,0.0
810,Daraz,383.0,2026-03-25T21:27:55.981212,-39.0,-9.24170616113744
810,Daraz,422.0,2026-03-25T21:27:56.148742,39.0,10.182767624020887
811,Daraz,818.0,2026-03-25T21:27:56.349603,0.0,0.0
812,Daraz,4467.0,2026-03-25T21:27:56.488186,0.0,0.0
813,Hukut,129000.0,2026-03-25T21:27:56.638167,0.0,0.0
806,Daraz,152500.0,2026-03-25T21:27:56.803818,0.0,0.0
814,Hukut,158999.0,2026-03-25T21:27:56.971024,0.0,0.0
218,Hukut,169000.0,2026-03-25T21:27:57.120189,0.0,0.0
815,Hukut,177999.0,2026-03-25T21:27:57.303424,0.0,0.0
816,Daraz,198000.0,2026-03-25T21:27:57.435010,0.0,0.0
817,Hukut,204999.0,2026-03-25T21:27:57.586642,0.0,0.0
819,Hukut,228999.0,2026-03-25T21:27:57.731588,0.0,0.0
237,Hukut,287999.0,2026-03-25T21:27:57.889499,0.0,0.0
820,Daraz,299000.0,2026-03-25T21:27:58.051751,0.0,0.0
821,Hukut,399999.0,2026-03-25T21:27:58.229182,0.0,0.0
822,Hukut,539999.0,2026-03-25T21:27:58.364517,0.0,0.0
823,Daraz,316.0,2026-03-25T21:27:58.566408,0.0,0.0
809,Daraz,370.0,2026-03-25T21:27:58.729130,0.0,0.0
824,Daraz,1052.0,2026-03-25T21:27:58.892817,0.0,0.0
825,Daraz,1999.0,2026-03-25T21:27:59.030550,0.0,0.0
826,Hukut,108999.0,2026-03-25T21:27:59.227502,0.0,0.0
813,Hukut,129000.0,2026-03-25T21:27:59.433182,0.0,0.0
806,Daraz,152500.0,2026-03-25T21:27:59.613957,0.0,0.0
814,Hukut,158999.0,2026-03-25T21:27:59.778209,0.0,0.0
218,Hukut,169000.0,2026-03-25T21:27:59.952650,0.0,0.0
815,Hukut,177999.0,2026-03-25T21:28:00.119074,0.0,0.0
817,Hukut,204999.0,2026-03-25T21:28:00.240506,0.0,0.0
820,Daraz,299000.0,2026-03-25T21:28:00.412836,0.0,0.0
827,Daraz,1555.0,2026-03-25T21:28:00.598605,-144.0,-8.475573866980577
827,Daraz,1678.0,2026-03-25T21:28:00.807574,123.0,7.909967845659165
827,Daraz,1699.0,2026-03-25T21:28:00.991811,21.0,1.2514898688915377
826,Hukut,108999.0,2026-03-25T21:28:01.154330,0.0,0.0
828,Hukut,31499.0,2026-03-25T21:28:01.307194,0.0,0.0
829,Hukut,31500.0,2026-03-25T21:28:01.487629,0.0,0.0
218,Hukut,169000.0,2026-03-25T21:28:01.655699,0.0,0.0
237,Hukut,287999.0,2026-03-25T21:28:01.805165,0.0,0.0
830,Daraz,55.0,2026-03-25T21:28:01.963279,0.0,0.0
831,Daraz,75.0,2026-03-25T21:28:02.143795,0.0,0.0
700,Daraz,103.0,2026-03-25T21:28:02.339425,0.0,0.0
703,Daraz,295.0,2026-03-25T21:28:02.501787,0.0,0.0
832,Daraz,299.0,2026-03-25T21:28:02.681814,0.0,0.0
833,Daraz,300.0,2026-03-25T21:28:02.856707,0.0,0.0
463,Daraz,305.0,2026-03-25T21:28:03.085919,0.0,0.0
834,Daraz,349.0,2026-03-25T21:28:03.208727,0.0,0.0
835,Daraz,849.0,2026-03-25T21:28:03.388376,0.0,0.0
836,Daraz,1196.0,2026-03-25T21:28:03.528928,0.0,0.0
837,Hukut,2499.0,2026-03-25T21:28:03.721619,0.0,0.0
838,Hukut,2499.0,2026-03-25T21:28:03.927462,0.0,0.0
839,Hukut,2799.0,2026-03-25T21:28:04.123647,0.0,0.0
840,Hukut,2999.0,2026-03-25T21:28:04.325484,0.0,0.0
841,Hukut,27000.0,2026-03-25T21:28:04.480799,0.0,0.0
828,Hukut,31499.0,2026-03-25T21:28:04.637600,0.0,0.0
829,Hukut,31500.0,2026-03-25T21:28:04.801698,0.0,0.0
842,Hukut,38499.0,2026-03-25T21:28:04.933157,0.0,0.0
843,Hukut,44500.0,2026-03-25T21:28:05.114996,0.0,0.0
844,Hukut,44500.0,2026-03-25T21:28:05.325206,0.0,0.0
785,Daraz,249.0,2026-03-25T21:28:05.560807,0.0,0.0
795,Daraz,405.0,2026-03-25T21:28:05.752480,0.0,0.0
486,Hukut,2999.0,2026-03-25T21:28:05.924663,0.0,0.0
487,Hukut,2999.0,2026-03-25T21:28:06.054831,0.0,0.0
518,Hukut,5999.0,2026-03-25T21:28:06.243368,0.0,0.0
96,Hukut,16999.0,2026-03-25T21:28:06.430103,0.0,0.0
130,Hukut,23000.0,2026-03-25T21:28:06.633299,0.0,0.0
78,Hukut,24998.0,2026-03-25T21:28:06.825798,0.0,0.0
845,Daraz,24999.0,2026-03-25T21:28:07.013304,0.0,0.0
139,Hukut,29999.0,2026-03-25T21:28:07.210655,0.0,0.0
846,Daraz,29999.0,2026-03-25T21:28:07.356387,0.0,0.0
151,Hukut,39999.0,2026-03-25T21:28:07.516316,0.0,0.0
847,Daraz,39999.0,2026-03-25T21:28:07.721997,0.0,0.0
848,Daraz,46999.0,2026-03-25T21:28:07.908513,0.0,0.0
164,Hukut,49999.0,2026-03-25T21:28:08.078503,0.0,0.0
849,Daraz,49999.0,2026-03-25T21:28:08.237446,0.0,0.0
850,Daraz,56999.0,2026-03-25T21:28:08.442276,0.0,0.0
521,Hukut,59999.0,2026-03-25T21:28:08.606525,0.0,0.0
851,Daraz,59999.0,2026-03-25T21:28:08.825771,0.0,0.0
852,Daraz,66999.0,2026-03-25T21:28:08.969840,0.0,0.0
785,Daraz,249.0,2026-03-25T21:28:09.118447,0.0,0.0
96,Hukut,16999.0,2026-03-25T21:28:09.219342,0.0,0.0
130,Hukut,23000.0,2026-03-25T21:28:09.374322,0.0,0.0
78,Hukut,24998.0,2026-03-25T21:28:09.532603,0.0,0.0
845,Daraz,24999.0,2026-03-25T21:28:09.697963,0.0,0.0
139,Hukut,29999.0,2026-03-25T21:28:09.888237,0.0,0.0
846,Daraz,29999.0,2026-03-25T21:28:10.050070,0.0,0.0
151,Hukut,39999.0,2026-03-25T21:28:10.224655,0.0,0.0
847,Daraz,39999.0,2026-03-25T21:28:10.400186,0.0,0.0
848,Daraz,46999.0,2026-03-25T21:28:10.560179,0.0,0.0
164,Hukut,49999.0,2026-03-25T21:28:10.700165,0.0,0.0
849,Daraz,49999.0,2026-03-25T21:28:10.881081,0.0,0.0
850,Daraz,56999.0,2026-03-25T21:28:11.078703,0.0,0.0
521,Hukut,59999.0,2026-03-25T21:28:11.248141,0.0,0.0
851,Daraz,59999.0,2026-03-25T21:28:11.394919,0.0,0.0
852,Daraz,66999.0,2026-03-25T21:28:11.598102,0.0,0.0
794,Daraz,1100.0,2026-03-25T21:28:11.725084,0.0,0.0
853,Daraz,1550.0,2026-03-25T21:28:11.911160,-153450.0,-99.0
854,Daraz,2450.0,2026-03-25T21:28:12.111986,0.0,0.0
177,Daraz,3900.0,2026-03-25T21:28:12.306174,0.0,0.0
855,Hukut,25000.0,2026-03-25T21:28:12.480545,0.0,0.0
856,Hukut,29999.0,2026-03-25T21:28:12.657190,0.0,0.0
857,Hukut,30000.0,2026-03-25T21:28:12.791197,2001.0,7.146683810136076
858,Hukut,45000.0,2026-03-25T21:28:12.973767,6001.0,15.387574040360008
859,Hukut,45272.0,2026-03-25T21:28:13.153751,0.0,0.0
6,Daraz,47510.0,2026-03-25T21:28:13.309102,0.0,0.0
184,Daraz,65990.0,2026-03-25T21:28:13.463328,0.0,0.0
860,Hukut,68543.0,2026-03-25T21:28:13.653525,8544.0,14.240237337288955
188,Daraz,70990.0,2026-03-25T21:28:13.868705,0.0,0.0
861,Daraz,74890.0,2026-03-25T21:28:14.047177,-10.0,-0.01335113484646195
862,Daraz,94050.0,2026-03-25T21:28:14.230139,0.0,0.0
863,Hukut,98000.0,2026-03-25T21:28:14.419803,0.0,0.0
864,Daraz,134000.0,2026-03-25T21:28:14.607522,0.0,0.0
865,Hukut,175999.0,2026-03-25T21:28:14.784611,41000.0,30.370595337743246
866,Daraz,700.0,2026-03-25T21:28:14.931251,0.0,0.0
111,Daraz,3971.0,2026-03-25T21:28:15.085952,0.0,0.0
867,Daraz,10999.0,2026-03-25T21:28:15.239229,0.0,0.0
593,Daraz,16999.0,2026-03-25T21:28:15.387339,0.0,0.0
122,Daraz,19999.0,2026-03-25T21:28:15.560974,0.0,0.0
868,Daraz,115.0,2026-03-25T21:28:15.716593,0.0,0.0
869,Daraz,138.0,2026-03-25T21:28:15.878911,0.0,0.0
870,Daraz,189.0,2026-03-25T21:28:16.089885,0.0,0.0
871,Daraz,899.0,2026-03-25T21:28:16.243171,0.0,0.0
872,Daraz,929.0,2026-03-25T21:28:16.400886,0.0,0.0
873,Daraz,999.0,2026-03-25T21:28:16.564470,0.0,0.0
874,Daraz,1041.0,2026-03-25T21:28:16.700847,0.0,0.0
875,Daraz,1041.0,2026-03-25T21:28:16.873414,0.0,0.0
876,Daraz,1141.0,2026-03-25T21:28:17.012750,0.0,0.0
61,Hukut,2499.0,2026-03-25T21:28:17.212284,0.0,0.0
62,Hukut,2500.0,2026-03-25T21:28:17.341397,0.0,0.0
877,Hukut,2999.0,2026-03-25T21:28:17.481467,0.0,0.0
64,Hukut,3000.0,2026-03-25T21:28:17.637772,0.0,0.0
65,Hukut,3500.0,2026-03-25T21:28:17.803559,0.0,0.0
878,Daraz,3536.0,2026-03-25T21:28:17.972986,0.0,0.0
381,Hukut,3999.0,2026-03-25T21:28:18.122546,0.0,0.0
879,Hukut,4499.0,2026-03-25T21:28:18.256649,0.0,0.0
66,Hukut,5000.0,2026-03-25T21:28:18.435713,0.0,0.0
880,Hukut,5000.0,2026-03-25T21:28:18.585297,0.0,0.0
881,Hukut,7499.0,2026-03-25T21:28:18.745324,0.0,0.0
866,Daraz,700.0,2026-03-25T21:28:18.895834,0.0,0.0
818,Daraz,1299.0,2026-03-25T21:28:19.019301,0.0,0.0
111,Daraz,3971.0,2026-03-25T21:28:19.184859,0.0,0.0
882,Daraz,5044.0,2026-03-25T21:28:19.352986,0.0,0.0
88,Daraz,5999.0,2026-03-25T21:28:19.516985,0.0,0.0
867,Daraz,10999.0,2026-03-25T21:28:19.682078,0.0,0.0
593,Daraz,16999.0,2026-03-25T21:28:19.882538,0.0,0.0
122,Daraz,19999.0,2026-03-25T21:28:20.052367,0.0,0.0
30,Hukut,36299.0,2026-03-25T21:28:20.243954,0.0,0.0
883,Hukut,38999.0,2026-03-25T21:28:20.420207,0.0,0.0
32,Hukut,38999.0,2026-03-25T21:28:20.590394,0.0,0.0
884,Hukut,46999.0,2026-03-25T21:28:20.726358,0.0,0.0
885,Hukut,53999.0,2026-03-25T21:28:20.868253,0.0,0.0
886,Hukut,55999.0,2026-03-25T21:28:21.006484,0.0,0.0
887,Hukut,61999.0,2026-03-25T21:28:21.145332,0.0,0.0
888,Hukut,69999.0,2026-03-25T21:28:21.302126,0.0,0.0
889,Hukut,99999.0,2026-03-25T21:28:21.477150,0.0,0.0
36,Hukut,109899.0,2026-03-25T21:28:21.673339,-13100.0,-10.650493093439783
890,Daraz,109899.0,2026-03-25T21:28:21.807445,0.0,0.0
26,Daraz,128099.0,2026-03-25T21:28:21.999238,0.0,0.0
891,Daraz,1030.0,2026-03-25T21:28:22.090914,-101969.0,-98.99999029116788
796,Daraz,1720.0,2026-03-25T21:28:22.245969,0.0,0.0
892,Daraz,65499.0,2026-03-25T21:28:22.418445,0.0,0.0
893,Daraz,66989.0,2026-03-25T21:28:22.610523,-10.0,-0.014925595904416484
894,Daraz,79000.0,2026-03-25T21:28:22.787969,0.0,0.0
895,Daraz,92500.0,2026-03-25T21:28:22.943976,0.0,0.0
896,Hukut,95900.0,2026-03-25T21:28:23.087245,0.0,0.0
897,Hukut,122900.0,2026-03-25T21:28:23.267523,0.0,0.0
898,Daraz,123900.0,2026-03-25T21:28:23.481779,0.0,0.0
899,Hukut,125000.0,2026-03-25T21:28:23.669707,0.0,0.0
900,Hukut,129900.0,2026-03-25T21:28:23.841263,0.0,0.0
901,Hukut,129999.0,2026-03-25T21:28:24.024020,34000.0,35.41703559412077
902,Hukut,139900.0,2026-03-25T21:28:24.217454,0.0,0.0
903,Hukut,139900.0,2026-03-25T21:28:24.379171,0.0,0.0
904,Daraz,139900.0,2026-03-25T21:28:24.495844,0.0,0.0
905,Hukut,140000.0,2026-03-25T21:28:24.664503,26001.0,22.80809480784919
906,Hukut,156900.0,2026-03-25T21:28:24.851701,0.0,0.0
907,Daraz,164900.0,2026-03-25T21:28:24.994287,0.0,0.0
908,Daraz,181900.0,2026-03-25T21:28:25.185642,0.0,0.0
909,Hukut,230000.0,2026-03-25T21:28:25.356830,0.0,0.0
583,Daraz,2000.0,2026-03-25T21:28:25.498812,0.0,0.0
584,Daraz,2200.0,2026-03-25T21:28:25.693448,0.0,0.0
7,Hukut,88000.0,2026-03-25T21:28:25.836933,0.0,0.0
803,Hukut,89999.0,2026-03-25T21:28:25.938543,0.0,0.0
804,Hukut,98000.0,2026-03-25T21:28:26.105897,0.0,0.0
805,Hukut,99000.0,2026-03-25T21:28:26.264367,0.0,0.0
806,Daraz,152500.0,2026-03-25T21:28:26.436067,0.0,0.0
794,Daraz,1100.0,2026-03-25T21:28:26.599530,0.0,0.0
853,Daraz,1550.0,2026-03-25T21:28:26.820839,0.0,0.0
854,Daraz,2450.0,2026-03-25T21:28:26.923190,0.0,0.0
177,Daraz,3900.0,2026-03-25T21:28:27.125899,0.0,0.0
855,Hukut,25000.0,2026-03-25T21:28:27.278542,0.0,0.0
856,Hukut,29999.0,2026-03-25T21:28:27.466808,0.0,0.0
857,Hukut,30000.0,2026-03-25T21:28:27.637712,0.0,0.0
858,Hukut,45000.0,2026-03-25T21:28:27.786105,0.0,0.0
859,Hukut,45272.0,2026-03-25T21:28:27.959748,0.0,0.0
6,Daraz,47510.0,2026-03-25T21:28:28.121509,0.0,0.0
184,Daraz,65990.0,2026-03-25T21:28:28.278175,0.0,0.0
860,Hukut,68543.0,2026-03-25T21:28:28.441136,0.0,0.0
188,Daraz,70990.0,2026-03-25T21:28:28.638167,0.0,0.0
861,Daraz,74890.0,2026-03-25T21:28:28.785153,0.0,0.0
862,Daraz,94050.0,2026-03-25T21:28:28.945992,0.0,0.0
863,Hukut,98000.0,2026-03-25T21:28:29.098239,0.0,0.0
864,Daraz,134000.0,2026-03-25T21:28:29.271705,0.0,0.0
865,Hukut,175999.0,2026-03-25T21:28:29.415379,0.0,0.0
910,Daraz,69.0,2026-03-25T21:28:29.591905,0.0,0.0
911,Daraz,70.0,2026-03-25T21:28:29.738488,0.0,0.0
912,Daraz,2499.0,2026-03-25T21:28:29.904513,-3489.0,-58.26653306613226
912,Daraz,2499.0,2026-03-25T21:28:30.116830,0.0,0.0
913,Daraz,2599.0,2026-03-25T21:28:30.276998,0.0,0.0
914,Daraz,5700.0,2026-03-25T21:28:30.448546,0.0,0.0
915,Daraz,5950.0,2026-03-25T21:28:30.603455,0.0,0.0
912,Daraz,5988.0,2026-03-25T21:28:30.801211,3489.0,139.61584633853542
916,Hukut,6000.0,2026-03-25T21:28:30.991147,0.0,0.0
917,Daraz,12999.0,2026-03-25T21:28:31.169134,0.0,0.0
917,Daraz,12999.0,2026-03-25T21:28:31.381215,0.0,0.0
918,Daraz,250.0,2026-03-25T21:28:31.582917,0.0,0.0
919,Daraz,280.0,2026-03-25T21:28:31.731241,0.0,0.0
920,Daraz,390.0,2026-03-25T21:28:31.888172,0.0,0.0
920,Daraz,390.0,2026-03-25T21:28:32.055257,0.0,0.0
921,Daraz,473.0,2026-03-25T21:28:32.221284,0.0,0.0
922,Daraz,587.0,2026-03-25T21:28:32.392065,0.0,0.0
923,Daraz,689.0,2026-03-25T21:28:32.521178,0.0,0.0
924,Daraz,850.0,2026-03-25T21:28:32.705178,0.0,0.0
925,Daraz,1000.0,2026-03-25T21:28:32.871280,0.0,0.0
926,Daraz,1600.0,2026-03-25T21:28:32.970945,0.0,0.0
583,Daraz,2000.0,2026-03-25T21:28:33.173880,0.0,0.0
584,Daraz,2200.0,2026-03-25T21:28:33.386923,0.0,0.0
7,Hukut,88000.0,2026-03-25T21:28:33.503363,0.0,0.0
803,Hukut,89999.0,2026-03-25T21:28:33.607295,0.0,0.0
804,Hukut,98000.0,2026-03-25T21:28:33.770032,0.0,0.0
805,Hukut,99000.0,2026-03-25T21:28:33.936889,0.0,0.0
806,Daraz,152500.0,2026-03-25T21:28:34.089315,0.0,0.0
583,Daraz,2000.0,2026-03-25T21:28:34.336005,0.0,0.0
584,Daraz,2200.0,2026-03-25T21:28:34.486587,0.0,0.0
7,Hukut,88000.0,2026-03-25T21:28:34.686296,0.0,0.0
803,Hukut,89999.0,2026-03-25T21:28:34.786372,0.0,0.0
804,Hukut,98000.0,2026-03-25T21:28:34.985824,0.0,0.0
805,Hukut,99000.0,2026-03-25T21:28:35.133628,0.0,0.0
806,Daraz,152500.0,2026-03-25T21:28:35.265657,0.0,0.0
583,Daraz,40000.0,2026-03-25T21:28:35.387257,38000.0,1900.0
584,Daraz,44000.0,2026-03-25T21:28:35.518513,41800.0,1900.0
7,Hukut,88000.0,2026-03-25T21:28:35.702837,0.0,0.0
803,Hukut,89999.0,2026-03-25T21:28:35.851370,0.0,0.0
804,Hukut,98000.0,2026-03-25T21:28:36.028393,0.0,0.0
805,Hukut,99000.0,2026-03-25T21:28:36.184086,0.0,0.0
806,Daraz,1525008.0,2026-03-25T21:28:36.355829,1372508.0,900.0052459016393
112,Daraz,9999.0,2026-03-25T21:28:36.517956,0.0,0.0
30,Hukut,36299.0,2026-03-25T21:28:36.720688,0.0,0.0
883,Hukut,38999.0,2026-03-25T21:28:36.920688,0.0,0.0
32,Hukut,38999.0,2026-03-25T21:28:37.084956,0.0,0.0
884,Hukut,46999.0,2026-03-25T21:28:37.238098,0.0,0.0
885,Hukut,53999.0,2026-03-25T21:28:37.395947,0.0,0.0
886,Hukut,55999.0,2026-03-25T21:28:37.547771,0.0,0.0
887,Hukut,61999.0,2026-03-25T21:28:37.738699,0.0,0.0
888,Hukut,69999.0,2026-03-25T21:28:37.949481,0.0,0.0
889,Hukut,99999.0,2026-03-25T21:28:38.165714,0.0,0.0
36,Hukut,122999.0,2026-03-25T21:28:38.342321,13100.0,11.92003566911437
818,Daraz,129957.0,2026-03-25T21:28:38.488942,128658.0,9904.387990762125
867,Daraz,1099958.0,2026-03-25T21:28:38.619948,1088959.0,9900.527320665515
927,Daraz,1699948.0,2026-03-25T21:28:38.742561,1682949.0,9900.282369551149
928,Daraz,2199963.0,2026-03-25T21:28:38.904935,2174964.0,8700.204008160326
845,Daraz,2499927.0,2026-03-25T21:28:39.068702,2474928.0,9900.108004320173
929,Daraz,2499948.0,2026-03-25T21:28:39.189300,2474949.0,9900.192007680307
929,Daraz,2499985.0,2026-03-25T21:28:39.364984,37.0,0.0014800307846403206
846,Daraz,2999910.0,2026-03-25T21:28:39.528226,2969911.0,9900.03333444448
88,Daraz,5999137.0,2026-03-25T21:28:39.697051,5993138.0,99902.28371395233
818,Daraz,1299.0,2026-03-25T21:28:39.855759,-128658.0,-99.00043860661604
88,Daraz,5999.0,2026-03-25T21:28:39.998724,-5993138.0,-99.9000022836618
112,Daraz,9999.0,2026-03-25T21:28:40.199966,0.0,0.0
867,Daraz,10999.0,2026-03-25T21:28:40.382952,-1088959.0,-99.00005272928603
92,Hukut,13499.0,2026-03-25T21:28:40.524311,0.0,0.0
93,Hukut,13499.0,2026-03-25T21:28:40.685301,0.0,0.0
96,Hukut,16999.0,2026-03-25T21:28:40.888262,0.0,0.0
927,Daraz,16999.0,2026-03-25T21:28:41.047982,-1682949.0,-99.00002823615782
928,Daraz,21999.0,2026-03-25T21:28:41.224641,-2177964.0,-99.00002863684526
929,Daraz,24999.0,2026-03-25T21:28:41.392005,-2474986.0,-99.000034000204
845,Daraz,24999.0,2026-03-25T21:28:41.556878,-2474928.0,-99.00001080031538
929,Daraz,24999.0,2026-03-25T21:28:41.665290,0.0,0.0
846,Daraz,29999.0,2026-03-25T21:28:41.815269,-2969911.0,-99.00000333343334
818,Daraz,1299.0,2026-03-25T21:28:41.985010,0.0,0.0
88,Daraz,5999.0,2026-03-25T21:28:42.118020,0.0,0.0
112,Daraz,9999.0,2026-03-25T21:28:42.287418,0.0,0.0
867,Daraz,10999.0,2026-03-25T21:28:42.464944,0.0,0.0
927,Daraz,16999.0,2026-03-25T21:28:42.589798,0.0,0.0
928,Daraz,21999.0,2026-03-25T21:28:42.752280,0.0,0.0
929,Daraz,24999.0,2026-03-25T21:28:42.930168,0.0,0.0
845,Daraz,24999.0,2026-03-25T21:28:43.081157,0.0,0.0
929,Daraz,24999.0,2026-03-25T21:28:43.238599,0.0,0.0
846,Daraz,29999.0,2026-03-25T21:28:43.367302,0.0,0.0
30,Hukut,36299.0,2026-03-25T21:28:43.541666,0.0,0.0
883,Hukut,38999.0,2026-03-25T21:28:43.667047,0.0,0.0
32,Hukut,38999.0,2026-03-25T21:28:43.835985,0.0,0.0
884,Hukut,46999.0,2026-03-25T21:28:44.014227,0.0,0.0
885,Hukut,53999.0,2026-03-25T21:28:44.168612,0.0,0.0
886,Hukut,55999.0,2026-03-25T21:28:44.316135,0.0,0.0
887,Hukut,61999.0,2026-03-25T21:28:44.466395,0.0,0.0
888,Hukut,69999.0,2026-03-25T21:28:44.620816,0.0,0.0
889,Hukut,99999.0,2026-03-25T21:28:44.762676,0.0,0.0
36,Hukut,122999.0,2026-03-25T21:28:44.933716,0.0,0.0
930,Daraz,3360.0,2026-03-25T21:28:45.099108,-108640.0,-97.0
593,Daraz,16999.0,2026-03-25T21:28:45.262825,0.0,0.0
30,Hukut,36299.0,2026-03-25T21:28:45.417473,0.0,0.0
883,Hukut,38999.0,2026-03-25T21:28:45.617650,0.0,0.0
32,Hukut,38999.0,2026-03-25T21:28:45.742996,0.0,0.0
931,Daraz,38999.0,2026-03-25T21:28:45.936969,0.0,0.0
884,Hukut,46999.0,2026-03-25T21:28:46.121063,0.0,0.0
885,Hukut,53999.0,2026-03-25T21:28:46.337477,0.0,0.0
932,Daraz,53999.0,2026-03-25T21:28:46.491523,0.0,0.0
886,Hukut,55999.0,2026-03-25T21:28:46.669723,0.0,0.0
933,Daraz,60999.0,2026-03-25T21:28:46.830111,0.0,0.0
887,Hukut,61999.0,2026-03-25T21:28:47.010081,0.0,0.0
934,Daraz,68000.0,2026-03-25T21:28:47.183611,-1999.0,-2.85575508221546
888,Hukut,69999.0,2026-03-25T21:28:47.364074,0.0,0.0
934,Daraz,69999.0,2026-03-25T21:28:47.532006,1999.0,2.939705882352941
935,Hukut,75699.0,2026-03-25T21:28:47.708227,0.0,0.0
889,Hukut,99999.0,2026-03-25T21:28:47.812768,0.0,0.0
930,Daraz,99999.0,2026-03-25T21:28:48.010162,96639.0,2876.1607142857147
936,Daraz,114999.0,2026-03-25T21:28:48.196736,0.0,0.0
29,Daraz,248999.0,2026-03-25T21:28:48.379422,0.0,0.0
593,Daraz,16999.0,2026-03-25T21:28:48.563186,0.0,0.0
30,Hukut,36299.0,2026-03-25T21:28:48.726910,0.0,0.0
883,Hukut,38999.0,2026-03-25T21:28:49.318796,0.0,0.0
32,Hukut,38999.0,2026-03-25T21:28:49.442912,0.0,0.0
931,Daraz,38999.0,2026-03-25T21:28:49.662253,0.0,0.0
884,Hukut,46999.0,2026-03-25T21:28:49.855655,0.0,0.0
885,Hukut,53999.0,2026-03-25T21:28:50.002958,0.0,0.0
932,Daraz,53999.0,2026-03-25T21:28:50.157906,0.0,0.0
886,Hukut,55999.0,2026-03-25T21:28:50.301347,0.0,0.0
933,Daraz,60999.0,2026-03-25T21:28:50.450552,0.0,0.0
887,Hukut,61999.0,2026-03-25T21:28:50.618014,0.0,0.0
934,Daraz,68000.0,2026-03-25T21:28:50.788123,-1999.0,-2.85575508221546
888,Hukut,69999.0,2026-03-25T21:28:50.962490,0.0,0.0
934,Daraz,69999.0,2026-03-25T21:28:51.099898,1999.0,2.939705882352941
935,Hukut,75699.0,2026-03-25T21:28:51.214811,0.0,0.0
889,Hukut,99999.0,2026-03-25T21:28:51.419691,0.0,0.0
930,Daraz,99999.0,2026-03-25T21:28:51.632914,0.0,0.0
930,Daraz,112000.0,2026-03-25T21:28:51.765966,12001.0,12.001120011200111
936,Daraz,114999.0,2026-03-25T21:28:51.904764,0.0,0.0
29,Daraz,248999.0,2026-03-25T21:28:52.059299,0.0,0.0
937,Daraz,21900.0,2026-03-25T21:28:52.270324,0.0,0.0
938,Daraz,24500.0,2026-03-25T21:28:52.415901,0.0,0.0
939,Daraz,24999.0,2026-03-25T21:28:52.555971,0.0,0.0
940,Daraz,25999.0,2026-03-25T21:28:52.727575,0.0,0.0
3,Daraz,37000.0,2026-03-25T21:28:52.853279,35150.0,1900.0
583,Daraz,40000.0,2026-03-25T21:28:53.014054,0.0,0.0
584,Daraz,44000.0,2026-03-25T21:28:53.186326,0.0,0.0
175,Daraz,47966.0,2026-03-25T21:28:53.328714,0.0,0.0
941,Daraz,68000.0,2026-03-25T21:28:53.533459,0.0,0.0
942,Daraz,77000.0,2026-03-25T21:28:53.705559,0.0,0.0
7,Hukut,88000.0,2026-03-25T21:28:53.835544,0.0,0.0
943,Hukut,97000.0,2026-03-25T21:28:53.957940,0.0,0.0
944,Hukut,99000.0,2026-03-25T21:28:54.108179,0.0,0.0
805,Hukut,99000.0,2026-03-25T21:28:54.216082,0.0,0.0
945,Hukut,113299.0,2026-03-25T21:28:54.344093,0.0,0.0
946,Hukut,132000.0,2026-03-25T21:28:54.448227,0.0,0.0
947,Hukut,150000.0,2026-03-25T21:28:54.564387,0.0,0.0
948,Hukut,164999.0,2026-03-25T21:28:54.665635,0.0,0.0
949,Hukut,170000.0,2026-03-25T21:28:54.819663,0.0,0.0
256,Daraz,2139.0,2026-03-25T21:28:54.936608,0.0,0.0
258,Daraz,2299.0,2026-03-25T21:28:55.041664,-100.0,-4.168403501458942
259,Daraz,2399.0,2026-03-25T21:28:55.141470,0.0,0.0
258,Daraz,2399.0,2026-03-25T21:28:55.253748,100.0,4.349717268377556
262,Daraz,2699.0,2026-03-25T21:28:55.370071,0.0,0.0
636,Daraz,3000.0,2026-03-25T21:28:55.485930,0.0,0.0
266,Daraz,4199.0,2026-03-25T21:28:55.589571,0.0,0.0
267,Hukut,4500.0,2026-03-25T21:28:55.698994,0.0,0.0
639,Daraz,7950.0,2026-03-25T21:28:55.816009,0.0,0.0
628,Daraz,12041.0,2026-03-25T21:28:55.932755,0.0,0.0
271,Daraz,17000.0,2026-03-25T21:28:56.041660,0.0,0.0
280,Hukut,83499.0,2026-03-25T21:28:56.149777,0.0,0.0
281,Hukut,91000.0,2026-03-25T21:28:56.254011,0.0,0.0
950,Hukut,2400.0,2026-03-25T21:28:56.373037,0.0,0.0
951,Hukut,2719.0,2026-03-25T21:28:56.476613,0.0,0.0
952,Hukut,3000.0,2026-03-25T21:28:56.577521,0.0,0.0
617,Daraz,3149.0,2026-03-25T21:28:56.684373,0.0,0.0
953,Daraz,3999.0,2026-03-25T21:28:56.799046,0.0,0.0
954,Daraz,4725.0,2026-03-25T21:28:56.918550,0.0,0.0
440,Hukut,7000.0,2026-03-25T21:28:57.047987,0.0,0.0
441,Hukut,15000.0,2026-03-25T21:28:57.162482,0.0,0.0
955,Daraz,6407.0,2026-03-25T21:28:57.283672,0.0,0.0
70,Hukut,7000.0,2026-03-25T21:28:57.380580,0.0,0.0
71,Daraz,7196.0,2026-03-25T21:28:57.498273,0.0,0.0
73,Daraz,8999.0,2026-03-25T21:28:57.631527,0.0,0.0
72,Daraz,8999.0,2026-03-25T21:28:57.749419,0.0,0.0
74,Daraz,12999.0,2026-03-25T21:28:57.873615,0.0,0.0
956,Daraz,13500.0,2026-03-25T21:28:57.982731,0.0,0.0
298,Daraz,14499.0,2026-03-25T21:28:58.084558,0.0,0.0
957,Daraz,14999.0,2026-03-25T21:28:58.196468,0.0,0.0
958,Daraz,24999.0,2026-03-25T21:28:58.302134,0.0,0.0
959,Daraz,31999.0,2026-03-25T21:28:58.402370,0.0,0.0
960,Daraz,2050.0,2026-03-25T21:28:58.539919,0.0,0.0
961,Daraz,2419.0,2026-03-25T21:28:58.653827,0.0,0.0
962,Daraz,2499.0,2026-03-25T21:28:58.772831,0.0,0.0
963,Daraz,3299.0,2026-03-25T21:28:58.905014,0.0,0.0
964,Daraz,3699.0,2026-03-25T21:28:59.008072,0.0,0.0
813,Hukut,129000.0,2026-03-25T21:28:59.127365,0.0,0.0
806,Daraz,152500.0,2026-03-25T21:28:59.259461,-1372508.0,-90.0000524587412
583,Daraz,40000.0,2026-03-26T09:28:15.222511,0.0,0.0
584,Daraz,44000.0,2026-03-26T09:28:15.422745,0.0,0.0
7,Hukut,68499.0,2026-03-26T09:28:15.598383,-19501.0,-22.160227272727273
803,Hukut,73999.0,2026-03-26T09:28:15.734434,-16000.0,-17.777975310836787
805,Hukut,76999.0,2026-03-26T09:28:15.940628,-22001.0,-22.223232323232324
804,Hukut,81999.0,2026-03-26T09:28:16.132941,-16001.0,-16.327551020408162
806,Daraz,152500.0,2026-03-26T09:28:16.320536,0.0,0.0
178,Daraz,41990.0,2026-03-26T09:31:14.437661,0.0,0.0
185,Hukut,52999.0,2026-03-26T09:31:14.611021,0.0,0.0
988,Hukut,55000.0,2026-03-26T09:31:14.729523,0.0,0.0
892,Daraz,65499.0,2026-03-26T09:31:14.897777,0.0,0.0
989,Hukut,66999.0,2026-03-26T09:31:15.064235,0.0,0.0
990,Hukut,67999.0,2026-03-26T09:31:15.225064,0.0,0.0
991,Hukut,74999.0,2026-03-26T09:31:15.402410,0.0,0.0
894,Daraz,79000.0,2026-03-26T09:31:15.750948,0.0,0.0
974,Hukut,83998.0,2026-03-26T09:31:15.913760,0.0,0.0
971,Daraz,89900.0,2026-03-26T09:31:16.090033,0.0,0.0
895,Daraz,92500.0,2026-03-26T09:31:16.273788,0.0,0.0
901,Hukut,95999.0,2026-03-26T09:31:16.441538,-34000.0,-26.15404733882568
891,Daraz,102999.0,2026-03-26T09:31:16.630310,101969.0,9899.902912621359
976,Daraz,107999.0,2026-03-26T09:31:16.802003,0.0,0.0
905,Hukut,113999.0,2026-03-26T09:31:16.972466,-26001.0,-18.572142857142858
905,Hukut,113999.0,2026-03-26T09:31:17.142393,0.0,0.0
992,Hukut,120000.0,2026-03-26T09:31:17.322853,0.0,0.0
907,Daraz,164900.0,2026-03-26T09:31:17.688520,0.0,0.0
185,Hukut,52999.0,2026-03-26T09:31:35.081359,0.0,0.0
30,Hukut,36299.0,2026-03-26T09:32:32.692832,0.0,0.0
883,Hukut,38999.0,2026-03-26T09:32:32.781281,0.0,0.0
32,Hukut,38999.0,2026-03-26T09:32:32.903665,0.0,0.0
884,Hukut,45999.0,2026-03-26T09:32:33.025301,-1000.0,-2.1277048447839313
886,Hukut,55999.0,2026-03-26T09:32:33.132883,0.0,0.0
887,Hukut,61999.0,2026-03-26T09:32:33.236590,0.0,0.0
889,Hukut,99999.0,2026-03-26T09:32:33.586434,0.0,0.0
36,Hukut,122999.0,2026-03-26T09:32:33.695918,0.0,0.0
890,Daraz,122999.0,2026-03-26T09:32:33.802639,13100.0,11.92003566911437
26,Daraz,141499.0,2026-03-26T09:32:34.173632,13400.0,10.460659333796517
29,Daraz,248999.0,2026-03-26T09:32:34.532706,0.0,0.0
19,Daraz,93499.0,2026-03-26T09:33:25.900352,0.0,0.0
775,Hukut,93499.0,2026-03-26T09:34:28.213335,0.0,0.0
19,Daraz,93499.0,2026-03-26T09:34:28.370654,0.0,0.0
20,Daraz,93499.0,2026-03-26T09:34:28.570536,0.0,0.0
1006,Daraz,1250.0,2026-03-26T09:35:14.518706,0.0,0.0
1016,Daraz,39968.0,2026-03-26T09:37:19.143008,0.0,0.0
927,Daraz,16999.0,2026-03-26T09:43:52.739838,0.0,0.0
982,Hukut,40999.0,2026-03-26T09:43:53.136295,0.0,0.0
983,Hukut,49999.0,2026-03-26T09:43:53.574816,-1000.0,-1.9608227612306124
927,Daraz,16999.0,2026-03-26T09:44:40.873179,0.0,0.0
928,Daraz,21999.0,2026-03-26T09:44:41.238706,0.0,0.0
845,Daraz,24999.0,2026-03-26T09:44:41.587752,0.0,0.0
929,Daraz,24999.0,2026-03-26T09:44:41.964724,0.0,0.0
980,Hukut,26999.0,2026-03-26T09:44:42.386615,-1000.0,-3.571556127004536
981,Hukut,29999.0,2026-03-26T09:44:42.803132,-2000.0,-6.250195318603706
846,Daraz,29999.0,2026-03-26T09:44:43.168914,0.0,0.0
847,Daraz,39999.0,2026-03-26T09:44:43.482063,0.0,0.0
982,Hukut,40999.0,2026-03-26T09:44:43.709259,0.0,0.0
848,Daraz,46999.0,2026-03-26T09:44:43.956193,0.0,0.0
983,Hukut,49999.0,2026-03-26T09:44:44.195109,0.0,0.0
849,Daraz,49999.0,2026-03-26T09:44:44.406042,0.0,0.0
850,Daraz,56999.0,2026-03-26T09:44:44.580050,0.0,0.0
852,Daraz,66999.0,2026-03-26T09:44:44.755823,0.0,0.0
845,Daraz,24999.0,2026-03-26T09:47:09.345809,0.0,0.0
845,Daraz,24999.0,2026-03-26T09:56:29.234951,0.0,0.0
980,Hukut,26999.0,2026-03-26T09:56:29.584262,0.0,0.0
981,Hukut,29999.0,2026-03-26T09:56:29.967362,0.0,0.0
982,Hukut,40999.0,2026-03-26T09:56:30.359411,0.0,0.0
983,Hukut,49999.0,2026-03-26T09:56:30.725657,0.0,0.0
139,Hukut,29999.0,2026-03-26T09:57:28.740873,0.0,0.0
846,Daraz,29999.0,2026-03-26T09:57:29.084536,0.0,0.0
151,Hukut,39999.0,2026-03-26T09:57:29.445441,0.0,0.0
847,Daraz,39999.0,2026-03-26T09:57:29.825804,0.0,0.0
848,Daraz,46999.0,2026-03-26T09:57:30.166507,0.0,0.0
164,Hukut,49999.0,2026-03-26T09:57:30.508409,0.0,0.0
849,Daraz,49999.0,2026-03-26T09:57:30.852202,0.0,0.0
850,Daraz,56999.0,2026-03-26T09:57:31.227612,0.0,0.0
521,Hukut,59999.0,2026-03-26T09:57:31.560670,0.0,0.0
851,Daraz,59999.0,2026-03-26T09:57:31.951837,0.0,0.0
852,Daraz,66999.0,2026-03-26T09:57:32.323778,0.0,0.0
139,Hukut,29999.0,2026-03-26T09:57:38.876838,0.0,0.0
19,Daraz,93499.0,2026-03-26T09:58:52.782989,0.0,0.0
20,Daraz,93499.0,2026-03-26T09:58:53.169775,0.0,0.0
36,Hukut,122999.0,2026-03-26T09:58:53.524711,0.0,0.0
890,Daraz,122999.0,2026-03-26T09:58:53.857206,0.0,0.0
23,Daraz,122999.0,2026-03-26T09:58:54.173964,0.0,0.0
1005,Hukut,127799.0,2026-03-26T09:58:54.544768,0.0,0.0
24,Hukut,141499.0,2026-03-26T09:58:54.933266,0.0,0.0
26,Daraz,141499.0,2026-03-26T09:58:55.273246,0.0,0.0
356,Daraz,141499.0,2026-03-26T09:58:55.605799,0.0,0.0
358,Daraz,167999.0,2026-03-26T09:58:55.937124,0.0,0.0
28,Daraz,228999.0,2026-03-26T09:58:56.317802,0.0,0.0
29,Daraz,248999.0,2026-03-26T09:58:56.699624,0.0,0.0
38,Daraz,279999.0,2026-03-26T09:58:57.038345,0.0,0.0
19,Daraz,93499.0,2026-03-26T09:59:14.497822,0.0,0.0
1006,Daraz,1250.0,2026-03-26T10:00:12.458089,0.0,0.0
1009,Daraz,74999.0,2026-03-26T10:00:13.790854,0.0,0.0
775,Hukut,93499.0,2026-03-26T10:00:14.224134,0.0,0.0
19,Daraz,93499.0,2026-03-26T10:00:14.673571,0.0,0.0
20,Daraz,93499.0,2026-03-26T10:00:15.005058,0.0,0.0
1012,Hukut,180190.0,2026-03-26T10:00:15.400848,0.0,0.0
1013,Hukut,191990.0,2026-03-26T10:00:15.805973,0.0,0.0
36,Hukut,122999.0,2026-03-26T10:00:16.166378,0.0,0.0
890,Daraz,122999.0,2026-03-26T10:00:16.547182,0.0,0.0
23,Daraz,122999.0,2026-03-26T10:00:16.930587,0.0,0.0
36,Hukut,122999.0,2026-03-26T10:01:03.818302,0.0,0.0
36,Hukut,122999.0,2026-03-26T10:09:36.371021,0.0,0.0
1018,Daraz,5382.0,2026-03-26T10:18:06.276261,0.0,0.0
36,Hukut,122999.0,2026-03-26T10:31:09.925787,0.0,0.0
890,Daraz,122999.0,2026-03-26T10:31:10.318708,0.0,0.0
23,Daraz,122999.0,2026-03-26T10:31:10.718769,0.0,0.0
456,Hukut,176499.0,2026-03-26T10:31:11.111501,0.0,0.0
457,Hukut,195499.0,2026-03-26T10:31:11.469008,0.0,0.0
458,Hukut,233499.0,2026-03-26T10:31:11.824109,0.0,0.0
1024,Daraz,44561.0,2026-03-26T10:31:59.063436,0.0,0.0
1022,Daraz,14452.0,2026-03-26T10:32:15.532392,0.0,0.0
1019,Daraz,250.0,2026-03-26T10:32:41.765821,0.0,0.0
36,Hukut,122999.0,2026-03-26T10:36:46.458615,0.0,0.0
890,Daraz,122999.0,2026-03-26T10:36:46.806019,0.0,0.0
23,Daraz,122999.0,2026-03-26T10:36:47.191512,0.0,0.0
456,Hukut,176499.0,2026-03-26T10:36:47.551058,0.0,0.0
457,Hukut,195499.0,2026-03-26T10:36:47.928470,0.0,0.0
458,Hukut,233499.0,2026-03-26T10:36:48.271623,0.0,0.0
1019,Daraz,250.0,2026-03-26T10:37:33.395722,0.0,0.0
648,Daraz,259.0,2026-03-26T10:37:33.728762,0.0,0.0
1020,Daraz,344.0,2026-03-26T10:37:34.092230,0.0,0.0
1021,Daraz,1169.0,2026-03-26T10:37:34.478097,0.0,0.0
1022,Daraz,14452.0,2026-03-26T10:37:34.811151,0.0,0.0
1023,Daraz,33565.0,2026-03-26T10:37:35.143987,0.0,0.0
1024,Daraz,44561.0,2026-03-26T10:37:35.543707,0.0,0.0
1025,Daraz,59946.0,2026-03-26T10:37:35.992845,0.0,0.0
1026,Daraz,60058.0,2026-03-26T10:37:36.365005,0.0,0.0
660,Daraz,69040.0,2026-03-26T10:37:36.709087,0.0,0.0
1023,Daraz,33565.0,2026-03-26T10:40:25.137274,0.0,0.0
1034,Daraz,55257.0,2026-03-26T10:47:05.053230,0.0,0.0
36,Hukut,122999.0,2026-03-26T10:57:24.352587,0.0,0.0
890,Daraz,122999.0,2026-03-26T10:57:24.730471,0.0,0.0
23,Daraz,122999.0,2026-03-26T10:57:25.102138,0.0,0.0
456,Hukut,176499.0,2026-03-26T10:57:25.482318,0.0,0.0
457,Hukut,195499.0,2026-03-26T10:57:25.815100,0.0,0.0
458,Hukut,233499.0,2026-03-26T10:57:26.162999,0.0,0.0
36,Hukut,122999.0,2026-03-26T10:57:36.984562,0.0,0.0
1019,Daraz,250.0,2026-03-26T10:58:12.788395,0.0,0.0
648,Daraz,259.0,2026-03-26T10:58:13.209547,0.0,0.0
1023,Daraz,335.0,2026-03-26T10:58:13.589160,-33230.0,-99.00193654103977
1020,Daraz,344.0,2026-03-26T10:58:13.936367,0.0,0.0
1024,Daraz,445.0,2026-03-26T10:58:14.622545,-44116.0,-99.00136891003343
1025,Daraz,599.0,2026-03-26T10:58:15.039680,-59347.0,-99.00076735728823
1026,Daraz,600.0,2026-03-26T10:58:15.395122,-59458.0,-99.00096573312464
660,Daraz,690.0,2026-03-26T10:58:15.741078,-68350.0,-99.00057937427577
1021,Daraz,1169.0,2026-03-26T10:58:16.078377,0.0,0.0
1019,Daraz,250.0,2026-03-26T11:01:10.542128,0.0,0.0
1014,Daraz,399.0,2026-03-26T11:03:00.251362,0.0,0.0
1015,Daraz,840.0,2026-03-26T11:03:00.647022,-83195.0,-99.00041649312786
61,Hukut,2375.0,2026-03-26T11:26:46.020783,-124.0,-4.9619847939175665
1016,Daraz,399.0,2026-03-26T11:27:17.421154,-39569.0,-99.00170136108886
916,Hukut,4499.0,2026-03-26T11:48:02.710901,-1501.0,-25.016666666666666
914,Daraz,5700.0,2026-03-26T11:48:03.063645,0.0,0.0
916,Hukut,4499.0,2026-03-26T11:48:17.435159,0.0,0.0
916,Hukut,4499.0,2026-03-26T11:49:28.608898,0.0,0.0
916,Hukut,4499.0,2026-03-26T11:50:20.197805,0.0,0.0
794,Daraz,1100.0,2026-03-26T13:16:27.845143,0.0,0.0
864,Daraz,134000.0,2026-03-26T13:16:30.316852,0.0,0.0
907,Daraz,164900.0,2026-03-26T13:16:30.965617,0.0,0.0
13,Hukut,17000.0,2026-03-26T13:18:43.506763,0.0,0.0
794,Daraz,1100.0,2026-03-26T13:20:46.194370,0.0,0.0
866,Daraz,700.0,2026-03-26T13:21:56.666015,0.0,0.0
867,Daraz,10999.0,2026-03-26T13:21:57.388343,0.0,0.0
593,Daraz,16999.0,2026-03-26T13:21:57.736805,0.0,0.0
122,Daraz,19999.0,2026-03-26T13:21:58.110730,0.0,0.0
1070,Daraz,550.0,2026-03-26T13:22:12.601225,0.0,0.0
420,Daraz,500.0,2026-03-26T13:24:23.792906,0.0,0.0
436,Daraz,1405.0,2026-03-26T13:24:39.035003,0.0,0.0
258,Daraz,2299.0,2026-03-26T13:26:52.854858,-100.0,-4.168403501458942
259,Daraz,2399.0,2026-03-26T13:26:53.218756,0.0,0.0
258,Daraz,2399.0,2026-03-26T13:26:53.628763,100.0,4.349717268377556
636,Daraz,3000.0,2026-03-26T13:26:53.974382,0.0,0.0
266,Daraz,4199.0,2026-03-26T13:26:54.297364,0.0,0.0
267,Hukut,4500.0,2026-03-26T13:26:54.603290,0.0,0.0
271,Daraz,17000.0,2026-03-26T13:26:54.983497,0.0,0.0
280,Hukut,78999.0,2026-03-26T13:26:55.367009,-4500.0,-5.389286099234721
281,Hukut,88999.0,2026-03-26T13:26:55.702573,-2001.0,-2.1989010989010986
958,Daraz,250.0,2026-03-26T13:28:25.636913,-24749.0,-98.99995999839993
70,Hukut,5500.0,2026-03-26T13:28:26.048960,-1500.0,-21.428571428571427
71,Daraz,7196.0,2026-03-26T13:28:27.048990,0.0,0.0
73,Daraz,8999.0,2026-03-26T13:28:27.414316,0.0,0.0
72,Daraz,8999.0,2026-03-26T13:28:27.805980,0.0,0.0
956,Daraz,13500.0,2026-03-26T13:28:28.779961,0.0,0.0
957,Daraz,14209.0,2026-03-26T13:28:29.179283,-790.0,-5.2670178011867455
958,Daraz,250.0,2026-03-26T13:28:36.034710,0.0,0.0
70,Hukut,5500.0,2026-03-26T13:30:32.845440,0.0,0.0
818,Daraz,1299.0,2026-03-26T13:33:08.186157,0.0,0.0
111,Daraz,3999.0,2026-03-26T13:33:08.595174,28.0,0.7051120624527827
882,Daraz,5148.0,2026-03-26T13:33:08.918655,104.0,2.0618556701030926
88,Daraz,5999.0,2026-03-26T13:33:09.219032,0.0,0.0
867,Daraz,10999.0,2026-03-26T13:33:09.568727,0.0,0.0
593,Daraz,16999.0,2026-03-26T13:33:10.317589,0.0,0.0
122,Daraz,19999.0,2026-03-26T13:33:10.684558,0.0,0.0
30,Hukut,36299.0,2026-03-26T13:33:11.024603,0.0,0.0
883,Hukut,38999.0,2026-03-26T13:33:11.374763,0.0,0.0
32,Hukut,38999.0,2026-03-26T13:33:11.741803,0.0,0.0
884,Hukut,45999.0,2026-03-26T13:33:12.132648,0.0,0.0
885,Hukut,53999.0,2026-03-26T13:33:12.466102,0.0,0.0
886,Hukut,55999.0,2026-03-26T13:33:12.815682,0.0,0.0
887,Hukut,61999.0,2026-03-26T13:33:13.148620,0.0,0.0
888,Hukut,69999.0,2026-03-26T13:33:13.591222,0.0,0.0
775,Hukut,93499.0,2026-03-26T13:33:13.992115,0.0,0.0
889,Hukut,99999.0,2026-03-26T13:33:14.349164,0.0,0.0
890,Daraz,122999.0,2026-03-26T13:33:14.547044,0.0,0.0
794,Daraz,1100.0,2026-03-26T13:36:07.584029,0.0,0.0
1069,Daraz,182000.0,2026-03-26T13:36:17.552976,0.0,0.0
794,Daraz,1100.0,2026-03-26T13:41:30.846907,0.0,0.0
1070,Daraz,550.0,2026-03-26T13:43:32.415004,0.0,0.0
867,Daraz,10999.0,2026-03-26T13:57:33.061645,0.0,0.0
593,Daraz,16999.0,2026-03-26T13:57:33.535273,0.0,0.0
122,Daraz,19999.0,2026-03-26T13:57:33.998496,0.0,0.0
818,Daraz,1299.0,2026-03-26T13:58:01.595034,0.0,0.0
111,Daraz,3999.0,2026-03-26T13:58:01.932695,0.0,0.0
882,Daraz,5148.0,2026-03-26T13:58:02.245267,0.0,0.0
88,Daraz,5999.0,2026-03-26T13:58:02.565857,0.0,0.0
867,Daraz,10999.0,2026-03-26T13:58:02.954032,0.0,0.0
1076,Daraz,11999.0,2026-03-26T13:58:03.292942,0.0,0.0
593,Daraz,16999.0,2026-03-26T13:58:03.630816,0.0,0.0
122,Daraz,19999.0,2026-03-26T13:58:03.994231,0.0,0.0
30,Hukut,36299.0,2026-03-26T13:58:04.332124,0.0,0.0
883,Hukut,38999.0,2026-03-26T13:58:04.672406,0.0,0.0
32,Hukut,38999.0,2026-03-26T13:58:05.034791,0.0,0.0
884,Hukut,45999.0,2026-03-26T13:58:05.365173,0.0,0.0
885,Hukut,53999.0,2026-03-26T13:58:05.702094,0.0,0.0
886,Hukut,55999.0,2026-03-26T13:58:06.029318,0.0,0.0
887,Hukut,61999.0,2026-03-26T13:58:06.396615,0.0,0.0
888,Hukut,69999.0,2026-03-26T13:58:06.727803,0.0,0.0
775,Hukut,93499.0,2026-03-26T13:58:07.064570,0.0,0.0
889,Hukut,99999.0,2026-03-26T13:58:07.414308,0.0,0.0
890,Daraz,122999.0,2026-03-26T13:58:07.763595,0.0,0.0
1077,Daraz,122999.0,2026-03-26T13:58:08.102614,0.0,0.0
867,Daraz,10999.0,2026-03-26T14:21:39.394924,0.0,0.0
593,Daraz,16999.0,2026-03-26T14:21:39.807828,0.0,0.0
122,Daraz,19999.0,2026-03-26T14:21:40.263166,0.0,0.0
13,Hukut,17000.0,2026-03-26T14:21:47.333316,0.0,0.0
1064,Daraz,40500.0,2026-03-26T14:21:47.684914,0.0,0.0
16,Hukut,45000.0,2026-03-26T14:21:48.043374,0.0,0.0
1065,Daraz,56700.0,2026-03-26T14:21:48.416625,0.0,0.0
17,Hukut,57999.0,2026-03-26T14:21:48.773258,0.0,0.0
1066,Daraz,105000.0,2026-03-26T14:21:49.124406,0.0,0.0
794,Daraz,109999.0,2026-03-26T14:21:49.526548,108899.0,9899.909090909092
864,Daraz,134000.0,2026-03-26T14:21:50.239454,0.0,0.0
1067,Daraz,135000.0,2026-03-26T14:21:50.645204,0.0,0.0
907,Daraz,167900.0,2026-03-26T14:21:51.053022,3000.0,1.8192844147968468
1068,Daraz,174900.0,2026-03-26T14:21:51.423027,0.0,0.0
1069,Daraz,182000.0,2026-03-26T14:21:51.767086,0.0,0.0
16,Hukut,45000.0,2026-03-26T14:22:52.084015,0.0,0.0
379,Hukut,2500.0,2026-03-26T14:23:59.312860,0.0,0.0
1064,Daraz,40500.0,2026-03-26T14:29:34.144716,0.0,0.0
1065,Daraz,56700.0,2026-03-26T14:29:34.506070,0.0,0.0
1066,Daraz,105000.0,2026-03-26T14:29:34.900062,0.0,0.0
794,Daraz,109999.0,2026-03-26T14:29:35.286734,0.0,0.0
1078,Daraz,115000.0,2026-03-26T14:29:35.604955,0.0,0.0
864,Daraz,134000.0,2026-03-26T14:29:35.894917,0.0,0.0
1067,Daraz,135000.0,2026-03-26T14:29:36.261426,0.0,0.0
907,Daraz,167900.0,2026-03-26T14:29:36.620150,0.0,0.0
1068,Daraz,174900.0,2026-03-26T14:29:36.956799,0.0,0.0
1069,Daraz,182000.0,2026-03-26T14:29:37.295318,0.0,0.0
1064,Daraz,40500.0,2026-03-26T14:37:54.317562,0.0,0.0
1065,Daraz,56700.0,2026-03-26T14:37:54.602887,0.0,0.0
1066,Daraz,105000.0,2026-03-26T14:37:54.805863,0.0,0.0
794,Daraz,109999.0,2026-03-26T14:37:54.995539,0.0,0.0
1078,Daraz,115000.0,2026-03-26T14:37:55.165903,0.0,0.0
864,Daraz,134000.0,2026-03-26T14:37:55.315854,0.0,0.0
1067,Daraz,135000.0,2026-03-26T14:37:55.509650,0.0,0.0
907,Daraz,167900.0,2026-03-26T14:37:55.687513,0.0,0.0
1068,Daraz,174900.0,2026-03-26T14:37:55.876876,0.0,0.0
1069,Daraz,182000.0,2026-03-26T14:37:56.048561,0.0,0.0
1064,Daraz,40500.0,2026-03-26T14:42:14.529189,0.0,0.0
1065,Daraz,56700.0,2026-03-26T14:42:14.946927,0.0,0.0
1066,Daraz,105000.0,2026-03-26T14:42:15.318976,0.0,0.0
794,Daraz,109999.0,2026-03-26T14:42:15.707698,0.0,0.0
1078,Daraz,115000.0,2026-03-26T14:42:16.067568,0.0,0.0
864,Daraz,134000.0,2026-03-26T14:42:16.365576,0.0,0.0
1067,Daraz,135000.0,2026-03-26T14:42:16.697402,0.0,0.0
907,Daraz,167900.0,2026-03-26T14:42:17.048408,0.0,0.0
1068,Daraz,174900.0,2026-03-26T14:42:17.505646,0.0,0.0
1069,Daraz,182000.0,2026-03-26T14:42:17.835768,0.0,0.0
1064,Daraz,40500.0,2026-03-26T14:43:52.375881,0.0,0.0
1064,Daraz,40500.0,2026-03-26T14:50:12.482564,0.0,0.0
1065,Daraz,56700.0,2026-03-26T14:50:12.662481,0.0,0.0
893,Daraz,66999.0,2026-03-26T14:50:12.812408,10.0,0.014927823971099733
1066,Daraz,105000.0,2026-03-26T14:50:12.922519,0.0,0.0
794,Daraz,109999.0,2026-03-26T14:50:13.072389,0.0,0.0
1067,Daraz,135000.0,2026-03-26T14:50:13.212275,0.0,0.0
907,Daraz,167900.0,2026-03-26T14:50:13.380308,0.0,0.0
1068,Daraz,174900.0,2026-03-26T14:50:13.522642,0.0,0.0
1069,Daraz,182000.0,2026-03-26T14:50:13.662505,0.0,0.0
1064,Daraz,40500.0,2026-03-26T14:54:30.214624,0.0,0.0
1065,Daraz,56700.0,2026-03-26T14:54:30.377870,0.0,0.0
893,Daraz,66999.0,2026-03-26T14:54:30.588132,0.0,0.0
1066,Daraz,105000.0,2026-03-26T14:54:30.724282,0.0,0.0
794,Daraz,109999.0,2026-03-26T14:54:30.913469,0.0,0.0
1067,Daraz,135000.0,2026-03-26T14:54:31.101040,0.0,0.0
907,Daraz,167900.0,2026-03-26T14:54:31.283165,0.0,0.0
1068,Daraz,174900.0,2026-03-26T14:54:31.473002,0.0,0.0
1069,Daraz,182000.0,2026-03-26T14:54:31.692685,0.0,0.0
1064,Daraz,40500.0,2026-03-26T14:56:31.455819,0.0,0.0
1065,Daraz,56700.0,2026-03-26T14:56:31.712434,0.0,0.0
1066,Daraz,105000.0,2026-03-26T14:56:31.872947,0.0,0.0
794,Daraz,109999.0,2026-03-26T14:56:32.058538,0.0,0.0
1067,Daraz,135000.0,2026-03-26T14:56:32.260819,0.0,0.0
907,Daraz,167900.0,2026-03-26T14:56:32.487413,0.0,0.0
1068,Daraz,174900.0,2026-03-26T14:56:32.703940,0.0,0.0
1069,Daraz,182000.0,2026-03-26T14:56:32.869585,0.0,0.0
937,Daraz,21999.0,2026-03-26T14:57:04.189491,99.0,0.452054794520548
938,Daraz,24500.0,2026-03-26T14:57:04.405875,0.0,0.0
939,Daraz,24999.0,2026-03-26T14:57:04.641781,0.0,0.0
940,Daraz,25999.0,2026-03-26T14:57:04.853847,0.0,0.0
3,Daraz,37000.0,2026-03-26T14:57:05.331511,0.0,0.0
583,Daraz,40000.0,2026-03-26T14:57:05.545798,0.0,0.0
175,Daraz,47966.0,2026-03-26T14:57:05.749409,0.0,0.0
173,Daraz,50000.0,2026-03-26T14:57:05.913825,47851.0,2226.6635644485805
7,Hukut,68499.0,2026-03-26T14:57:06.103568,0.0,0.0
805,Hukut,76999.0,2026-03-26T14:57:06.275864,0.0,0.0
946,Hukut,91999.0,2026-03-26T14:57:06.444024,-40001.0,-30.30378787878788
944,Hukut,94000.0,2026-03-26T14:57:06.650941,-5000.0,-5.05050505050505
945,Hukut,97999.0,2026-03-26T14:57:06.843693,-15300.0,-13.504090945198104
7,Hukut,68499.0,2026-03-26T14:57:40.786800,0.0,0.0
916,Hukut,4499.0,2026-03-26T14:58:07.953350,0.0,0.0
914,Daraz,5700.0,2026-03-26T14:58:08.188532,0.0,0.0
916,Hukut,4499.0,2026-03-26T14:58:21.135224,0.0,0.0
1064,Daraz,40500.0,2026-03-26T15:05:07.421803,0.0,0.0
1065,Daraz,56700.0,2026-03-26T15:05:07.602808,0.0,0.0
893,Daraz,66999.0,2026-03-26T15:05:07.778132,0.0,0.0
1066,Daraz,105000.0,2026-03-26T15:05:07.910395,0.0,0.0
794,Daraz,109999.0,2026-03-26T15:05:08.082176,0.0,0.0
1067,Daraz,135000.0,2026-03-26T15:05:08.259948,0.0,0.0
907,Daraz,167900.0,2026-03-26T15:05:08.467740,0.0,0.0
1068,Daraz,174900.0,2026-03-26T15:05:08.650628,0.0,0.0
1069,Daraz,182000.0,2026-03-26T15:05:08.827413,0.0,0.0
818,Daraz,1299.0,2026-03-26T15:05:56.204456,0.0,0.0
111,Daraz,3999.0,2026-03-26T15:05:56.395496,0.0,0.0
882,Daraz,5148.0,2026-03-26T15:05:56.596311,0.0,0.0
88,Daraz,5999.0,2026-03-26T15:05:56.787477,0.0,0.0
1076,Daraz,11999.0,2026-03-26T15:05:56.963780,0.0,0.0
593,Daraz,16999.0,2026-03-26T15:05:57.176905,0.0,0.0
122,Daraz,19999.0,2026-03-26T15:05:57.346227,0.0,0.0
30,Hukut,36299.0,2026-03-26T15:05:57.532449,0.0,0.0
883,Hukut,38999.0,2026-03-26T15:05:57.704200,0.0,0.0
32,Hukut,38999.0,2026-03-26T15:05:57.854272,0.0,0.0
884,Hukut,45999.0,2026-03-26T15:05:58.006733,0.0,0.0
885,Hukut,53999.0,2026-03-26T15:05:58.194120,0.0,0.0
886,Hukut,55999.0,2026-03-26T15:05:58.398686,0.0,0.0
887,Hukut,61999.0,2026-03-26T15:05:58.585530,0.0,0.0
888,Hukut,69999.0,2026-03-26T15:05:58.778353,0.0,0.0
775,Hukut,93499.0,2026-03-26T15:05:58.936422,0.0,0.0
889,Hukut,99999.0,2026-03-26T15:05:59.103868,0.0,0.0
890,Daraz,122999.0,2026-03-26T15:05:59.294685,0.0,0.0
1077,Daraz,122999.0,2026-03-26T15:05:59.497114,0.0,0.0
26,Daraz,141499.0,2026-03-26T15:05:59.688591,0.0,0.0
1064,Daraz,40500.0,2026-03-26T15:11:11.283978,0.0,0.0
1065,Daraz,56700.0,2026-03-26T15:11:11.483859,0.0,0.0
893,Daraz,66999.0,2026-03-26T15:11:11.613953,0.0,0.0
1066,Daraz,105000.0,2026-03-26T15:11:11.746420,0.0,0.0
794,Daraz,109999.0,2026-03-26T15:11:11.936036,0.0,0.0
1067,Daraz,135000.0,2026-03-26T15:11:12.092174,0.0,0.0
907,Daraz,167900.0,2026-03-26T15:11:12.291415,0.0,0.0
1068,Daraz,174900.0,2026-03-26T15:11:12.431796,0.0,0.0
1069,Daraz,182000.0,2026-03-26T15:11:12.607556,0.0,0.0
1064,Daraz,40500.0,2026-03-26T15:14:55.535770,0.0,0.0
1065,Daraz,56700.0,2026-03-26T15:14:55.762698,0.0,0.0
893,Daraz,66999.0,2026-03-26T15:14:55.979048,0.0,0.0
1066,Daraz,105000.0,2026-03-26T15:14:56.220255,0.0,0.0
794,Daraz,109999.0,2026-03-26T15:14:56.489887,0.0,0.0
1067,Daraz,135000.0,2026-03-26T15:14:56.701512,0.0,0.0
907,Daraz,167900.0,2026-03-26T15:14:56.895192,0.0,0.0
1068,Daraz,174900.0,2026-03-26T15:14:57.154338,0.0,0.0
1069,Daraz,182000.0,2026-03-26T15:14:57.400628,0.0,0.0
971,Daraz,89900.0,2026-03-26T15:16:50.999491,0.0,0.0
895,Daraz,92500.0,2026-03-26T15:16:51.142792,0.0,0.0
895,Daraz,92500.0,2026-03-26T15:17:42.995657,0.0,0.0
1064,Daraz,40500.0,2026-03-26T15:21:36.197190,0.0,0.0
1065,Daraz,56700.0,2026-03-26T15:21:36.400963,0.0,0.0
1066,Daraz,105000.0,2026-03-26T15:21:36.613996,0.0,0.0
794,Daraz,109999.0,2026-03-26T15:21:36.747833,0.0,0.0
1067,Daraz,135000.0,2026-03-26T15:21:36.930972,0.0,0.0
907,Daraz,167900.0,2026-03-26T15:21:37.095473,0.0,0.0
1068,Daraz,174900.0,2026-03-26T15:21:37.294375,0.0,0.0
1069,Daraz,182000.0,2026-03-26T15:21:37.489397,0.0,0.0
1064,Daraz,40500.0,2026-03-26T15:26:26.807715,0.0,0.0
1065,Daraz,56700.0,2026-03-26T15:26:27.018229,0.0,0.0
1066,Daraz,105000.0,2026-03-26T15:26:27.164986,0.0,0.0
794,Daraz,109999.0,2026-03-26T15:26:27.336619,0.0,0.0
1067,Daraz,135000.0,2026-03-26T15:26:27.549263,0.0,0.0
907,Daraz,167900.0,2026-03-26T15:26:27.753743,0.0,0.0
1068,Daraz,174900.0,2026-03-26T15:26:27.880274,0.0,0.0
1069,Daraz,182000.0,2026-03-26T15:26:28.084545,0.0,0.0
1064,Daraz,40500.0,2026-03-26T15:36:24.446384,0.0,0.0
1065,Daraz,56700.0,2026-03-26T15:36:24.560474,0.0,0.0
1066,Daraz,105000.0,2026-03-26T15:36:24.672696,0.0,0.0
794,Daraz,109999.0,2026-03-26T15:36:24.762243,0.0,0.0
1067,Daraz,135000.0,2026-03-26T15:36:24.847799,0.0,0.0
907,Daraz,167900.0,2026-03-26T15:36:24.966489,0.0,0.0
1068,Daraz,174900.0,2026-03-26T15:36:25.066606,0.0,0.0
1069,Daraz,182000.0,2026-03-26T15:36:25.186599,0.0,0.0
916,Hukut,4499.0,2026-03-26T15:50:11.515673,0.0,0.0
914,Daraz,5700.0,2026-03-26T15:50:11.717773,0.0,0.0
916,Hukut,4499.0,2026-03-26T15:50:33.011096,0.0,0.0
1064,Daraz,40500.0,2026-03-26T15:51:18.310500,0.0,0.0
907,Daraz,167900.0,2026-03-26T15:51:18.476648,0.0,0.0
1068,Daraz,174900.0,2026-03-26T15:51:18.626552,0.0,0.0
1069,Daraz,182000.0,2026-03-26T15:51:18.842722,0.0,0.0
1064,Daraz,40500.0,2026-03-26T15:59:47.885511,0.0,0.0
907,Daraz,167900.0,2026-03-26T15:59:48.088177,0.0,0.0
1068,Daraz,174900.0,2026-03-26T15:59:48.254850,0.0,0.0
1069,Daraz,182000.0,2026-03-26T15:59:48.420740,0.0,0.0
1064,Daraz,40500.0,2026-03-26T16:02:51.681939,0.0,0.0
907,Daraz,167900.0,2026-03-26T16:02:51.881812,0.0,0.0
1068,Daraz,174900.0,2026-03-26T16:02:52.114954,0.0,0.0
1069,Daraz,182000.0,2026-03-26T16:02:52.331391,0.0,0.0
1064,Daraz,40500.0,2026-03-26T16:09:55.249551,0.0,0.0
907,Daraz,167900.0,2026-03-26T16:09:55.482371,0.0,0.0
1068,Daraz,174900.0,2026-03-26T16:09:55.665469,0.0,0.0
1069,Daraz,182000.0,2026-03-26T16:09:55.832051,0.0,0.0
1064,Daraz,40500.0,2026-03-26T16:13:31.994817,0.0,0.0
907,Daraz,167900.0,2026-03-26T16:13:32.120153,0.0,0.0
1068,Daraz,174900.0,2026-03-26T16:13:32.238146,0.0,0.0
1069,Daraz,182000.0,2026-03-26T16:13:32.352085,0.0,0.0
1064,Daraz,40500.0,2026-03-26T16:18:55.510481,0.0,0.0
907,Daraz,167900.0,2026-03-26T16:18:55.693814,0.0,0.0
1068,Daraz,174900.0,2026-03-26T16:18:55.891421,0.0,0.0
1069,Daraz,182000.0,2026-03-26T16:18:56.090679,0.0,0.0
185,Hukut,52999.0,2026-03-26T16:19:22.602476,0.0,0.0
988,Hukut,55000.0,2026-03-26T16:19:22.770403,0.0,0.0
989,Hukut,66999.0,2026-03-26T16:19:22.986882,0.0,0.0
990,Hukut,67999.0,2026-03-26T16:19:23.153351,0.0,0.0
991,Hukut,74999.0,2026-03-26T16:19:23.353261,0.0,0.0
974,Hukut,83998.0,2026-03-26T16:19:23.536322,0.0,0.0
971,Daraz,89900.0,2026-03-26T16:19:23.702866,0.0,0.0
901,Hukut,95999.0,2026-03-26T16:19:23.918607,0.0,0.0
187,Hukut,59999.0,2026-03-26T16:20:32.400910,-10001.0,-14.287142857142857
1081,Hukut,49999.0,2026-03-26T16:21:28.162343,0.0,0.0
1087,Daraz,81990.0,2026-03-26T16:21:35.791319,0.0,0.0
1082,Hukut,52500.0,2026-03-26T16:21:45.306134,0.0,0.0
187,Hukut,59999.0,2026-03-26T16:21:53.092734,0.0,0.0
1064,Daraz,40500.0,2026-03-26T16:24:44.610293,0.0,0.0
1094,Daraz,112000.0,2026-03-26T16:25:18.532640,0.0,0.0
1093,Hukut,81000.0,2026-03-26T16:25:24.548154,0.0,0.0
1092,Hukut,77000.0,2026-03-26T16:25:30.708603,0.0,0.0
971,Daraz,89900.0,2026-03-26T16:37:46.999557,0.0,0.0
916,Hukut,4499.0,2026-03-26T16:38:13.397742,0.0,0.0
914,Daraz,5700.0,2026-03-26T16:38:13.578686,0.0,0.0
916,Hukut,4499.0,2026-03-26T16:38:24.985634,0.0,0.0
818,Daraz,1299.0,2026-03-26T16:39:37.792533,0.0,0.0
88,Daraz,5999.0,2026-03-26T16:39:38.040198,0.0,0.0
30,Hukut,36299.0,2026-03-26T16:39:38.245807,0.0,0.0
883,Hukut,38999.0,2026-03-26T16:39:38.399711,0.0,0.0
32,Hukut,38999.0,2026-03-26T16:39:38.591362,0.0,0.0
884,Hukut,45999.0,2026-03-26T16:39:38.826627,0.0,0.0
885,Hukut,53999.0,2026-03-26T16:39:39.032784,0.0,0.0
886,Hukut,55999.0,2026-03-26T16:39:39.263113,0.0,0.0
887,Hukut,61999.0,2026-03-26T16:39:39.466050,0.0,0.0
888,Hukut,69999.0,2026-03-26T16:39:39.676106,0.0,0.0
775,Hukut,93499.0,2026-03-26T16:39:39.868344,0.0,0.0
889,Hukut,99999.0,2026-03-26T16:39:40.096149,0.0,0.0
32,Hukut,38999.0,2026-03-26T16:40:18.726526,0.0,0.0
884,Hukut,45999.0,2026-03-26T16:40:18.986226,0.0,0.0
131,Hukut,24999.0,2026-03-26T16:42:47.909980,0.0,0.0
105,Daraz,29999.0,2026-03-26T16:43:01.949060,0.0,0.0
105,Daraz,29999.0,2026-03-26T16:43:26.369593,0.0,0.0
140,Hukut,29999.0,2026-03-26T16:43:48.902548,0.0,0.0
749,Daraz,53999.0,2026-03-26T16:45:36.748680,0.0,0.0
1004,Daraz,125000.0,2026-03-26T16:47:22.742943,0.0,0.0
907,Daraz,167900.0,2026-03-26T16:47:22.919257,0.0,0.0
94,Hukut,13999.0,2026-03-26T16:48:27.938614,0.0,0.0
1125,Daraz,14000.0,2026-03-26T16:49:04.251040,0.0,0.0
1126,Daraz,14999.0,2026-03-26T16:49:14.170030,0.0,0.0
94,Hukut,13999.0,2026-03-26T16:49:24.382482,0.0,0.0
94,Hukut,13999.0,2026-03-26T16:49:35.901020,0.0,0.0
1127,Daraz,15000.0,2026-03-26T16:49:56.989276,0.0,0.0
1127,Daraz,15000.0,2026-03-26T16:50:15.454575,0.0,0.0
1108,Daraz,276.0,2026-03-26T16:51:51.634185,0.0,0.0
1109,Daraz,290.0,2026-03-26T16:51:51.975425,0.0,0.0
1112,Daraz,380.0,2026-03-26T16:51:52.153512,0.0,0.0
131,Hukut,24999.0,2026-03-26T16:51:52.633219,0.0,0.0
140,Hukut,29999.0,2026-03-26T16:51:52.828638,0.0,0.0
105,Daraz,29999.0,2026-03-26T16:51:53.042694,0.0,0.0
105,Daraz,29999.0,2026-03-26T16:52:14.801822,0.0,0.0
140,Hukut,29999.0,2026-03-26T16:52:22.556653,0.0,0.0
916,Hukut,4499.0,2026-03-26T16:52:47.387327,0.0,0.0
916,Hukut,4499.0,2026-03-26T16:53:03.254984,0.0,0.0
890,Daraz,122999.0,2026-03-26T16:53:24.876599,0.0,0.0
1077,Daraz,122999.0,2026-03-26T16:53:25.093148,0.0,0.0
23,Daraz,122999.0,2026-03-26T16:53:25.287588,0.0,0.0
1009,Daraz,74999.0,2026-03-26T16:53:54.969360,0.0,0.0
775,Hukut,93499.0,2026-03-26T16:53:55.144623,0.0,0.0
19,Daraz,93499.0,2026-03-26T16:53:55.325531,0.0,0.0
20,Daraz,93499.0,2026-03-26T16:53:55.501638,0.0,0.0
775,Hukut,93499.0,2026-03-26T16:54:07.736042,0.0,0.0
1106,Daraz,259.0,2026-03-26T17:03:14.165290,0.0,0.0
1107,Daraz,259.0,2026-03-26T17:03:14.394237,0.0,0.0
1108,Daraz,276.0,2026-03-26T17:03:14.659520,0.0,0.0
1109,Daraz,290.0,2026-03-26T17:03:14.896658,0.0,0.0
1110,Daraz,290.0,2026-03-26T17:03:15.138515,0.0,0.0
1111,Daraz,290.0,2026-03-26T17:03:15.344342,0.0,0.0
1112,Daraz,380.0,2026-03-26T17:03:15.557958,0.0,0.0
1113,Daraz,520.0,2026-03-26T17:03:15.755625,0.0,0.0
131,Hukut,24999.0,2026-03-26T17:03:15.972906,0.0,0.0
140,Hukut,29999.0,2026-03-26T17:03:16.197470,0.0,0.0
105,Daraz,29999.0,2026-03-26T17:03:16.401635,0.0,0.0
1114,Daraz,30999.0,2026-03-26T17:03:16.616278,0.0,0.0
1106,Daraz,259.0,2026-03-26T17:03:25.973393,0.0,0.0
131,Hukut,24999.0,2026-03-26T17:08:10.315399,0.0,0.0
140,Hukut,29999.0,2026-03-26T17:08:10.499800,0.0,0.0
105,Daraz,29999.0,2026-03-26T17:08:10.702459,0.0,0.0
1114,Daraz,30999.0,2026-03-26T17:08:10.907808,0.0,0.0
94,Hukut,13999.0,2026-03-26T17:08:57.553265,0.0,0.0
1125,Daraz,14000.0,2026-03-26T17:08:57.746307,0.0,0.0
1126,Daraz,14999.0,2026-03-26T17:08:57.943741,0.0,0.0
1127,Daraz,15000.0,2026-03-26T17:08:58.151553,0.0,0.0
30,Hukut,36299.0,2026-03-26T17:09:51.498429,0.0,0.0
883,Hukut,38999.0,2026-03-26T17:09:51.687515,0.0,0.0
32,Hukut,38999.0,2026-03-26T17:09:51.867489,0.0,0.0
931,Daraz,38999.0,2026-03-26T17:09:52.091051,0.0,0.0
884,Hukut,45999.0,2026-03-26T17:09:52.299578,0.0,0.0
885,Hukut,53999.0,2026-03-26T17:09:52.479087,0.0,0.0
932,Daraz,53999.0,2026-03-26T17:09:52.694115,0.0,0.0
886,Hukut,55999.0,2026-03-26T17:09:52.877180,0.0,0.0
887,Hukut,61999.0,2026-03-26T17:09:53.079308,0.0,0.0
934,Daraz,68000.0,2026-03-26T17:09:53.287567,-1999.0,-2.85575508221546
888,Hukut,69999.0,2026-03-26T17:09:53.476211,0.0,0.0
934,Daraz,69999.0,2026-03-26T17:09:53.659396,1999.0,2.939705882352941
935,Hukut,75699.0,2026-03-26T17:09:53.866825,0.0,0.0
889,Hukut,99999.0,2026-03-26T17:09:54.088297,0.0,0.0
930,Daraz,99999.0,2026-03-26T17:09:54.261777,-12001.0,-10.715178571428572
930,Daraz,112000.0,2026-03-26T17:09:54.474676,12001.0,12.001120011200111
936,Daraz,114999.0,2026-03-26T17:09:54.677946,0.0,0.0
251,Daraz,1349.0,2026-03-26T17:10:46.509068,0.0,0.0
633,Daraz,1399.0,2026-03-26T17:10:46.692531,0.0,0.0
253,Daraz,1899.0,2026-03-26T17:10:46.910753,0.0,0.0
1074,Daraz,2199.0,2026-03-26T17:10:47.088909,0.0,0.0
258,Daraz,2299.0,2026-03-26T17:10:47.366107,-100.0,-4.168403501458942
259,Daraz,2399.0,2026-03-26T17:10:47.583389,0.0,0.0
258,Daraz,2399.0,2026-03-26T17:10:47.785372,100.0,4.349717268377556
636,Daraz,3000.0,2026-03-26T17:10:47.951047,0.0,0.0
266,Daraz,4199.0,2026-03-26T17:10:48.218134,0.0,0.0
271,Daraz,17000.0,2026-03-26T17:10:48.433210,0.0,0.0
280,Hukut,78999.0,2026-03-26T17:10:48.875572,0.0,0.0
281,Hukut,88999.0,2026-03-26T17:10:49.105924,0.0,0.0
1148,Daraz,5500.0,2026-03-26T17:14:03.388330,3402.0,162.15443279313632
1148,Daraz,2098.0,2026-03-26T17:14:09.434197,-3402.0,-61.85454545454545
1149,Hukut,2099.0,2026-03-26T17:14:28.137775,0.0,0.0
1016,Daraz,399.0,2026-03-26T17:16:07.789835,0.0,0.0
1154,Daraz,456.0,2026-03-26T17:16:07.972434,66.0,16.923076923076923
1154,Daraz,499.0,2026-03-26T17:16:08.214175,43.0,9.429824561403509
1160,Hukut,2199.0,2026-03-26T17:16:50.370213,0.0,0.0
1160,Hukut,2199.0,2026-03-26T17:17:15.880055,0.0,0.0
1165,Daraz,2499.0,2026-03-26T17:17:16.592195,249.0,11.066666666666666
1160,Hukut,2199.0,2026-03-26T17:17:23.047885,0.0,0.0
1165,Daraz,2250.0,2026-03-26T17:17:36.471344,-249.0,-9.963985594237695
1108,Daraz,276.0,2026-03-26T17:18:22.951067,0.0,0.0
1110,Daraz,290.0,2026-03-26T17:18:23.156149,0.0,0.0
1134,Daraz,428.0,2026-03-26T17:18:23.380404,0.0,0.0
131,Hukut,24999.0,2026-03-26T17:18:24.142857,0.0,0.0
140,Hukut,29999.0,2026-03-26T17:18:24.365849,0.0,0.0
105,Daraz,29999.0,2026-03-26T17:18:24.560027,0.0,0.0
1114,Daraz,30999.0,2026-03-26T17:18:24.927960,0.0,0.0
1009,Daraz,74999.0,2026-03-26T17:19:34.121541,0.0,0.0
775,Hukut,93499.0,2026-03-26T17:19:34.298273,0.0,0.0
19,Daraz,93499.0,2026-03-26T17:19:34.534576,0.0,0.0
20,Daraz,93499.0,2026-03-26T17:19:34.739610,0.0,0.0
775,Hukut,93499.0,2026-03-26T17:19:55.770734,0.0,0.0
1011,Daraz,97999.0,2026-03-26T17:20:16.873174,0.0,0.0
890,Daraz,122999.0,2026-03-26T17:20:17.477451,0.0,0.0
1077,Daraz,122999.0,2026-03-26T17:20:17.656973,0.0,0.0
23,Daraz,122999.0,2026-03-26T17:20:17.855009,0.0,0.0
1182,Hukut,98499.0,2026-03-26T17:26:53.571304,0.0,0.0
290,Daraz,6399.0,2026-03-26T17:27:47.989251,0.0,0.0
71,Daraz,7196.0,2026-03-26T17:27:48.204984,0.0,0.0
73,Daraz,8999.0,2026-03-26T17:27:48.375895,0.0,0.0
72,Daraz,8999.0,2026-03-26T17:27:48.608375,0.0,0.0
1075,Daraz,9999.0,2026-03-26T17:27:48.839812,0.0,0.0
296,Daraz,10500.0,2026-03-26T17:27:49.042054,0.0,0.0
956,Daraz,13500.0,2026-03-26T17:27:49.230405,0.0,0.0
957,Daraz,14209.0,2026-03-26T17:27:49.430272,0.0,0.0
958,Daraz,24999.0,2026-03-26T17:27:49.643139,24749.0,9899.6
959,Daraz,31999.0,2026-03-26T17:27:49.814609,0.0,0.0
78,Hukut,24998.0,2026-03-26T17:28:21.206681,0.0,0.0
806,Daraz,152500.0,2026-03-26T17:29:59.882165,0.0,0.0
816,Daraz,198000.0,2026-03-26T17:30:00.057498,0.0,0.0
820,Daraz,299000.0,2026-03-26T17:30:00.258780,0.0,0.0
806,Daraz,152500.0,2026-03-26T17:31:19.153757,0.0,0.0
806,Daraz,152500.0,2026-03-26T17:38:13.909053,0.0,0.0
806,Daraz,152500.0,2026-03-26T17:38:54.786165,0.0,0.0
806,Daraz,152500.0,2026-03-26T17:40:05.776478,0.0,0.0
816,Daraz,198000.0,2026-03-26T17:40:06.050283,0.0,0.0
820,Daraz,299000.0,2026-03-26T17:40:06.253272,0.0,0.0
806,Daraz,152500.0,2026-03-26T17:46:45.731911,0.0,0.0
816,Daraz,198000.0,2026-03-26T17:46:45.980641,0.0,0.0
820,Daraz,299000.0,2026-03-26T17:46:46.194828,0.0,0.0
36,Hukut,122999.0,2026-03-26T17:52:38.227941,0.0,0.0
456,Hukut,176499.0,2026-03-26T17:52:38.459086,0.0,0.0
457,Hukut,195499.0,2026-03-26T17:52:38.666981,0.0,0.0
458,Hukut,233499.0,2026-03-26T17:52:38.915031,0.0,0.0
775,Hukut,93499.0,2026-03-26T17:52:55.013751,0.0,0.0
1012,Hukut,180190.0,2026-03-26T17:52:55.229061,0.0,0.0
1013,Hukut,191990.0,2026-03-26T17:52:55.421169,0.0,0.0
1124,Daraz,222.0,2026-03-26T17:53:27.416997,0.0,0.0
94,Hukut,13999.0,2026-03-26T17:53:28.383100,0.0,0.0
1125,Daraz,14000.0,2026-03-26T17:53:28.547201,0.0,0.0
1126,Daraz,14999.0,2026-03-26T17:53:28.735462,0.0,0.0
1127,Daraz,15000.0,2026-03-26T17:53:28.902406,0.0,0.0
36,Hukut,122999.0,2026-03-26T17:57:14.202259,0.0,0.0
890,Daraz,122999.0,2026-03-26T17:57:14.388137,0.0,0.0
1077,Daraz,122999.0,2026-03-26T17:57:14.591993,0.0,0.0
23,Daraz,122999.0,2026-03-26T17:57:14.791731,0.0,0.0
456,Hukut,176499.0,2026-03-26T17:57:15.020094,0.0,0.0
457,Hukut,195499.0,2026-03-26T17:57:15.216654,0.0,0.0
458,Hukut,233499.0,2026-03-26T17:57:15.423176,0.0,0.0
1134,Daraz,428.0,2026-03-26T17:58:25.383764,0.0,0.0
1135,Daraz,447.0,2026-03-26T17:58:25.587881,0.0,0.0
1136,Daraz,810.0,2026-03-26T17:58:25.819740,0.0,0.0
131,Hukut,24999.0,2026-03-26T17:58:26.123016,0.0,0.0
140,Hukut,29999.0,2026-03-26T17:58:26.414536,0.0,0.0
105,Daraz,29999.0,2026-03-26T17:58:26.702348,0.0,0.0
1114,Daraz,30999.0,2026-03-26T17:58:26.955628,0.0,0.0
1106,Daraz,259.0,2026-03-26T17:59:00.979648,0.0,0.0
1107,Daraz,259.0,2026-03-26T17:59:01.210881,0.0,0.0
1108,Daraz,276.0,2026-03-26T17:59:01.440820,0.0,0.0
1109,Daraz,290.0,2026-03-26T17:59:01.677735,0.0,0.0
1110,Daraz,290.0,2026-03-26T17:59:01.932043,0.0,0.0
1111,Daraz,290.0,2026-03-26T17:59:02.151577,0.0,0.0
1112,Daraz,380.0,2026-03-26T17:59:02.450408,0.0,0.0
1113,Daraz,520.0,2026-03-26T17:59:02.724032,0.0,0.0
131,Hukut,24999.0,2026-03-26T17:59:02.992119,0.0,0.0
140,Hukut,29999.0,2026-03-26T17:59:03.248110,0.0,0.0
105,Daraz,29999.0,2026-03-26T17:59:03.481620,0.0,0.0
1114,Daraz,30999.0,2026-03-26T17:59:03.706972,0.0,0.0
1136,Daraz,810.0,2026-03-26T17:59:35.987731,0.0,0.0
1134,Daraz,428.0,2026-03-26T18:00:48.938350,0.0,0.0
1136,Daraz,810.0,2026-03-26T18:01:04.532064,0.0,0.0
131,Hukut,24999.0,2026-03-26T18:08:28.905046,0.0,0.0
140,Hukut,29999.0,2026-03-26T18:08:29.124276,0.0,0.0
105,Daraz,29999.0,2026-03-26T18:08:29.367391,0.0,0.0
1114,Daraz,30999.0,2026-03-26T18:08:29.564201,0.0,0.0
1106,Daraz,259.0,2026-03-26T18:09:00.769213,0.0,0.0
1107,Daraz,259.0,2026-03-26T18:09:01.017548,0.0,0.0
1108,Daraz,276.0,2026-03-26T18:09:01.243417,0.0,0.0
1109,Daraz,290.0,2026-03-26T18:09:01.477491,0.0,0.0
1110,Daraz,290.0,2026-03-26T18:09:01.683140,0.0,0.0
1111,Daraz,290.0,2026-03-26T18:09:01.907708,0.0,0.0
1112,Daraz,380.0,2026-03-26T18:09:02.164833,0.0,0.0
1113,Daraz,520.0,2026-03-26T18:09:02.380860,0.0,0.0
131,Hukut,24999.0,2026-03-26T18:09:02.613459,0.0,0.0
140,Hukut,29999.0,2026-03-26T18:09:02.782570,0.0,0.0
105,Daraz,29999.0,2026-03-26T18:09:02.959568,0.0,0.0
1114,Daraz,30999.0,2026-03-26T18:09:03.165232,0.0,0.0
141,Hukut,32999.0,2026-03-26T18:10:37.060557,0.0,0.0
669,Daraz,215.0,2026-03-26T18:11:25.002177,0.0,0.0
675,Daraz,515.0,2026-03-26T18:11:25.420549,0.0,0.0
679,Daraz,699.0,2026-03-26T18:11:25.885385,0.0,0.0
664,Daraz,839.0,2026-03-26T18:11:26.082061,0.0,0.0
690,Daraz,1575.0,2026-03-26T18:11:27.177425,0.0,0.0
1159,Hukut,1929.0,2026-03-26T18:11:27.619828,0.0,0.0
1160,Hukut,2199.0,2026-03-26T18:11:27.853959,0.0,0.0
1161,Hukut,2449.0,2026-03-26T18:11:28.067198,0.0,0.0
1162,Hukut,2949.0,2026-03-26T18:11:28.486566,0.0,0.0
1163,Hukut,3299.0,2026-03-26T18:11:28.705597,0.0,0.0
1164,Hukut,3799.0,2026-03-26T18:11:28.943981,0.0,0.0
36,Hukut,122999.0,2026-03-26T18:14:44.194812,0.0,0.0
890,Daraz,122999.0,2026-03-26T18:14:44.424850,0.0,0.0
1077,Daraz,122999.0,2026-03-26T18:14:44.636139,0.0,0.0
23,Daraz,122999.0,2026-03-26T18:14:44.860483,0.0,0.0
456,Hukut,176499.0,2026-03-26T18:14:45.070592,0.0,0.0
457,Hukut,195499.0,2026-03-26T18:14:45.282094,0.0,0.0
458,Hukut,233499.0,2026-03-26T18:14:45.446882,0.0,0.0
36,Hukut,122999.0,2026-03-26T18:14:48.392069,0.0,0.0
806,Daraz,152500.0,2026-03-27T10:15:55.883475,0.0,0.0
816,Daraz,198000.0,2026-03-27T10:15:56.364490,0.0,0.0
820,Daraz,299000.0,2026-03-27T10:15:56.897257,0.0,0.0
1068,Daraz,174900.0,2026-03-27T10:16:46.563396,0.0,0.0
1069,Daraz,182000.0,2026-03-27T10:16:46.946563,0.0,0.0
1215,Daraz,189400.0,2026-03-27T10:18:17.021144,0.0,0.0
890,Daraz,122999.0,2026-03-27T10:20:38.653407,0.0,0.0
1077,Daraz,122999.0,2026-03-27T10:20:39.112537,0.0,0.0
29,Daraz,248999.0,2026-03-27T10:20:40.213868,0.0,0.0
1217,Hukut,183999.0,2026-03-27T10:22:02.350916,0.0,0.0
916,Hukut,4499.0,2026-03-27T10:23:28.234780,0.0,0.0
914,Daraz,5700.0,2026-03-27T10:23:28.714417,0.0,0.0
914,Daraz,5700.0,2026-03-27T10:23:48.759352,0.0,0.0
1106,Daraz,259.0,2026-03-27T10:24:56.978988,0.0,0.0
1107,Daraz,259.0,2026-03-27T10:24:57.460902,0.0,0.0
1108,Daraz,276.0,2026-03-27T10:24:57.856000,0.0,0.0
1109,Daraz,290.0,2026-03-27T10:24:58.219071,0.0,0.0
1110,Daraz,290.0,2026-03-27T10:24:58.572462,0.0,0.0
1111,Daraz,290.0,2026-03-27T10:24:58.976553,0.0,0.0
1112,Daraz,380.0,2026-03-27T10:24:59.404283,0.0,0.0
1113,Daraz,520.0,2026-03-27T10:24:59.768207,0.0,0.0
131,Hukut,24999.0,2026-03-27T10:25:00.126007,0.0,0.0
140,Hukut,29999.0,2026-03-27T10:25:00.508762,0.0,0.0
105,Daraz,29999.0,2026-03-27T10:25:00.924687,0.0,0.0
1114,Daraz,30999.0,2026-03-27T10:25:01.295277,0.0,0.0
140,Hukut,29999.0,2026-03-27T10:25:10.681389,0.0,0.0
131,Hukut,24999.0,2026-03-27T10:26:21.143285,0.0,0.0
140,Hukut,29999.0,2026-03-27T10:26:21.509821,0.0,0.0
105,Daraz,29999.0,2026-03-27T10:26:21.875973,0.0,0.0
1114,Daraz,30999.0,2026-03-27T10:26:22.247656,0.0,0.0
140,Hukut,29999.0,2026-03-27T10:26:27.783324,0.0,0.0
1221,Daraz,1990.0,2026-03-27T10:28:48.276458,0.0,0.0
1221,Daraz,5500.0,2026-03-27T10:28:50.470006,3510.0,176.3819095477387
1219,Daraz,5600.0,2026-03-27T10:28:50.909922,3801.0,211.284046692607
1219,Daraz,5999.0,2026-03-27T10:28:51.292700,399.0,7.124999999999999
1222,Hukut,1999.0,2026-03-27T10:29:58.043433,0.0,0.0
251,Daraz,1349.0,2026-03-27T10:31:55.812017,0.0,0.0
633,Daraz,1399.0,2026-03-27T10:31:56.331998,0.0,0.0
253,Daraz,1899.0,2026-03-27T10:31:57.185104,0.0,0.0
1074,Daraz,2199.0,2026-03-27T10:31:57.596424,0.0,0.0
258,Daraz,2299.0,2026-03-27T10:31:58.037221,-100.0,-4.168403501458942
259,Daraz,2399.0,2026-03-27T10:31:58.461693,0.0,0.0
636,Daraz,3000.0,2026-03-27T10:31:58.836843,0.0,0.0
266,Daraz,4199.0,2026-03-27T10:31:59.272660,0.0,0.0
271,Daraz,17000.0,2026-03-27T10:31:59.821502,0.0,0.0
277,Hukut,60499.0,2026-03-27T10:32:00.337283,0.0,0.0
280,Hukut,78999.0,2026-03-27T10:32:01.539140,0.0,0.0
281,Hukut,88999.0,2026-03-27T10:32:02.190198,0.0,0.0
1228,Daraz,35000.0,2026-03-27T10:32:17.537206,0.0,0.0
1148,Daraz,2098.0,2026-03-27T10:35:59.987759,0.0,0.0
1149,Hukut,2099.0,2026-03-27T10:36:00.489016,0.0,0.0
1221,Daraz,2099.0,2026-03-27T10:36:00.837647,-3401.0,-61.836363636363636
1251,Hukut,2999.0,2026-03-27T10:36:25.778963,0.0,0.0
914,Daraz,5700.0,2026-03-27T10:54:41.485931,0.0,0.0
914,Daraz,5700.0,2026-03-27T10:54:56.872652,0.0,0.0
914,Daraz,5700.0,2026-03-27T10:55:07.050552,0.0,0.0
914,Daraz,5700.0,2026-03-27T10:59:55.519657,0.0,0.0
1070,Daraz,10999.0,2026-03-27T11:07:58.924674,10449.0,1899.818181818182
593,Daraz,16999.0,2026-03-27T11:07:59.747390,0.0,0.0
122,Daraz,19999.0,2026-03-27T11:08:00.124329,0.0,0.0
1071,Daraz,23999.0,2026-03-27T11:08:00.484599,22799.0,1899.9166666666667
916,Hukut,4499.0,2026-03-27T13:07:06.379168,0.0,0.0
914,Daraz,5700.0,2026-03-27T13:07:06.767729,0.0,0.0
916,Hukut,4499.0,2026-03-27T13:07:46.759056,0.0,0.0
916,Hukut,4499.0,2026-03-27T21:39:11.557141,0.0,0.0
914,Daraz,5700.0,2026-03-27T21:39:11.718130,0.0,0.0
916,Hukut,4499.0,2026-03-27T21:39:21.274121,0.0,0.0
916,Hukut,4499.0,2026-03-27T21:40:19.758459,0.0,0.0
131,Hukut,24999.0,2026-03-27T21:41:50.351682,0.0,0.0
140,Hukut,29999.0,2026-03-27T21:41:50.563062,0.0,0.0
105,Daraz,29999.0,2026-03-27T21:41:50.730415,0.0,0.0
1114,Daraz,30999.0,2026-03-27T21:41:50.883299,0.0,0.0
131,Hukut,24999.0,2026-03-27T21:42:05.596629,0.0,0.0
131,Hukut,24999.0,2026-03-27T21:43:51.954968,0.0,0.0
185,Hukut,52999.0,2026-03-27T21:44:20.209861,0.0,0.0
988,Hukut,55000.0,2026-03-27T21:44:20.379799,0.0,0.0
989,Hukut,66999.0,2026-03-27T21:44:20.569921,0.0,0.0
990,Hukut,67999.0,2026-03-27T21:44:20.700757,0.0,0.0
991,Hukut,74999.0,2026-03-27T21:44:20.869899,0.0,0.0
974,Hukut,83998.0,2026-03-27T21:44:21.036714,0.0,0.0
901,Hukut,95999.0,2026-03-27T21:44:21.213953,0.0,0.0
905,Hukut,113999.0,2026-03-27T21:44:21.373741,0.0,0.0
905,Hukut,113999.0,2026-03-27T21:44:21.527968,0.0,0.0
992,Hukut,120000.0,2026-03-27T21:44:21.705153,0.0,0.0
36,Hukut,122999.0,2026-03-27T21:44:52.070010,0.0,0.0
890,Daraz,122999.0,2026-03-27T21:44:52.253311,0.0,0.0
1077,Daraz,122999.0,2026-03-27T21:44:52.450389,0.0,0.0
23,Daraz,122999.0,2026-03-27T21:44:52.615706,0.0,0.0
456,Hukut,176499.0,2026-03-27T21:44:52.779533,0.0,0.0
457,Hukut,195499.0,2026-03-27T21:44:52.965621,0.0,0.0
458,Hukut,233499.0,2026-03-27T21:44:53.133174,0.0,0.0
36,Hukut,122999.0,2026-03-27T21:45:01.985932,0.0,0.0
36,Hukut,122999.0,2026-03-28T11:58:35.067959,0.0,0.0
890,Daraz,122999.0,2026-03-28T11:58:35.457886,0.0,0.0
23,Daraz,122999.0,2026-03-28T11:58:35.870238,0.0,0.0
1077,Daraz,122999.0,2026-03-28T11:58:36.260568,0.0,0.0
456,Hukut,176499.0,2026-03-28T11:58:36.639617,0.0,0.0
457,Hukut,195499.0,2026-03-28T11:58:37.027945,0.0,0.0
458,Hukut,233499.0,2026-03-28T11:58:37.427075,0.0,0.0
36,Hukut,122999.0,2026-03-28T11:59:15.203613,0.0,0.0
916,Hukut,4499.0,2026-03-28T12:25:09.587046,0.0,0.0
914,Daraz,5700.0,2026-03-28T12:25:09.991351,0.0,0.0
916,Hukut,4499.0,2026-03-28T12:25:18.822874,0.0,0.0
806,Daraz,152500.0,2026-03-28T12:27:02.581845,0.0,0.0
816,Daraz,198000.0,2026-03-28T12:27:03.039879,0.0,0.0
820,Daraz,299000.0,2026-03-28T12:27:03.764809,0.0,0.0
36,Hukut,122999.0,2026-03-28T12:27:43.655071,0.0,0.0
890,Daraz,122999.0,2026-03-28T12:27:44.142684,0.0,0.0
23,Daraz,122999.0,2026-03-28T12:27:44.587882,0.0,0.0
1077,Daraz,122999.0,2026-03-28T12:27:45.000286,0.0,0.0
456,Hukut,176499.0,2026-03-28T12:27:45.415564,0.0,0.0
457,Hukut,195499.0,2026-03-28T12:27:45.927131,0.0,0.0
458,Hukut,233499.0,2026-03-28T12:27:46.374361,0.0,0.0
775,Hukut,93499.0,2026-03-28T12:27:55.305015,0.0,0.0
19,Daraz,93499.0,2026-03-28T12:27:55.821558,0.0,0.0
20,Daraz,93499.0,2026-03-28T12:27:56.215588,0.0,0.0
36,Hukut,122999.0,2026-03-28T12:27:57.407702,0.0,0.0
890,Daraz,122999.0,2026-03-28T12:27:57.964046,0.0,0.0
456,Hukut,176499.0,2026-03-28T12:27:58.571717,0.0,0.0
23,Daraz,122999.0,2026-03-28T12:27:58.578996,0.0,0.0
1005,Hukut,127799.0,2026-03-28T12:27:59.489918,0.0,0.0
775,Hukut,93499.0,2026-03-28T12:27:59.481790,0.0,0.0
19,Daraz,93499.0,2026-03-28T12:28:00.798142,0.0,0.0
24,Hukut,141499.0,2026-03-28T12:28:00.831783,0.0,0.0
20,Daraz,93499.0,2026-03-28T12:28:01.592413,0.0,0.0
25,Daraz,141499.0,2026-03-28T12:28:01.668414,0.0,0.0
26,Daraz,141499.0,2026-03-28T12:28:02.353651,0.0,0.0
36,Hukut,122999.0,2026-03-28T12:28:02.748717,0.0,0.0
23,Daraz,122999.0,2026-03-28T12:28:04.493302,0.0,0.0
24,Hukut,141499.0,2026-03-28T12:28:06.490650,0.0,0.0
25,Daraz,141499.0,2026-03-28T12:28:08.162227,0.0,0.0
28,Daraz,228999.0,2026-03-28T12:28:08.244791,0.0,0.0
26,Daraz,141499.0,2026-03-28T12:28:09.718987,0.0,0.0
29,Daraz,248999.0,2026-03-28T12:28:10.212620,0.0,0.0
38,Daraz,289999.0,2026-03-28T12:28:12.063926,10000.0,3.571441326576166
37,Hukut,228999.0,2026-03-28T12:28:12.586496,0.0,0.0
27,Daraz,228999.0,2026-03-28T12:28:15.334647,0.0,0.0
28,Daraz,228999.0,2026-03-28T12:28:16.924023,0.0,0.0
29,Daraz,248999.0,2026-03-28T12:28:18.726280,0.0,0.0
38,Daraz,289999.0,2026-03-28T12:28:20.580925,0.0,0.0
