product_id,product_name,image
3,Dell I5 8Th Generation 8/256Gb Ram&Storage 13 Inch Display,https://img.drz.lazcdn.com/g/kf/S8cff66888649489aa0f33de33a1244d4F.jpg_200x200q80.avif
4,"Dell Ins 14 5440 - i5 13th Gen-8GB RAM -512GB SSD -14\"" Full-HD Display -Win 11",https://img.drz.lazcdn.com/static/np/p/33e391f05a0f19f833d376a15ba03a6e.jpg_200x200q80.avif
5,"Laptop Dell Latitude 5300 , Laptop 13.3\"" Intel Core i5-8365U 1.6GHz up to 4.1GHz, 8GB DDR4 RAM, 256GB SSD Laptop",https://img.drz.lazcdn.com/static/np/p/ec49f9462346d2981475f1a09912e2e7.jpg_200x200q80.avif
6,Acer Aspire 3 Intel Celeron N4500 | 8 GB RAM | 256GB SSD | 15.6 ” FHD | 1 Year Warranty,https://img.drz.lazcdn.com/static/np/p/94b91505ce706fd303603d360580f3d9.jpg_200x200q80.avif
11,"HP VICTUS 15 I5 13TH GEN 16GB DDR4 512GB SSD 15.6\"" FHD 144HZ RTX4050 6GB BACKLIT KEYBOARD WIN 11 HOME 1 YEAR WARRANTY",https://img.drz.lazcdn.com/static/np/p/f455cf6d721c07cdbd841e6d8d7f61f1.jpg_200x200q80.avif
13,Transcend SO-DIMM Module Laptop RAM 8GB DDR5 4800MHz,https://www.hukut.com/_next/image?url=https%3A%2F%2Fcdn.hukut.com%2Ftranscend-ram-8gb-ddr5-4800mhz.png1755849382718&w=640&q=75
16,Transcend SO-DIMM Module Laptop RAM 16GB DDR5 5600MHz,https://www.hukut.com/_next/image?url=https%3A%2F%2Fcdn.hukut.com%2Ftranscend-ram-16gb-ddr5-5600mhz.png1755851011749&w=640&q=75
17,Transcend SO-DIMM Module Laptop RAM 32GB DDR5 5600MHz,https://www.hukut.com/_next/image?url=https%3A%2F%2Fcdn.hukut.com%2Ftranscend-ram-32gb-ddr5-5600mhz.png1755850295138&w=640&q=75
19,Apple iPhone 14 - EvoStore,https://img.drz.lazcdn.com/static/np/p/00973b70e177a989ace42455ebeae98a.jpg_200x200q80.avif
20,Apple iPhone 14 - Oliz Store,https://img.drz.lazcdn.com/static/np/p/730cc18914a4819ad3cd219644812dce.png_200x200q80.avif
21,"Apple iPhone 15 | 6.1\"" Super Retina XDR display | A16 Bionic Chipset | 48MP Main Camera with 2X Telephoto",https://img.drz.lazcdn.com/static/np/p/9d534bfcc7fda1f11d0d082a4e489d29.png_200x200q75.avif
22,"Apple iPhone 15 - Oliz Store 6.1\"" Super Retina XDR OLED Display",https://img.drz.lazcdn.com/static/np/p/e08036bd48ba65ad5cc213de1e91e1a4.png_200x200q75.avif
23,Apple iPhone 15 - EvoStore,https://img.drz.lazcdn.com/static/np/p/ccb5c540cde531148437e17993e2ca75.jpg_200x200q80.avif
24,+1 Offers for you > Apple iPhone 16,https://www.hukut.com/_next/image?url=https%3A%2F%2Fcdn.hukut.com%2FimageFri%252C%252011%2520Apr%25202025%252002%253A21%253A09%2520GMT.jpg1744338081904&w=3840&q=75
25,Apple iPhone 16 | 6.1 inch Super Retina XDR OLED Display | A18 chip | Advanced Dual-Camera System,https://img.drz.lazcdn.com/static/np/p/b8e31237ba1bd21ecbbc6171c9d694c1.png_200x200q80.avif
26,Apple iPhone 16 - EvoStore,https://img.drz.lazcdn.com/static/np/p/124af094573c73fff4e57b2089048d61.jpg_200x200q80.avif
27,Apple iPhone 17 Pro,https://img.drz.lazcdn.com/static/np/p/ddfa53a970550020435bcfd23d526a35.png_200x200q80.avif
28,Apple iPhone 17 Pro - EvoStore,https://img.drz.lazcdn.com/static/np/p/e941d212b3e6aaf571a7e512705ab733.jpg_200x200q80.avif
29,Apple iPhone 17 Pro Max - EvoStore,https://img.drz.lazcdn.com/static/np/p/0982c7fb4965d370458d54d3f2ff180d.jpg_200x200q80.avif
30,Nothing CMF Phone 1,https://www.hukut.com/_next/image?url=https%3A%2F%2Fcdn.hukut.com%2Fnothing-cmf-phone-%2520one.webp1720437026171&w=640&q=75
32,Nothing CMF Phone 2 Pro,https://www.hukut.com/_next/image?url=https%3A%2F%2Fcdn.hukut.com%2Fnothing-cmf-phone-2-pro-orange.webp1750135743580&w=640&q=75
36,+1 Offers for you > Apple iPhone 15,https://www.hukut.com/_next/image?url=https%3A%2F%2Fcdn.hukut.com%2FimageFri%252C%252011%2520Apr%25202025%252002%253A16%253A18%2520GMT.jpg1744337786064&w=3840&q=75
37,+1 Offers for you > Apple iPhone 17 Pro,https://www.hukut.com/_next/image?url=https%3A%2F%2Fcdn.hukut.com%2FimageMon%252C%252012%2520Jan%25202026%252005%253A52%253A27%2520GMT.jpg1768197212115&w=3840&q=75
38,Apple iPhone 17 Pro Max,https://img.drz.lazcdn.com/static/np/p/ddfa53a970550020435bcfd23d526a35.png_200x200q80.avif
39,McDodo CA-3350 | Black 90 Degree 36W Type C to Lightning Data Cable 1.2m,https://img.drz.lazcdn.com/static/np/p/54dc0b7069d0aca669ff353642f1cd40.jpg_200x200q80.avif
40,PD USB Charger Fast Charging Type C Mobile Phone Adapter For iPhone 16 15 Pro  Quick Charge 3.0 EU/US Plug Wall Chargers,https://img.drz.lazcdn.com/g/kf/Sdb726baaf62a48ad9a89a309553c5849A.jpg_200x200q80.avif
41,Lightning To USB Cable All Support Charge,
42,"4 in 1 Convertible Metal Fast Data Cable, Braided Cable",https://img.drz.lazcdn.com/g/kf/Sb7a621a15a574210bc6e9db477eaef6e6.jpg_200x200q80.avif
43,"4 in 1 Multi Charging Cable,1M Dual Head USB Cable for iPhons & Androids,, 4 in 1 Multi Charger Cable Type C to Lightning, Super Fast USB A/USB C to Type C [65W]/PD [27W] Nylon Braided Data Cable",https://img.drz.lazcdn.com/static/np/p/c290cd876c59b36b240c12ace1ed31bb.jpg_200x200q80.avif
46,30W Mini Fast Wireless Charger Pad For iPhone 17 16 15 14 13 11 Pro Max Induction LED Light Charging Station For,https://img.drz.lazcdn.com/g/kf/Se92c6a98a7494a9fa163862c55993aecS.jpg_200x200q80.avif
47,15W Wireless Charger Pad Stand for iPhone 17-11 X XR  S22 S21  Phone Chargers Fast Charging Dock Station,
48,160W USB Type C Charger Multi Ports Fast Charging Phone Adapter For iPhone 16 Samsung Xiaomi Huawei EU/US/UK Plug Wall Charger,https://img.drz.lazcdn.com/g/kf/Sabbadae069b04ec1977c02c0b3fc63d15.jpg_200x200q80.avif
49,Anker 20W USB C Fast Wall Charger Block for iPhone All Series,https://www.hukut.com/_next/image?url=https%3A%2F%2Fcdn.hukut.com%2FAnker-20W-USB-C-Fast-Wall-Charger-Block-for-iPhone-All-Series-5.jpg%2520(1
50,Anker 312 Charger with C to C cable for iPhone Series & Android Flagships,https://www.hukut.com/_next/image?url=https%3A%2F%2Fcdn.hukut.com%2Fanker-312-charger.png1727955294600&w=640&q=75
51,Amo Store Pikachu Data Cable Wire Protector,
52,Amo Store Luffy Iphone Charger Protector 18/20W,
53,Amo Store Kuromi Data Cable Wire Protector,https://img.drz.lazcdn.com/static/np/p/8f06deb3e185fad88c7f7eacd4f78d90.png_200x200q80.avif
54,Amo Store Barbie Data Cable Wire Protector,https://img.drz.lazcdn.com/static/np/p/787dbd30e8b99ed7dbc9a01f7adb63c6.png_200x200q80.avif
55,Amo Store Black Dog Iphone Charger Protector 18/20W,https://img.drz.lazcdn.com/static/np/p/3eac382bab95c237383fe9a5d6f08ff2.jpg_200x200q80.avif
56,Amo Store Patrick Star Iphone Charger Protector 18/20W,https://img.drz.lazcdn.com/static/np/p/5be9a868728153264604ee05ebd3911a.jpg_200x200q80.avif
57,Amo Store Pink linebell Charger Protector 18/20W,https://img.drz.lazcdn.com/static/np/p/ee282710f56089332ff447ccf59e3d48.jpg_200x200q80.avif
58,Amo Store Tom Iphone Charger Protector 18/20W,https://img.drz.lazcdn.com/static/np/p/de140d95d5816aa7f087f031d88a6907.jpg_200x200q80.avif
59,Amo Store XBOX 3 Pin Iphone Charger Protector /Cover,https://img.drz.lazcdn.com/static/np/p/306c32a4822407891d348c4a4a1ab449.jpg_200x200q80.avif
60,Kaira Store New Design 3D Design 3Pin 20W Iphone Charger Protector/Cover For 3Pin Charger,https://img.drz.lazcdn.com/static/np/p/0f1601bfa673f1937b14652a5c4824b7.jpg_200x200q80.avif
61,Samsung 25Watt Charger,https://www.hukut.com/_next/image?url=https%3A%2F%2Fcdn.hukut.com%2FSamsung-25Watt-Charger.webp1738827677691&w=640&q=75
62,Oraimo 25w GaN Ultra Fast Type-C Charger Adapter,https://www.hukut.com/_next/image?url=https%3A%2F%2Fcdn.hukut.com%2Foraimo-25w-gan-ultra-fast-type-c-charger-adapter.png1767734462458&w=640&q=75
64,Promate 25W Charger and 60W Cable,https://www.hukut.com/_next/image?url=https%3A%2F%2Fcdn.hukut.com%2Fimgonline-com-ua-twotoone-XU6MFo4RLWIAz8R-removebg-preview.png1722264154728&w=640&q=75
65,Oraimo 45w GaN Ultra Fast Type-C Charger Adapter,https://www.hukut.com/_next/image?url=https%3A%2F%2Fcdn.hukut.com%2Foraimo-45w-gan-ultra-fast-type-c-charger-adapter.png1767734906630&w=640&q=75
66,Anker Zolo Charger 20W IQ & PD,https://www.hukut.com/_next/image?url=https%3A%2F%2Fcdn.hukut.com%2Fanker-zolo-charger-20w-iq-%2526-pd-Photoroom.png1769670862044&w=640&q=75
68,"Great Asia TK-E10A523 Android 13 Tablet  10.1\"" IPS Display  Octa-Core  4GB RAM  64GB Storage  Dual Cameras I wifi only",
70,WiWU Capacitive Active Universal Tablet Smart Pressure Touch Pencil,https://www.hukut.com/_next/image?url=https%3A%2F%2Fcdn.hukut.com%2Fwiwu-capacitive-active-touch-pencil-2.png1760692537374&w=640&q=75
71,"UGEE M708 V3 Digital Drawing Tablet, 10 x 6 Inches Large Graphics Tablet",https://img.drz.lazcdn.com/static/np/p/b2f94dd0976797d72d2db484e2238d09.jpg_200x200q80.avif
72,XP-PEN Deco Mini 7 v2 Graphic Drawing Tablet,https://img.drz.lazcdn.com/static/np/p/2a402d29d39afa84bf41c1c1e93dab25.jpg_200x200q80.avif
73,XP-PEN Deco 7 Pen graphic Drawing Tablet,https://img.drz.lazcdn.com/static/np/p/ed5fec0dfec5c7d25a57fa73e4a5386d.jpg_200x200q80.avif
74,"XPPen Updated Deco 01 V3 Drawing Tablet-16384 Levels of Pressure Battery-Free Stylus, 10x6 Inch OSU Graphic Tablet, 8 Hotkeys for Digital Art, Teaching, Gaming Drawing Pad for Chrome, PC, Mac, Android",https://img.drz.lazcdn.com/static/np/p/e91bb29a590ff81b7f0cada81e6de398.jpg_200x200q80.avif
75,XP-PEN Deco 01 V2 Graphic Tab,https://img.drz.lazcdn.com/static/np/p/d478b401b3e59c33a531f08dcebbf604.jpg_200x200q80.avif
76,+1 Offers for you > Honor Pad X7,https://www.hukut.com/_next/image?url=https%3A%2F%2Fcdn.hukut.com%2FimageSun%252C%252008%2520Feb%25202026%252008%253A12%253A03%2520GMT.jpg1770538327702&w=3840&q=75
78,Xiaomi Redmi Pad 2,https://www.hukut.com/_next/image?url=https%3A%2F%2Fcdn.hukut.com%2FXiaomi-Redmi-Pad-2-Mint-Green%2520.webp1750146519669&w=640&q=75
79,Samsung Galaxy Tab A7 Lite,https://www.hukut.com/_next/image?url=https%3A%2F%2Fcdn.hukut.com%2FSamsung%2520Galaxy%2520Tab%2520A7%2520Lite%25203.webp&w=640&q=75
80,Honor Pad X9a,https://www.hukut.com/_next/image?url=https%3A%2F%2Fcdn.hukut.com%2FHonor-Pad-X9a.webp1754292995810&w=640&q=75
81,Infinix Xpad 20 Pro,https://www.hukut.com/_next/image?url=https%3A%2F%2Fcdn.hukut.com%2Finfinix-xpad-20-pro-mist-blue.png1768369310680&w=640&q=75
82,OnePlus Pad Lite,https://www.hukut.com/_next/image?url=https%3A%2F%2Fcdn.hukut.com%2Foneplus-pad-lite.png1761757483161&w=640&q=75
84,Infinix Xpad,https://www.hukut.com/_next/image?url=https%3A%2F%2Fcdn.hukut.com%2Finfinix-xpad-stellar-grey.webp1768368268209&w=640&q=75
87,Samsung Galaxy Tab A9+,https://www.hukut.com/_next/image?url=https%3A%2F%2Fcdn.hukut.com%2FGalaxy-Tab-A9%252B.avif1745568130802&w=640&q=75
88,Blackview N2000 FLIP 4G MOBILE PHONE | RED | BLUE | BLACK,https://img.drz.lazcdn.com/static/np/p/a4282d73558d9314ee24ac563f00e7f6.jpg_200x200q80.avif
90,Ai+ Pulse,https://www.hukut.com/_next/image?url=https%3A%2F%2Fcdn.hukut.com%2Fai%252B-pulse-sparkle-red.webp1762500997968&w=640&q=75
91,Honor Play 10,https://www.hukut.com/_next/image?url=https%3A%2F%2Fcdn.hukut.com%2Fplay%252010.png1764589567745&w=640&q=75
92,Realme Note 60x,https://www.hukut.com/_next/image?url=https%3A%2F%2Fcdn.hukut.com%2FRealme-60x-Price-in-Nepal%2520(1).png1741326844639&w=640&q=75
93,Xiaomi Redmi A5 4G,https://www.hukut.com/_next/image?url=https%3A%2F%2Fcdn.hukut.com%2FXiaomi-Redmi-A5-4G-ocean-blue.png1744962009336&w=640&q=75
94,vivo Y04,https://www.hukut.com/_next/image?url=https%3A%2F%2Fcdn.hukut.com%2FVivo-y04-gold-Price-in-Nepal.png1742708263494&w=640&q=75
95,Honor X5c,https://www.hukut.com/_next/image?url=https%3A%2F%2Fcdn.hukut.com%2FHonor-X5c-tidal-blue%2520(2
96,Redmi 15C 4G,https://www.hukut.com/_next/image?url=https%3A%2F%2Fcdn.hukut.com%2Fredmi-15c-4g-midnight-black.webp1756722263683&w=640&q=75
97,Ai+ Nova,https://www.hukut.com/_next/image?url=https%3A%2F%2Fcdn.hukut.com%2Fai%252B-nova-sparkle-red.webp1762654888990&w=640&q=75
99,Honor X5c Plus,https://www.hukut.com/_next/image?url=https%3A%2F%2Fcdn.hukut.com%2Fhonor-x5c-plus-silverr.png1771749219119&w=640&q=75
101,Honor X6c,https://www.hukut.com/_next/image?url=https%3A%2F%2Fcdn.hukut.com%2FHonor-X6c-Moonlight-white.png1751609861173&w=640&q=75
103,"HONOR X6c | 128/256 GB Storage | AI Button, AI Eraser | Drop & Water Resistance | 5300mAh & 35W Large Battery",https://img.drz.lazcdn.com/static/np/p/9e2ded3f3d87837f7a141fb6332a2958.jpg_200x200q75.avif
105,Infinix HOT 60 Pro+ | 6.78″ FHD+ 120Hz Display| 8GB/128GB |50MP AI Camera| 5000mAh Battery| 5160 mAh Battery |,https://img.drz.lazcdn.com/static/np/p/f0711eae07c295578dc1bb1d657fcb29.jpg_200x200q80.avif
106,M-Horse S25 Ultra+ 8Ram 128 GB Rom,https://img.drz.lazcdn.com/g/kf/Safbfabe4519049c0837e795039d934a2W.jpg_200x200q80.avif
107,"Blackview COLOR 6 | 6.67\"" 90Hz Display | MediaTek Helio G81 | 8+128GB | 50MP Main & 13MP Selfie Camera | 4G Smartphone",
110,"MMX X1i Flip keypad Phone with Dual SIM | Big 2.4\"" Display | TypeC USB Port | Wireless FM | Auto Call Recording |",https://img.drz.lazcdn.com/static/np/p/3e33cb36c043f4432ab47f2893196452.jpg_200x200q75.avif
111,IPRO S 501 Aplus-4G Android Smart Phone,https://img.drz.lazcdn.com/static/np/p/09c7db4a18bfe8318adbbf5708446de3.jpg_200x200q80.avif
112,Mbo Mobile S24 Ultra + | 4-64 Memory | 5500 Mah Battery,https://img.drz.lazcdn.com/g/kf/S277804a3aebe4c70a73cdffad6f91019Z.jpg_200x200q80.avif
115,M-horse M16 Promax 8/128 5000 Mah battry,https://img.drz.lazcdn.com/g/kf/S9f138653ec5b47039aaf654b8cd86871G.jpg_200x200q75.avif
117,m Horse S25 ultra 8Ram 128 GB Rom,https://img.drz.lazcdn.com/g/kf/Sf160221a72a940e1a154ac936d1f9c36m.jpg_200x200q75.avif
120,M-Horse 17Pro Max+ 12/128 with free Earbuds,https://img.drz.lazcdn.com/static/np/p/9ae327f1c0b951cf0451abdc1a1f46b4.jpg_200x200q80.avif
121,vivo Y19s | 90 Hz Dotch Display | Anti Drop Design | 5150mAh Battery | Dual Stereo Speaker,https://img.drz.lazcdn.com/static/np/p/ba2b8b47b13f30cd9849c9f2d436483a.jpg_200x200q75.avif
122,"AI+ Nova 5G Android 15 Phone | 8GB RAM, 128GB ROM | 120Hz FHD+ Screen | 50MP Rear Camera | 5G Dual SIM Smartphone",https://img.drz.lazcdn.com/static/np/p/93d16e2669930f88490c018e0e060111.png_200x200q80.avif
124,Vivo Y19s Pro,https://www.hukut.com/_next/image?url=https%3A%2F%2Fcdn.hukut.com%2Fvivo-y19s-pro-pearl-silver.webp1748590882987&w=640&q=75
125,Vivo Y21d,https://www.hukut.com/_next/image?url=https%3A%2F%2Fcdn.hukut.com%2Fvivo-y21d-jade-green.png1758439052196&w=640&q=75
126,Realme C67 5G,https://www.hukut.com/_next/image?url=https%3A%2F%2Fcdn.hukut.com%2Frealme-c67-5g-price-in-nepal-Dark-Purple-3.webp1727247414444&w=640&q=75
127,Tecno Spark 30,https://www.hukut.com/_next/image?url=https%3A%2F%2Fcdn.hukut.com%2Ftecno-spark-30-atral-Price-in-Nepal.webp1729668529560&w=640&q=75
130,Redmi 15 4G,https://www.hukut.com/_next/image?url=https%3A%2F%2Fcdn.hukut.com%2Fredmi-15-4g-sandy-purple.webp1756720452655&w=640&q=75
131,Infinix Hot 60 Pro,https://www.hukut.com/_next/image?url=https%3A%2F%2Fcdn.hukut.com%2Finfinix-hot-60-pro-titanium-silver.webp1756279897002&w=640&q=75
132,"Infinix HOT 60Pro | 8GB+128GB | 6.78\"" AMOLED Display | MediaTek Helio G200 | 5160 mAh Battery |",https://img.drz.lazcdn.com/static/np/p/f2085a7bf19860b6c7a2a88719b1df3d.jpg_200x200q75.avif
134,vivo Y29 | 6500 mAh BlueVolt Battery | Anti-Drop Armor Design | Snapdragon 685 Processor | 120 Hz Smooth Display,https://img.drz.lazcdn.com/static/np/p/06bc34b7d5a6daa718037a6930c80899.jpg_200x200q75.avif
137,Vivo Y29 4G,https://www.hukut.com/_next/image?url=https%3A%2F%2Fcdn.hukut.com%2Fvivo-Y29-4G-White-Price-in-Nepal.png1745214932881&w=640&q=75
138,vivo Y31d,https://www.hukut.com/_next/image?url=https%3A%2F%2Fcdn.hukut.com%2Fvivo-y31d-gold.png1772953755655&w=640&q=75
139,+1 Offers for you > Redmi Note 15 4G,https://www.hukut.com/_next/image?url=https%3A%2F%2Fcdn.hukut.com%2FimageTue%252C%252020%2520Jan%25202026%252004%253A20%253A15%2520GMT.jpg1768882816105&w=3840&q=75
140,Infinix Hot 60 Pro+,https://www.hukut.com/_next/image?url=https%3A%2F%2Fcdn.hukut.com%2Finfinix-hot-60-pro%252B-coral-tides.webp1755159584105&w=640&q=75
141,Samsung Galaxy M17,https://www.hukut.com/_next/image?url=https%3A%2F%2Fcdn.hukut.com%2Fsamsung-galaxy-m17-sapphire-black.avif1762164463458&w=640&q=75
142,Samsung Galaxy A17 5G,https://www.hukut.com/_next/image?url=https%3A%2F%2Fcdn.hukut.com%2Fsamsung-galaxy-a17-5g-grey.webp1756625604593&w=640&q=75
143,Honor X7d 4G,https://www.hukut.com/_next/image?url=https%3A%2F%2Fcdn.hukut.com%2Fhonor-x7d-4g-black.webp1760512586269&w=640&q=75
144,Infinix Note 50s,https://www.hukut.com/_next/image?url=https%3A%2F%2Fcdn.hukut.com%2FInfinix-Note-50s-red.webp1755061869572&w=640&q=75
145,Infinix GT 30,https://www.hukut.com/_next/image?url=https%3A%2F%2Fcdn.hukut.com%2Finfinix-gt-30-5g-pulse-green.png1756728547044&w=640&q=75
146,Realme 14T 5G,https://www.hukut.com/_next/image?url=https%3A%2F%2Fcdn.hukut.com%2Frealme-14t-5g-lightning-purple.webp1749978799114&w=640&q=75
148,Motorola Moto G85 5g,https://www.hukut.com/_next/image?url=https%3A%2F%2Fcdn.hukut.com%2FMagenta-2.png1736417451558&w=640&q=75
149,Vivo V50 Lite 4G,https://www.hukut.com/_next/image?url=https%3A%2F%2Fcdn.hukut.com%2FVivo-V50-Lite-4G-2.webp1748252633991&w=640&q=75
150,Honor X9c Smart 5G,https://www.hukut.com/_next/image?url=https%3A%2F%2Fcdn.hukut.com%2FHonor-x9c-smart-white-Price-in-Nepal.webp1743752058371&w=640&q=75
151,+1 Offers for you > Redmi Note 15 5G,https://www.hukut.com/_next/image?url=https%3A%2F%2Fcdn.hukut.com%2FimageTue%252C%252020%2520Jan%25202026%252004%253A20%253A15%2520GMT.jpg1768882816105&w=3840&q=75
152,Honor 400 Lite,https://www.hukut.com/_next/image?url=https%3A%2F%2Fcdn.hukut.com%2FHonor-400-Lite-Velvet-Grey-Price-in-Nepal.png1749360199796&w=640&q=75
153,+1 Offers for you > vivo Y400,https://www.hukut.com/_next/image?url=https%3A%2F%2Fcdn.hukut.com%2FimageSun%252C%252008%2520Feb%25202026%252008%253A13%253A42%2520GMT.jpg1770538544864&w=3840&q=75
155,+1 Offers for you > Motorola G96 5G,https://www.hukut.com/_next/image?url=https%3A%2F%2Fcdn.hukut.com%2FimageSun%252C%252008%2520Feb%25202026%252007%253A26%253A44%2520GMT.jpg1770535611753&w=3840&q=75
156,Samsung Galaxy M36,https://www.hukut.com/_next/image?url=https%3A%2F%2Fcdn.hukut.com%2FSamsung-Galaxy-M36-velvet-black.png1753335032459&w=640&q=75
157,+1 Offers for you > vivo V60 Lite 4G,https://www.hukut.com/_next/image?url=https%3A%2F%2Fcdn.hukut.com%2FimageSun%252C%252008%2520Feb%25202026%252008%253A13%253A42%2520GMT.jpg1770538544864&w=3840&q=75
158,Vivo V50 Lite 5G,https://www.hukut.com/_next/image?url=https%3A%2F%2Fcdn.hukut.com%2FVivo-V50-lite-5G.png1748251904983&w=640&q=75
159,Motorola Edge 50 Fusion,https://www.hukut.com/_next/image?url=https%3A%2F%2Fcdn.hukut.com%2FMotorola-Edge-50-Fusion-hot-pink-2.png1736416332142&w=640&q=75
160,Infinix GT 30 Pro,https://www.hukut.com/_next/image?url=https%3A%2F%2Fcdn.hukut.com%2Finfinix-gt-30-pro-5g-dark-flare.webp1762334830572&w=640&q=75
161,vivo V60 Lite 5G,https://www.hukut.com/_next/image?url=https%3A%2F%2Fcdn.hukut.com%2Fvivo-v60-lite-5g-titanium-mist-blue.webp1760693199027&w=640&q=75
162,OnePlus Nord CE 5,https://www.hukut.com/_next/image?url=https%3A%2F%2Fcdn.hukut.com%2Foneplus-nord-ce-5-nexus-blue.webp1752045170307&w=640&q=75
163,Realme 14 5G,https://www.hukut.com/_next/image?url=https%3A%2F%2Fcdn.hukut.com%2Frealme-14-5g-pink.png1749972715216&w=640&q=75
164,Redmi Note 15 Pro,https://www.hukut.com/_next/image?url=https%3A%2F%2Fcdn.hukut.com%2Fredmi-note-15-pro-titanium.webp1768848598278&w=640&q=75
166,Honor X9c,https://www.hukut.com/_next/image?url=https%3A%2F%2Fcdn.hukut.com%2FHonor-X9c-Titanium-Black%2520(1
168,+1 Offers for you > Honor X9d,https://www.hukut.com/_next/image?url=https%3A%2F%2Fcdn.hukut.com%2FimageSun%252C%252001%2520Feb%25202026%252009%253A20%253A40%2520GMT.jpg1769937642423&w=3840&q=75
169,Samsung Galaxy A54,https://www.hukut.com/_next/image?url=https%3A%2F%2Fcdn.hukut.com%2FSamsung-Galaxy-A54-Violet.png1741345420806&w=640&q=75
170,vivo V60 5G | 50 MP ZEISS Super Telephoto Camera | Telephoto Wedding Portrait | 6500 mAh BlueVolt Battery & 90W Flash Charge  |  Snapdragon 7 Gen 4,https://img.drz.lazcdn.com/static/np/p/14245595a9d8b072c7e3fd81d5a7b725.jpg_200x200q80.avif
171,"ASUS Vivobook 14 X1405VA Laptop - 13th Gen Intel Core i5-13420H Processor | 8GB DDR4 RAM | 512GB NVMe SSD | 14\"" WUXGA IPS Display | Windows 11 Home | Backlit | Fingerprint | Free Bag & Mouse | 2-Year International Warranty + 1-Year Perfect Insurance",https://img.drz.lazcdn.com/static/np/p/8b73cbffac4d251be54968c7e2d09d02.jpg_200x200q80.avif
173,Dell i5 10th Gen Ram 8 GB 256 Processor 14 Inch Display,https://img.drz.lazcdn.com/static/np/p/d78ef046d54cbd33027b6d34c8117b6e.png_200x200q80.avif
174,"Dell Inspiron 15 3530 - i5 1335U | 8GB RAM | 512GB SSD | 5.6\"" FHD TUCH Display | 1 Year Warranty",https://img.drz.lazcdn.com/static/np/p/9461aa262a565a6cabc1a4f55223d494.jpg_200x200q80.avif
175,Dell i5 11th Gen Ram 8 GB 256 Processor 14 Inch Display,https://img.drz.lazcdn.com/static/np/p/d78ef046d54cbd33027b6d34c8117b6e.png_200x200q80.avif
176,"Acer Aspire 3 | Intel Celeron N4500 | 8GB RAM | 256GB SSD | 15.6\"" FHD | Silver",https://img.drz.lazcdn.com/g/kf/S93ee065a364847e2917ec9da150449f3I.jpg_200x200q80.avif
177,Acer Aspire AMD Ryzen 5 - 7430 / 16GB RAM/ 512GB SSD |15.6 FHD IPS Display,https://img.drz.lazcdn.com/g/kf/S899917f8c43749879b1cd5cd34e30446N.jpg_200x200q80.avif
178,Lenovo Ideapad 1 N4500 | 4GB RAM | 256GB SSD | 14″ HD | Win 11 | 1 Years Warranty,https://img.drz.lazcdn.com/static/np/p/5ed9dc1086568d10e8692729b99dc435.jpg_200x200q80.avif
181,"ASUS VIVOBOOK X1404V I3 1315U DDR4 8GB 256GB SSD 14\""FHD 1 YEAR",https://img.drz.lazcdn.com/static/np/p/731d0b4cd51efa6510ad9c1323e8abd8.jpg_200x200q80.avif
182,"HP 15.6\"" Laptop 15-fd0113dx – Intel Core i3 N305, 8GB RAM, 128GB UFS, Natural Silver",https://img.drz.lazcdn.com/g/kf/S8d14c90d142c4606b1463b04c9e09717e.jpg_200x200q80.avif
183,Asus Vivobook X1404VA Core i3-1315U 13th Gen | 8 GB RAM | 256GB SSD | 14″ FHD | Win 11 | 1 Years Warranty,https://img.drz.lazcdn.com/static/np/p/a56cf99c844897083e17aed390fc163f.png_200x200q80.avif
184,Acer Aspire Go 15 Core 3-N355 | 8GB RAM | 256GB SSD | 15.6 ” FHD | Win 11 Home | 1Years Warranty,https://img.drz.lazcdn.com/static/np/p/21fbd7020db5df51fc03e6985a013230.jpg_200x200q80.avif
188,Acer Aspire Go AMD Ryzen 5-7520U | 8GB RAM | 512GB SSD |15.6″ FHD IPS Touch Screen| Win11 | 1 Years Warranty,https://img.drz.lazcdn.com/static/np/p/536c10a593b17f0f47987113d90ae08b.jpg_200x200q80.avif
192,"Lenovo V14 G4 IRU i5 1335U | 8GB RAM | 512GB SSD | 14\"" FHD Display | 1 Year Warranty",https://img.drz.lazcdn.com/static/np/p/2ed7c36095273ea2cf502d97ff6a9f5d.jpg_200x200q80.avif
193,"Dell 15 Laptop Processor 13th Gen Intel® Core™ i5-1334U, 10 cores Operating System Windows 11 Home Graphics Card Intel® UHD Graphics Memory 8 GB DDR5 Storage 512 GB PCIe NVMe SSD Display 15.6\"" Non-Touch FHD Carbon Black",https://img.drz.lazcdn.com/static/np/p/4bcb71221c6b19b77af0bcfa8c0cdf24.jpg_200x200q80.avif
194,HP 15-FD0150WM | INTEL CORE 5 PROCESSOR | 16 GB RAM | 512 GB SSD STORAGE | 15.6″ INCH TOUCH DISPLAY | SILVER,https://img.drz.lazcdn.com/static/np/p/0674914b247a9dc9ccb774883d3cec2e.png_200x200q80.avif
195,"Lenovo Ideapad Slim 3i i5 13th Gen | 8GB RAM | 512GB SSD | 15.3\"" WUXGA FHD Display | 1 Year Warranty",https://img.drz.lazcdn.com/static/np/p/334baa729b9077ff1439e62a075c6b0e.png_200x200q80.avif
197,"Lenovo V14 G4 AMD Ryzen 5 Core 7520U, 14\"" IPS FHD, 16 GB DDR5 RAM, 512 GB Gen 4 NVMe SSD, Artic Grey, Free DOS, 1 Year Warranty - Nagmani International",https://img.drz.lazcdn.com/static/np/p/0e6b6f2f32af4239198a33cea2b4241e.png_200x200q80.avif
200,"WITH 10 FREE ACCESSORIES HP Victus 15-FA2013 Gaming Laptop | Core i5-13420H | RTX 3050 6GB | 8GB RAM | 512GB SSD | 15.6\"" FHD 144Hz",https://img.drz.lazcdn.com/static/np/p/e250765d977fd58bf6e32de68dd5b128.png_200x200q80.avif
201,"HP VICTUS 15 RYZEN 5 8645HS 16GB RAM 512GB SSD RTX3050-6GB VRAM 15.6\"" 144HZ DISPLAY 1 YEAR WARRENTY",https://img.drz.lazcdn.com/static/np/p/ba8939a31e34f21f355085dd9480274b.png_200x200q80.avif
218,Apple MacBook Air M4 13 inch,https://www.hukut.com/_next/image?url=https%3A%2F%2Fcdn.hukut.com%2FApple-MacBook-Air-M4-sky-blue-Price-in-Nepal.webp1749632688349&w=640&q=75
224,"Lenovo IdeaPad Slim 5 | Core Ultra 7 155H | 32GB RAM | 1TB SSD | 14\"" WUXGA OLED | Backlit Keyboard | 1 Year Warranty - Nagmani International",https://img.drz.lazcdn.com/static/np/p/5a3d72e1a17b2ddddd6bbf76340f3f17.png_200x200q80.avif
237,Apple MacBook Pro M5 14 inch,https://www.hukut.com/_next/image?url=https%3A%2F%2Fcdn.hukut.com%2F3.png1765450012017&w=640&q=75
241,Lenovo IdeaPad Slim 3 Intel Core i5 13th Gen 13420H – 16GB DDR5 RAM – 512GB NVMe SSD – Intel Integrated Graphics – 15.6″ FHD Display – Arctic Grey,https://img.drz.lazcdn.com/static/np/p/a11623508d62c57fcc8741a7780c1d74.jpg_200x200q80.avif
242,Acer Nitro V15 Intel Core i5 13th Gen 13420H – RTX 2050 4GB Graphics – 8GB DDR5 RAM – 512GB NVMe SSD – 15.6″ FHD 165Hz Display – Backlit Keyboard – Black,https://img.drz.lazcdn.com/static/np/p/0bb083243486eac54426dbd21a82da61.jpg_200x200q80.avif
243,DJI Osmo Mobile 7,https://www.hukut.com/_next/image?url=https%3A%2F%2Fcdn.hukut.com%2FDJI-Osmo-Mobile-7-Price-in-Nepal.png1742710405714&w=640&q=75
244,DJI Osmo Mobile 8,https://www.hukut.com/_next/image?url=https%3A%2F%2Fcdn.hukut.com%2Fdji-osmo-mobile-8-2.png1763313419875&w=640&q=75
245,DJI Osmo Mobile 7P,https://www.hukut.com/_next/image?url=https%3A%2F%2Fcdn.hukut.com%2FDJI-Osmo-Mobile-7P-4.webp1742555643240&w=640&q=75
246,DJI Osmo Mobile 6,https://www.hukut.com/_next/image?url=https%3A%2F%2Fcdn.hukut.com%2F07378296d58d982d9cf104dbe587cb05%2540374_374.png&w=640&q=75
248,Action Camera 4K WiFi Ultra HD Waterproof Sport Cam With 12MP 170 Degree Wide-Angle Lens,https://img.drz.lazcdn.com/static/np/p/7a42fe7c4b33e7d1bd5e29b2ba09327e.jpg_200x200q80.avif
249,Mamubox Instant Print Camera,https://img.drz.lazcdn.com/static/np/p/b189ecc23ee057d972ad24dbb6c2962b.png_200x200q80.avif
250,GoPro HERO 4K Compact Action Camera-icefall store,https://img.drz.lazcdn.com/static/np/p/e20b4cb3e74c78448353f771ca040eef.jpg_200x200q80.avif
251,SKY TECH V380 Full HD Indoor Wireless 2MP WiFi CCTV Security Camera | Motion Tracking | Two Way Talk | Colored Night Vision | Support Upto 128GB SD Card | Includes E27 Holder,https://img.drz.lazcdn.com/static/np/p/3d635e007ecf6b277bdcb4bc1bfe1b0d.jpg_200x200q80.avif
252,GoPro Hero 12 Black-Icefall Store,https://img.drz.lazcdn.com/static/np/p/0c281ce5520448018f5ebd77b9bedffc.jpg_200x200q80.avif
253,Action Camera Ultra Hd Wi-Fi Action Sport Camera-Yagya Premiums,https://img.drz.lazcdn.com/static/np/p/8b0370db7429c2548820eb985a3e4a6a.jpg_200x200q80.avif
254,GoPro HERO 13 Black-icefall Store,https://img.drz.lazcdn.com/static/np/p/0b6ec4f41b29319400ba77b47ad80876.jpg_200x200q80.avif
255,Wi-Fi 4K Ultra Hd Waterproof Sports Action Camera,https://img.drz.lazcdn.com/static/np/p/ef5a717a86fff6ba749f8a7541ec503a.jpg_200x200q80.avif
256,4K Sports Ultra Hd Dv Water Resistant GoPro Action Camera,https://img.drz.lazcdn.com/g/kf/S8b3065341932493baba94dff72a25bb3w.jpg_200x200q80.avif
257,4K 30FPS Action Camera Ultra HD Underwater Camera 170 Degree Wide Angle 98Ft Waterproof Camera | go pro camera for vlogging,https://img.drz.lazcdn.com/static/np/p/949901972d9352e37fc3d26c983f9453.jpg_200x200q80.avif
258,4K Ultra Hd Wi-Fi Action Sport Camera,https://img.drz.lazcdn.com/static/np/p/30ef10d6b5bc1957e7f0953b38fda06f.jpg_200x200q80.avif
259,Ultra Hd Wi-Fi Action Sport Camera  Multifunctional Action Camera For Beginners,https://img.drz.lazcdn.com/static/np/p/150c0847db2cb748060a28833070e157.jpg_200x200q80.avif
260,4k Action Camera,https://img.drz.lazcdn.com/static/np/p/2c467bd964222a1334a1e950af4d8d5c.jpg_200x200q80.avif
261,"The Almari 4K Ultra Hd Waterproof Action Camera 2.0\"" With Remote And Wifi",https://img.drz.lazcdn.com/static/np/p/b31326e0372a2d8488c40c8e6d879fd2.jpg_200x200q80.avif
262,"4K Sports Ultra HD DV Gopro Camera 30M Water Resistant For Bikers , Sports",https://img.drz.lazcdn.com/static/np/p/391904067dc0f6df22175248d4fd0ccf.jpg_200x200q80.avif
263,4k Action Camera With Remote and Waterproof,https://img.drz.lazcdn.com/static/np/p/6360fa7e608adf09184d9b15eab161ba.jpg_200x200q80.avif
264,4K Ultra Hd Wi-Fi Action Sport Camera | Multifunctional Action Camera For Beginners,https://img.drz.lazcdn.com/static/np/p/30e7cc3cb41142b9803d7f064d0c8d56.jpg_200x200q80.avif
265,"Two-Way Video Calling WiFi Camera, Home Security & Baby Monitor",https://img.drz.lazcdn.com/static/np/p/705e2c15211e649c08f70855029f35c3.jpg_200x200q80.avif
266,Cool Vision Triple lense Camera V380 Pro 24 MP *3 HD WIFI 3 Camera,https://img.drz.lazcdn.com/static/np/p/39725ecaaeba531b14163e61c953f0fd.jpg_200x200q80.avif
267,Dahua Hero A1 Wireless Surveillance Camera,https://www.hukut.com/_next/image?url=https%3A%2F%2Fcdn.hukut.com%2Fdahua-hero-a1-3.png1735810832565&w=640&q=75
268,"4k 20MP Action Camera Ultra HD With External Mic, Underwater Camera 131FT Waterproof Camera 170 Degree Wide Angle 4X Zoom Support External Microphone",https://img.drz.lazcdn.com/static/np/p/c4294bf7d85cb1808dbbcf181d4c27d3.jpg_200x200q80.avif
269,"\""SJCAM | 30M Water Resistant | Magnetic Body Action Camera | WiFi 2.4 GHZ | Insta Go | Body Cam | Webcam\""",https://img.drz.lazcdn.com/static/np/p/8955938f197f0333fdf857a21f711836.jpg_200x200q80.avif
270,EZVIZ H9c Smart Home Security Camera – Dual 2K Resolution,https://img.drz.lazcdn.com/g/kf/Sa4ec4616659744cdb6e10e7bd9c43e85m.jpg_200x200q80.avif
271,Fujifilm Instax Mini 12 Instant Camera - Instant Photos Camera |,https://img.drz.lazcdn.com/static/np/p/263bf7655c7cc97583dea3c0e92302bf.jpg_200x200q80.avif
272,GoPro Hero 10 Black,https://www.hukut.com/_next/image?url=https%3A%2F%2Fcdn.hukut.com%2FGoPro-Hero-10-Black-price-in-nepal-2.png1722236788295&w=640&q=75
273,GoPro Hero 11 Black,https://www.hukut.com/_next/image?url=https%3A%2F%2Fcdn.hukut.com%2FGoPro%2520hero%252011%2520Black%25202.webp&w=640&q=75
274,GoPro Hero 12,https://www.hukut.com/_next/image?url=https%3A%2F%2Fcdn.hukut.com%2Fplp-product-card-h12.png&w=640&q=75
275,Insta360 GO 3 Action Camera Standalone,https://www.hukut.com/_next/image?url=https%3A%2F%2Fcdn.hukut.com%2FInsta%2520Go%25203%2520.webp&w=640&q=75
276,Insta360 X3 360° Action Camera,https://www.hukut.com/_next/image?url=https%3A%2F%2Fcdn.hukut.com%2FInsta360X3_LaunchKV_TransparentBackground_grande.webp&w=640&q=75
277,DJI Osmo Nano Standard Combo Action Camera,https://www.hukut.com/_next/image?url=https%3A%2F%2Fcdn.hukut.com%2Fdji-osmo-nano-standard-combo-action-camera-5.png1760251981978&w=640&q=75
278,Dji Osmo Action 4 Camera,https://www.hukut.com/_next/image?url=https%3A%2F%2Fcdn.hukut.com%2FDji%2520Osmo%2520Action%25204%2520Camera%2520Standard%2520Combo%2520321.webp&w=640&q=75
279,GoPro HERO 13 Black,https://www.hukut.com/_next/image?url=https%3A%2F%2Fcdn.hukut.com%2Fgo-pro-hero-13-black-3.webp1739871585959&w=640&q=75
280,Insta360 X4 360° 8K Camera,https://www.hukut.com/_next/image?url=https%3A%2F%2Fcdn.hukut.com%2FInsta360-X4-360%25C3%2582%25C2%25B0-8K-Camera-Price-in-Nepal.png1734414572742&w=640&q=75
281,Insta360 X5 - Flagship 8K 360º Action Camera,https://www.hukut.com/_next/image?url=https%3A%2F%2Fcdn.hukut.com%2FInsta360-X5-3.webp1748196362887&w=640&q=75
282,"DJI Mini 2 Fly More Combo - Drone Quadcopter UAV - Ultralight and Foldable, with 12MP, 4K Camera, 31 Min Flight Time",https://www.hukut.com/_next/image?url=https%3A%2F%2Fcdn.hukut.com%2FDJI%2520Mini%25202%2520Fly%2520More%2520Combo.webp&w=640&q=75
284,Insta360 ONE RS 1-Inch 360 Edition Camera,https://www.hukut.com/_next/image?url=https%3A%2F%2Fcdn.hukut.com%2FInsta%2520360%2520One%2520Rs%25201-inch%2520360%2520edition%2520camera.webp&w=640&q=75
285,"DJI Air 2S Fly More Combo, Drone with 3-Axis Gimbal Camera, 5.4K Video, 1-Inch CMOS Sensor, 4 Directions of Obstacle Sensing, 31 Mins Flight Time, 12km 1080p Video Transmission, Two Extra BatteriesDJI",https://www.hukut.com/_next/image?url=https%3A%2F%2Fcdn.hukut.com%2FDJI%2520Air%25202S%2520Fly%2520More%2520Combo%25201.webp&w=640&q=75
287,"Dji Mavic 3 Pro Lightweight and Foldable Camera Drone with 4K/60fps Video , 47-min Flight Time , Tri-Directional Obstacle Sensing",https://www.hukut.com/_next/image?url=https%3A%2F%2Fcdn.hukut.com%2Fedit.webp&w=640&q=75
288,"Tablete VEGA ITAB 7\""",https://img.drz.lazcdn.com/static/np/p/1e412d39e7acfb750599ad345a9b8b4e.jpg_200x200q80.avif
289,UGEE Q6 6.5x4 inch Drawing Tablet,https://img.drz.lazcdn.com/static/np/p/5cd14296cb530392f4f1aa064c076fea.jpg_200x200q80.avif
290,UGEE S640  Graphic Drawing Tablet,https://img.drz.lazcdn.com/static/np/p/8e0391cd186482a4fdbc8047cd3a74c3.png_200x200q80.avif
291,UGEE M708 Electronic Graphic Tablet with Pen Writing Tablet Drawing Tablet with Stylus - 10 x 6 Inches,https://img.drz.lazcdn.com/static/np/p/326cdc5ef2440037758b89c510ca2c37.jpg_200x200q80.avif
292,XPPen Deco 640 Drawing Tablet with 16384 Pressure Levels Sensitivity,https://img.drz.lazcdn.com/static/np/p/c2fba44edd5b3cebe6674f54d3727b08.jpg_200x200q80.avif
293,Onyx Grand Tabgold Series 2/16Gb,https://img.drz.lazcdn.com/static/np/p/ca33b586fc51bbd44bacb54d04a4391b.jpg_200x200q80.avif
294,VANKYO MatrixPad S8 Tablet,https://img.drz.lazcdn.com/static/np/p/44bee35c0aeb5a3f7cdc1c03892bab3e.jpg_200x200q80.avif
295,UGEE Upgrade M908 10x6.25 inch Drawing Tablet,https://img.drz.lazcdn.com/static/np/p/c3ab71ed9a4a5c21f07e9d9aff9a321a.jpg_200x200q80.avif
296,Wacom One Tablet Ctl 472/K0-Cx Small 6-Inch X 3.5-Inch,https://img.drz.lazcdn.com/static/np/p/516840bf107c6dc2107fd4c781ca8789.jpg_200x200q80.avif
298,Blackview Tab 20 Kids 10.1-inch 4GB+64GB 6600mAh Children Edition Wi-Fi Tablet,https://img.drz.lazcdn.com/static/np/p/f95085c83f4bfb78ca1f8c2388f772c3.png_200x200q80.avif
299,Samsung Galaxy Tab A11,https://www.hukut.com/_next/image?url=https%3A%2F%2Fcdn.hukut.com%2Fsamsung-galaxy-tab-a11-gray.webp1760904140389&w=640&q=75
301,Samsung Galaxy Tab A9,https://www.hukut.com/_next/image?url=https%3A%2F%2Fcdn.hukut.com%2FSamsung-Tab-A9.webp&w=640&q=75
302,"XP-Pen Deco Pro LW Gen 2 Graphics Tablet with X3 Pro Stylus & Mini Key-dial, Digital Drawing Pad for Animation, Digital Art, Video Editing",https://img.drz.lazcdn.com/static/np/p/29a77a8eff7a104b08681c600345f57b.jpg_200x200q80.avif
303,Samsung Galaxy Tab S10 Lite,https://www.hukut.com/_next/image?url=https%3A%2F%2Fcdn.hukut.com%2Fsamsung-galaxy-tab-s10-lite-coral-red.webp1758009669187&w=640&q=75
305,Samsung Galaxy Tab S10 FE,https://www.hukut.com/_next/image?url=https%3A%2F%2Fcdn.hukut.com%2FSamsung-Galaxy-Tab-S10-FE-gray.webp1744974663708&w=640&q=75
310,Samsung Galaxy Tab S11,https://www.hukut.com/_next/image?url=https%3A%2F%2Fcdn.hukut.com%2Fsamsung-galaxy-tab-s11-2.avif1762495480097&w=640&q=75
314,Jizetin for Infinix Smart 9 Hot 50i Back Cover Shy Kuromi Ladder Camera Soft Rubber Mobile Phone Case,https://img.drz.lazcdn.com/collect/sg/p/31635a76ebe822c02fbdec950a914db0.jpg_200x200q80.avif
315,Jizetin for Infinix Smart 8/Pop 8/Hot 40i/Spark 20 20C/Spark Go 2024 Back Cover Silly Luffy Ladder Camera Soft Rubber Mobile Phone Case,https://img.drz.lazcdn.com/static/np/p/53a2cce22a294cc74877b6ea47ea69b8.jpg_200x200q80.avif
316,"Suction Cup Phone Case Mount Phones Holder for Content Creators Hands-Free Video and Photo Taking, Compatible with Smartphones",https://img.drz.lazcdn.com/static/np/p/077916f622d51a08b03250457413486b.jpg_200x200q80.avif
317,Jizetin for Infinix Smart 8 Hot 40i Spark Go 2024 Spark 20 20C Pop 8 Back Cover Cute Purin Cream Wavy Edge Soft Silicone Phone Case,https://img.drz.lazcdn.com/static/np/p/eb99cad13675331e943d5b6d53e01517.jpg_200x200q80.avif
318,Sealed Waterproof Phone Cover | Touch-Friendly PVC Pouch | Rain Protection for Smartphones,https://img.drz.lazcdn.com/g/kf/S62a667e1326a4b45bc1535657a890757o.jpg_200x200q80.avif
322,Ipaky Infinix Hot 50i / Infinix Smart 9 Super Series Transparent Mobile Cover Case Shell,https://img.drz.lazcdn.com/static/np/p/c68b4c38c9227584aec4c97f1dc8f246.png_200x200q80.avif
323,infinix Hot 60i 4G Shockproof Phone Case for infinix Hot 60 Hot 60i Hot 50i Hot 50 Pro Smart 10 X6725 Soft Hydrogel Film 3 in 1 Screen Protector Camera Lens Film,https://img.drz.lazcdn.com/static/np/p/e5f9510bf05163e4befd695ee34fedc0.jpg_200x200q80.avif
325,Ipaky Infinix Hot 40i / Infinix Smart 8 / Infinix Smart 8 HD / Infinix Smart 8 Plus / Tecno Spark 20 / Spark Go 2024 / Spark 20C Super Series Transparent Mobile Cover Case Shell,https://img.drz.lazcdn.com/static/np/p/3298e50d99080bcbd6bded60e7d5a658.png_200x200q80.avif
326,Infinix Smart 7/7 Plus Ipaky Case With Back Transparent Case,https://img.drz.lazcdn.com/static/np/p/d8ea8d75cf66247bd3d5c260e0b8daef.jpg_200x200q80.avif
327,Infinix Hot 40i / Infinix Smart 8 / Infinix Smart 8 HD / Infinix Smart 8 Plus / Tecno Spark 20 / Spark Go 2024 / Spark 20C Ipaky Super Series Transparent Mobile Cover Case Shell,https://img.drz.lazcdn.com/static/np/p/8a4b62895e61580112211006e7dddefb.png_200x200q80.avif
329,Infinix Smart 6 HD Soft Silicon Case With Fur Inside,https://img.drz.lazcdn.com/static/np/p/cf9f67670f6e9c3afded95f9a3818d32.jpg_200x200q80.avif
330,Soft Silicon Case With Fur Inside For Infinix Smart 6 HD,https://img.drz.lazcdn.com/static/np/p/cf9f67670f6e9c3afded95f9a3818d32.jpg_200x200q80.avif
331,Soft Silicon Case With Fur Inside For Infinix Smart 6,https://img.drz.lazcdn.com/static/np/p/e20f1eed4356fca4d4304e97b4f17bbf.jpg_200x200q80.avif
332,Case for infinix smart 5 phone casing back cover Softcase Silicone shockproof Cover new design aesthetic Rotatable mirror Cute Bear with holder JTXXZJ01,https://img.drz.lazcdn.com/static/np/p/1dfcc11c4631996ec1bd6eb7a90821c3.jpg_200x200q80.avif
333,Case for infinix smart 8 tecno spark go 2024 hot 40i spark 20 20c phone casing Softcase Silicone shockproof Cover new design aesthetic Magnetic Wireless with lanyard SJSTBSWX01,https://img.drz.lazcdn.com/static/pk/p/992b2ef778f6cbaa345f8aff3dcbe9dc.jpg_200x200q80.avif
334,Case for OnePlus 8T 5G CLEAR Soft Silicone TPU Phone Back Cover For One Plus 8 T 1+ 8T  Smartphone,https://img.drz.lazcdn.com/static/np/p/874b37201e0c52b00a2175f5436216a7.jpg_200x200q80.avif
335,Lenuo For Huawei Y7A / P SMART 2021 Mobile Phone Case Ring Bracket Back Cover Camera Protection,https://img.drz.lazcdn.com/static/np/p/64ccffc27b7b4f2821b18f2c70034943.jpg_200x200q80.avif
337,Biruiqu For Infinix Smart 10 Plus New Angel Eye Step Lens Full Pack Thickened Anti Drop Silicone Protective Cover,https://img.drz.lazcdn.com/collect/sg/p/2a8c088aad8096129d595fa2b8b09fc8.jpg_200x200q80.avif
338,Biruiqu For Infinix Smart 10 Plus With DIY Cute Puppy Sticker - Step Lens Full Pack Thickened Anti-Drop Silicone Phone Case,https://img.drz.lazcdn.com/static/bd/p/94ae2780e5de1f62df99dd487d460e1d.jpg_200x200q80.avif
339,Jizetin for Infinix Hot 10i Smart 5 Pro Back Cover Crystal Transparent Chef White Bear Soft Full Camera Cover Protection Phone Cases,https://img.drz.lazcdn.com/collect/sg/p/15d1a348d42f1289ab06f77aa5df6e04.jpg_200x200q80.avif
340,For Infinix Hot 30i 50i 60i 50 60 30 Pro Plus Smart 8 10 9 5 Note 50 Pro ITEL A90 A70 P55 Tecno Spark GO 1s 2025 1 10C 30C 10 40C 40 30 Pro Camon 40 Pro Fashion English Words Cover,https://img.drz.lazcdn.com/static/np/p/29258b9afafbe4adb4cd4827241f9072.jpg_200x200q80.avif
341,Jizetin for Infinix Smart 8/Pop 8/Hot 40i/Spark 20 20C/Spark Go 2024 Back Cover Blue Machine Cat Ladder Camera Soft Rubber Mobile Phone Case,https://img.drz.lazcdn.com/static/np/p/811c803c315c821e1f840c41e99b39bf.jpg_200x200q80.avif
342,Circular Dots Bowknot Phone Case For Honor 400 200 90 Smart Pro Magic7 6 5 70 Lite X9a X9c X9b X8a X8b X8c X6c X7b X7c X6b Cover,https://img.drz.lazcdn.com/g/kf/S987505713a174a668e958f3095424897W.jpg_200x200q80.avif
343,For Infinix Hot 30i 40i 10 30 40 12 11 9 8 Play Smart 7 5 8 6 Tecno Spark GO 2024 20 10 Pro GO 2023 10C 20C Camon 20 Pro Note 20 30 Pro 12 G96 Dreamy English Romance Bowknot Cover,https://img.drz.lazcdn.com/static/np/p/fcfcd42d2d066fb1ec96226825a0db95.jpg_200x200q80.avif
344,For Infinix Hot 30i 20i 40 Smart 8HD 8 7 5 Pro Plus Tecno Spark G0 10C 20C 20 10 Pro Camon 20 Hot 11 30 10 10T 20 40i 9 12 8 Play Note 12 G96 30 Pro Dreamy Butterfly Cartoon Cover,https://img.drz.lazcdn.com/static/np/p/5a3fabceb34186deac37153acdcdd34c.jpg_200x200q80.avif
345,For Infinix Smart 8 7 5 6 Pro Plus 8HD POP8 Hot 40i 30i Tecno Spark GO 10 20 Pro 10C 20C Hot 40 9 10 20 11 Play Infinix Note 30 40 Pro 12 G96 GT Cartoon Cute One Piece Luffy Case,https://img.drz.lazcdn.com/static/np/p/e878b3a4ac8552eec8a2e7cdaeb3c365.jpg_200x200q80.avif
346,For Infinix Hot 30i 40i Smart 8 5 7 Pro Plus 8HD POP8 Tecno Spark 10C 20C GO 20 10 Pro Camon 20 Hot 10 11 9 30 Play Note 10 40 30 Pro 12 G96 Cartoon Violent Bear Cool Graffiti Case,https://img.drz.lazcdn.com/static/np/p/5664bfb23108f7ca41fc8f9e0f172403.jpg_200x200q80.avif
347,For Infinix Smart 8HD 7 8 5 6 Pro Plus Hot 40i 30i Tecno Spark GO 20 10 Pro 10C 20C POP8 Hot 9 40 20 10 11 Play Infinix Note 30 40 Pro 12 G96 3D Cute Hello Kitty Flip Mirror Cover,https://img.drz.lazcdn.com/static/np/p/84422e1be9a0fab221c7ff904de89c51.jpg_200x200q80.avif
348,For Infinix Smart 8HD 7 8 5 Pro Plus POP8 Hot 30i Tecno Spark 10C 20C GO 10 20 Pro Camon 20 Hot 30 11 40i 9 10 Play Note 30 40 Pro 12 G96 Cartoon Couple Cute Crayon Shin-chan Case,https://img.drz.lazcdn.com/static/np/p/1d1195665f2269fa159e4dba1591d1c4.jpg_200x200q80.avif
349,For Infinix Hot 50i 30i 50 60 60i 40i Pro 40 11 30 12 10 Play Smart 10 5 7 8 9 Note 50 30 40 Pro ITEL A70 Tecno Spark GO 1s 1 10C 40C 40 10 20C Pro Dreamy Butterfly Lanyard Cover,https://img.drz.lazcdn.com/static/np/p/6a0a2eae4a0b0a8b03124553e385e66e.jpg_200x200q80.avif
350,For Samsung Galaxy Z Fold 6 4 5 7 Fold7 Privacy Back Tempered Glass Case ZFold7 ZFold 7 ZFold6 Fold4 Fold5 5G Anti-Spy Outer Screen Protector,https://img.drz.lazcdn.com/static/np/p/670b20172b384630cb88811b7ab23419.jpg_200x200q80.avif
351,For Honor X7D 400 Smart case Carbon Fiber Soft TPU Silicone Anti-fingerprint Shockproof Business Protection For Honor 400 Smart X7D Back Cover Phone cases,https://img.drz.lazcdn.com/collect/sg/p/e377f95d01968fc5152f267b508f5300.jpg_200x200q80.avif
352,Lenuo For Honor X9c Smart Back Cover Shockproof Armor Slide Camera Lens Protection Ring Stand Phone Case,https://img.drz.lazcdn.com/static/np/p/c08e8101623e94ce9e36addf211bbfb2.jpg_200x200q80.avif
353,HOCE Finger Ring Magnetic Phone Holder Rechargeable 360° Rotating Foldable For MagSafe iPhone 16 15 14 13 12 Pro Max Plus 16e Bracket Stand,https://img.drz.lazcdn.com/static/np/p/2853e355b2d6364c0e6a503d9061a089.jpg_200x200q75.avif
356,Apple iPhone 16 - Oliz Store,https://img.drz.lazcdn.com/static/np/p/0d544dc36c5a88d468d3e8fe66b43f70.png_200x200q80.avif
357,Apple iPhone 17,https://img.drz.lazcdn.com/static/np/p/54f72c5e3df3ebb9f3748da8ad374cb7.png_200x200q80.avif
358,Apple iPhone 17 - EvoStore,https://img.drz.lazcdn.com/static/np/p/8ac3eddc8a7553a12f491ec9167addba.jpg_200x200q80.avif
359,Apple iPhone Air - Oliz Store,https://img.drz.lazcdn.com/static/np/p/f420ec67449c80a3a24894137cd3da92.png_200x200q80.avif
360,Apple iPhone Air - EvoStore,https://img.drz.lazcdn.com/static/np/p/442a38973a5a796c4bcf8b5c3d68c41a.jpg_200x200q80.avif
361,Apple iPhone 17 Pro - Oliz Store,https://img.drz.lazcdn.com/static/np/p/b45c606717b49beaf8f0a13db20efc98.png_200x200q80.avif
362,Apple iPhone 17 Pro Max - Oliz Store,https://img.drz.lazcdn.com/static/np/p/9ebc9d7c4f11ecbd6db4b1a43af587e5.png_200x200q80.avif
363,NEW 【7efc9af3】5.5x1.7mm DC Power Charger Cable for Acer Laptop adapter,https://img.drz.lazcdn.com/static/np/p/d8622587224d477fd056dae0e23c17f3.jpg_200x200q80.avif
364,NEW 【7efc9af3】Power Cable Cord DC Jack Charger Adapter Plug Power Supply Cable Samsung HP Dell Sony Toshiba Asus Acer Lenovo,https://img.drz.lazcdn.com/static/np/p/5d0c00c7c80f675e52f936f2a913d0f4.jpg_200x200q80.avif
365,Laptop Charger ADP-65JH-KM 65W AC Adapter for Acer Laptop,https://img.drz.lazcdn.com/static/np/p/fac534c2986b56671116cf069731f4e2.png_200x200q80.avif
366,NEW 【7efc9af3】1.5M 3 EU Plug Laptop PC AC Cord Cable For Toshiba HP Acer Asus Dell Samsung Laptop Adapter Charger Charger Wire,https://img.drz.lazcdn.com/static/np/p/f1d1c56fc6f70c8dc5b670b2c09b743b.jpg_200x200q80.avif
367,Laptop Charger Acer,https://img.drz.lazcdn.com/static/np/p/0f8636785f207440ec4f77b29e4107ee.jpg_200x200q80.avif
369,65 Watts Laptop Charger AC Adapter For Acer,https://img.drz.lazcdn.com/static/np/p/43561551ee80ef030b817bf01bf21d3b.jpg_200x200q80.avif
370,Laptop Charger AcerLaptop Charger Acer,https://img.drz.lazcdn.com/static/np/p/dfbb43f209c80f1b0291f225d175f92f.jpg_200x200q80.avif
371,45 Watt Laptop Charger for HP,https://img.drz.lazcdn.com/static/np/p/9024430f7b524a155c2a725226764f8f.jpg_200x200q80.avif
372,6 Months Warranty 65 Watts Laptop Charger AC Adapter For Acer- Small Pin,https://img.drz.lazcdn.com/static/np/p/82dcaf3f9cf6c4d93c0d7ef5adb73193.jpg_200x200q80.avif
373,New 96W Universal Power Charger Ac Portable Adapter For Laptop/Notebook,https://img.drz.lazcdn.com/static/np/p/98ef53ec253359f8ec9a52ac81f578fc.png_200x200q80.avif
374,Acer Laptop Charger Adapter 19V 4.74A,https://filebroker-cdn.lazada.sg/kf/S87d79a98807d43df8a7a5c2a72478872n.png
375,Acer 19V/3.42A Laptop Power Adapter,https://img.drz.lazcdn.com/static/np/p/1f6fff09a99d6b856967c1a788f9a2fc.jpg_200x200q80.avif
376,NEW 【7efc9af3】New Laptop DC Power For Acer 5750G 5750Z 5750ZG 4 Cables Charging Port Harness Socket,https://img.drz.lazcdn.com/static/np/p/7f67be5e2664ccaf4b566433f7fe26a5.jpg_200x200q80.avif
377,Remax RP-U23 Astro Series - 2.4A Universal Travel Charger Adaptor 12W,https://www.hukut.com/_next/image?url=https%3A%2F%2Fcdn.hukut.com%2FRemax-RP-U23-Astro-Series-Price-in-Nepal.png1740047562207&w=640&q=75
378,Acer Laptop Charger Adapter For 65W 19.5V 3.42A,https://img.drz.lazcdn.com/static/np/p/6da3a59b7876e0f1d998911c5d3c597f.jpg_200x200q80.avif
379,WiWU Linker 431C Type C Hub Laptop Adapter,https://www.hukut.com/_next/image?url=https%3A%2F%2Fcdn.hukut.com%2FWiWU-Linker-431C-Type-C-Hub-Laptop-Adapter-Price-in-Nepal.png1740045652281&w=640&q=75
380,AUKEY PA-B1T Omnia II Mini 20W USB-C PD Wall Charger,https://www.hukut.com/_next/image?url=https%3A%2F%2Fcdn.hukut.com%2FAUKEY-PA-B1T-Omnia-II-Mini-20W-Price-in-Nepal.png1738820595345&w=640&q=75
381,Aukey PA-R1P Swift 30W Nano Wall Charger with PPS,https://www.hukut.com/_next/image?url=https%3A%2F%2Fcdn.hukut.com%2FAukey-PA-R1P-Swift30W-NanoWall-Charger-Price-in-Nepal.png1738822285982&w=640&q=75
382,WiWU 3 in 1 Type C HUB Laptop Adapter,https://www.hukut.com/_next/image?url=https%3A%2F%2Fcdn.hukut.com%2FWiWU-3-in-1-Type-C-hub-Price-in-Nepal.png1740046476460&w=640&q=75
384,Vylon Laptop Charger / Adapter Acer Swift 1 3 5 Chromebook 11 13 14 15 Spin 1 3 5 Notebook,https://img.drz.lazcdn.com/static/np/p/b1b38f44f2d4c66afc09917df5e7569a.jpg_200x200q80.avif
387,WiWU Linker 721 7 in 1 type c HUB laptop adapter,https://www.hukut.com/_next/image?url=https%3A%2F%2Fcdn.hukut.com%2FWiWU-Linker-721-7-in-1-type-c-hub-Price-in-Nepal.png1740043549534&w=640&q=75
389,"Acer EK271 Gbi 27\"" Monitor",https://www.hukut.com/_next/image?url=https%3A%2F%2Fcdn.hukut.com%2Facer-ek271-gbi-27-monitor-4.png1756896369053&w=640&q=75
390,"Acer VG272U V3bmiipx 27\"" Nitro Gaming Monitor",https://www.hukut.com/_next/image?url=https%3A%2F%2Fcdn.hukut.com%2Facer-vg272u-v3bmiipx-27-nitro-gaming-monitor-2.png1768557160121&w=640&q=75
391,"Acer VG271K Lbmiipx 27\"" Gaming LED Monitor",https://www.hukut.com/_next/image?url=https%3A%2F%2Fcdn.hukut.com%2Facer-vg271k-lbmiipx-27-gaming-led-monitor-4.png1756982225400&w=640&q=75
413,"Acer KG273 X1BMIPX 27\"" Nitro KG3 Gaming Monitor",https://www.hukut.com/_next/image?url=https%3A%2F%2Fcdn.hukut.com%2Facer-kg273-x1bmipx-27-nitro-kg3-gaming-monitor-4.png1756898876577&w=640&q=75
414,Infinix Note Edge,https://www.hukut.com/_next/image?url=https%3A%2F%2Fcdn.hukut.com%2Finfinix-note-edge-green.webp1773999391467&w=640&q=75
415,Infinix Note 60,https://www.hukut.com/_next/image?url=https%3A%2F%2Fcdn.hukut.com%2Finfinix-note-60-brown.png1773998955962&w=640&q=75
416,P9 Plus Wireless Stereo Bluetooth Headphones,https://img.drz.lazcdn.com/static/np/p/5973ab6a80e4e6e302982b621afcef07.jpg_200x200q80.avif
418,p9 plus wireless Bluetooth headphones,https://img.drz.lazcdn.com/g/kf/S064161e453b14968abf07058a024daefq.jpg_200x200q80.avif
419,P9 Pro Max Wireless Bluetooth Headphones Tws Earphones Noise Reduction Headset,https://img.drz.lazcdn.com/static/np/p/58c8206512b7d989d32f4600b7e403fb.jpg_200x200q80.avif
420,P9 Wireless Bluetooth Headphones latest With Stereo Headset,https://img.drz.lazcdn.com/g/kf/Se9ccf293536545a487ecd0b3dd820447t.jpg_200x200q80.avif
421,P9 wireless Bluetooth headphones with mixed colour with stereo headphones,https://img.drz.lazcdn.com/g/kf/S2864392f08114098aef044bbe2015e6dP.jpg_200x200q80.avif
422,P9 Wireless Bluetooth Headphones With Mixed Colour Latest Stereo Headset,https://img.drz.lazcdn.com/g/kf/S28510f14439a4409afc31104c3730cfcV.jpg_200x200q80.avif
423,P9 Wireless Bluetooth Headphones With Mixed Colour with Stereo Headset Compatable of ear,https://img.drz.lazcdn.com/g/kf/S174befa72c6841118adb60387c432b4ew.jpg_200x200q80.avif
424,P9 Wireless Bluetooth Headphones With Mic Noise Cancelling Headsets Stereo Sound Earphones Headset Noise Isolation Quick Connection Designed to Stay Comfortable Fashion Design,https://img.drz.lazcdn.com/static/np/p/896c41430522bf0cf1e04a8ffd7eeb94.jpg_200x200q80.avif
425,P9 Wireless Bluetooth Headphones with Mixed colour Latest with stereo Headset,https://img.drz.lazcdn.com/g/kf/S7ae3db1b2a084c0da82911e7880a6c0b6.jpg_200x200q80.avif
426,New P9 Wireless Bluetooth Headphones With Mic Noise Cancelling Headsets Stereo Sound Earphones Sports Gaming Headphones Supports TF Designed to Stay Comfortable Fashion Design Latest Version.,https://img.drz.lazcdn.com/static/np/p/e20bf0edd14073f9cdabd8b4a88a7ced.jpg_200x200q80.avif
427,"P9 Wireless Bluetooth Headphones HiFi Stereo Over-Ear Headset with Mic, Noise Cancelling Sports Earphones, Spatial Audio & Transparency Mode, 20-Hour Playtime for i-Phone, Android, Laptop & Gaming",https://img.drz.lazcdn.com/static/np/p/0f5d8bcde22f83eb166328bfd64fa9a5.png_200x200q80.avif
428,P9 Wireless Bluetooth Headphones With Mix Color Latest with Stereo Headset,https://img.drz.lazcdn.com/static/np/p/3788ae1db9781ddddcc1442cfdf4a967.jpg_200x200q80.avif
429,P9 Wireless Bluetooth headphone,https://img.drz.lazcdn.com/static/np/p/3788ae1db9781ddddcc1442cfdf4a967.jpg_200x200q80.avif
430,P9 Wireless Bluetooth Headphones | HiFi Stereo Over Ear Headset With Microphone Sports Noise Cancelling Earphones For Travel,https://img.drz.lazcdn.com/static/np/p/5ba227e9dc28f65ed797cd6ba3b5520a.png_200x200q80.avif
431,Tune JB 760 NC Wireless On Ear Headphones| Pure Bass Sound| Best Battery Life| Quick Charge| Built In Mic,https://img.drz.lazcdn.com/g/kf/S6850188221ba4ded87a763e415cfe5fcx.jpg_200x200q80.avif
434,Enter Talkmate USB Headphones with Mic,https://img.drz.lazcdn.com/static/np/p/3372e1a4c2717289bfa3b99714737383.png_200x200q80.avif
435,Tune JB 760NC Wireless On-Ear Headphones | Pure Bass Sound | Bluetooth | Best Battery Life | Quick Charge | Built-in Mic,https://img.drz.lazcdn.com/g/kf/S3659346bfee149d29d544304877a5bb5I.jpg_200x200q80.avif
436,Tune 760NC Wireless On-Ear Headphones | Pure Bass Sound | Bluetooth | 40H Battery Life | Quick Charge | Built-in Mic,https://img.drz.lazcdn.com/g/kf/S9996fecead414bae99fdcabfd6518816Y.jpg_200x200q80.avif
437,JBL T110 pure bass in ear headphone,https://www.hukut.com/_next/image?url=https%3A%2F%2Fcdn.hukut.com%2Ft110.webp&w=640&q=75
439,Anker Soundcore H30i On-Ear Bluetooth Wireless Headphones,https://www.hukut.com/_next/image?url=https%3A%2F%2Fcdn.hukut.com%2Fanker-soundcore-h30i-price-in-nepal-white.png1727602819732&w=640&q=75
440,HiFuture Future Tour Headphone,https://www.hukut.com/_next/image?url=https%3A%2F%2Fcdn.hukut.com%2FHifuture-future-tour-Price-in-Nepal.png1734256742644&w=640&q=75
441,CMF Headphone Pro,https://www.hukut.com/_next/image?url=https%3A%2F%2Fcdn.hukut.com%2Fcmf-headphone-pro-dark-grey.webp1766308287163&w=640&q=75
442,Anker Soundcore Space One | Active Noise Cancelling Headphones,https://www.hukut.com/_next/image?url=https%3A%2F%2Fcdn.hukut.com%2Fanker-soundcore-space-one-in-nepal-in-nepal-white%2520(1
443,Soundcore by Anker Space Q45 Adaptive Active Noise Cancelling Headphones,https://www.hukut.com/_next/image?url=https%3A%2F%2Fcdn.hukut.com%2Fanker-soundcore-space-q45-in-nepal-black%2520(1
456,Apple iPhone 15 Plus,https://www.hukut.com/_next/image?url=https%3A%2F%2Fcdn.hukut.com%2FiPhone%252015%2520pink(3).webp&w=640&q=75
457,Apple iPhone 15 Pro,https://www.hukut.com/_next/image?url=https%3A%2F%2Fcdn.hukut.com%2Fiphone%252015%2520pro%2520natural%2520titanium%25201.webp&w=640&q=75
458,Apple iPhone 15 Pro Max,https://www.hukut.com/_next/image?url=https%3A%2F%2Fcdn.hukut.com%2Fiphone%252015%2520pro%2520natural%2520titanium%25201.webp&w=640&q=75
459,MWC STAR MT1 | Bluetooth 5.4 TWS | Only 6ms Ultra Low Latency | 13mm Driver | Semi In-Ear Gaming Earbuds | Unique & Perfect Design | Mini Size Buds | iPx4 Water Dust & Sweat Resistant | 30Hrs Playback | Available in 3 Colors,https://img.drz.lazcdn.com/static/np/p/2fbc62c7d4286e710a10f2aab0cd7e71.jpg_200x200q80.avif
462,Ultra Pods Pro Earbuds Transparent TWS Bluetooth Earbuds BT Noise Cancelling Gaming Stereo sound earbuds High bass HD Mic Low Latency,https://img.drz.lazcdn.com/g/kf/Sdc348e2275984f59a56d18aadff363a9C.jpg_200x200q80.avif
463,AirPods Pro ANC Semi Pure and Loud Sound Compatible in All Smartphones with Best Qualiuty Bluetooth Earbuds,https://img.drz.lazcdn.com/static/np/p/e6647bf90428874323a1ba600a9a4869.jpg_200x200q80.avif
464,"I12 Bluetooth Wireless Earbuds  | 20H Playtime, Clear Calls, Touch Control, Long Battery Life, Noise Reduction with Voice Assistant, Bluetooth V 5.3 & with Type C Fast Charging, IPX4 TWS",https://img.drz.lazcdn.com/static/np/p/0d13b32397f8f62840b94d9ff6b43f2b.jpg_200x200q80.avif
465,Bluetooth Ultrapods Earbuds  Wireless Earbuds With Aceflows Enc Noise Canceling And Hifi Dual Stereo Microphone,https://img.drz.lazcdn.com/static/np/p/e87aad487e52736ad236d4de4c7ccce2.jpg_200x200q80.avif
466,"YOYO PODS TWS Earbuds with Battery Display, BT 5.3+ENC Wireless Earbuds Upto 36Hrs Playtime, Quick Pairing, Immersive Sound, Touch Control, Fast Charging, IPX4 & Voice Assistance",https://img.drz.lazcdn.com/static/np/p/9dd591e4ce90755a565b520e6e2ce42f.jpg_200x200q80.avif
467,"CMMF Buds Wireless Earbuds with 48 dB Hybrid ANC, 20Hour Battery Life, 20mm PMI Driver, 6 HD mics and Spatial Audio, IP55 Dust & Water Resistance",https://img.drz.lazcdn.com/static/np/p/4f08d987b43c0e2620430624d359a194.jpg_200x200q50s150.avif
468,"Latest CMMF Buds Wireless Earbuds,42dB Active Noise Cancellation,20H Playtime IP54 Waterproof Earbuds, LOW LATENCY GAMING Bluetooth 5.3 For all Android",https://img.drz.lazcdn.com/static/np/p/05d76c61bc6d0a43e4c96b29956e36b7.jpg_200x200q80.avif
469,"Galaxy Buds Pro 3 AI True Wireless Bluetooth Earbuds, Noise Cancelling, Sound Optimization, Real- Time Interpreter, Redesigned Comfort Fit Latin",https://img.drz.lazcdn.com/g/kf/Sd23a80c806d8485ba9fef9455b710c866.jpg_200x200q80.avif
470,Vestel ZAPP ZE101 Earbuds | Bluetooth 5.3 | Quad Mic ENC | 45ms Ultra-Low Latency | Deep Bass | True Bass Sound | BT Calling | IPX6 Waterproof | 40H Battery Life | 13mm Drivers | One-Touch Voice Assistant | Wireless Earbuds for Gaming & Music,https://img.drz.lazcdn.com/static/np/p/6d446565ee0757eda5a299a7039f35ce.png_200x200q50s150.avif
471,Mypower Mypods9 Earbuds with 50hrs Playtime |  Premium Sound with clear treble  |Auto paring | smart Touch control | long last backup | Type c charging |  BT version 5.4,https://img.drz.lazcdn.com/static/np/p/cf8361964a62406d9245572f35348ed4.png_200x200q80.avif
472,Green Leaf-161 True ENC Wireless Gaming Earbuds |50 Hours | Quad Mic | Dual EQ Modes | BT Version 5.3 | 45ms Low Latency| IPX5 Sweatproof | ASAP Charging 10Mins To 150Mins Playback | Fast Charging | 13mm Driver,https://img.drz.lazcdn.com/static/np/p/c0e6a2a69df87db1792fb57937756c41.png_200x200q80.avif
473,Ultima Boom 211 Earbuds with App Support | Supreme Sound | AI-ENC | LED Indicator | 45Hrs Playtime | 45ms Low Latency | Hi-Fi Driver with Bluetoth V5.4 earbuds wireless,https://img.drz.lazcdn.com/g/kf/Sc3d72682a5634414a33d09fea2b6ba268.png_200x200q80.avif
474,"Asta WOLF VIPER True Wireless Earbuds | 35H Playtime, ENC Clear Calling, 50ms Low Latency, Bluetooth 5.3, Type-C Fast Charging, IPX4 Water Resistant, Premium ABS Build",https://img.drz.lazcdn.com/static/np/p/abe981713d8349c74f6df71b7bf89352.jpg_200x200q80.avif
475,Ultima Boom 311| Wireless Earbuds | Ultima Link App | Dual Tone Design | ENC | 42H Total Playtime | Low Latency |Deep Bass & Clear Highs | IPX4 Water Resistance | App-Controlled EQ Modes | Swift Pair Bluetooth 5.4 | Voice Assistant Compatible,https://img.drz.lazcdn.com/g/kf/S657128f9ecbb4ee3881c144e9ced71e49.png_200x200q80.avif
478,Hearmo HearPods Mini,https://www.hukut.com/_next/image?url=https%3A%2F%2Fcdn.hukut.com%2Fhearmo-hearpods-mini-white.webp&w=640&q=75
481,Hearmo HearPods Air,https://www.hukut.com/_next/image?url=https%3A%2F%2Fcdn.hukut.com%2FHearmo-HearPods-Air-Blue.webp&w=640&q=75
482,Hearmo HearPods Pro,https://www.hukut.com/_next/image?url=https%3A%2F%2Fcdn.hukut.com%2FHearmo-HearPods-Pro-White.webp&w=640&q=75
484,HiFuture Olymbuds 3,https://www.hukut.com/_next/image?url=https%3A%2F%2Fcdn.hukut.com%2FHiFuture-OlymBuds-3-White-Price-in-Nepal.png1734242506583&w=640&q=75
485,boAt Airdopes Supreme Premium Earbuds with Cinematic Spatial Audio | App Support | 50Hrs Playtime | Multi Device Connectivity | In-Ear Detection | Noise Reduction | Google Fast Pair Wireless Earbuds #UpgradetoboAt,https://img.drz.lazcdn.com/static/np/p/a66e7857a9e601b9fd55969820230995.png_200x200q80.avif
486,Redmi Buds 5A,https://www.hukut.com/_next/image?url=https%3A%2F%2Fcdn.hukut.com%2FRedmi-TWS-EarBud-5A-White.webp1720514995243&w=640&q=75
487,Redmi Buds 6 Active,https://www.hukut.com/_next/image?url=https%3A%2F%2Fcdn.hukut.com%2FRedmi-Buds-6-Active.png1747812907218&w=640&q=75
488,Hearmo HearPods SE,https://www.hukut.com/_next/image?url=https%3A%2F%2Fcdn.hukut.com%2FHearPods-SE-Yellow.webp&w=640&q=75
489,boAt NIRVANA ION | Premium Wireless Earbuds | 120 Hrs of Long Playback | 24 Hour of Industry best Bud Battery | Crystal Bionic Sound | Dual EQ Modes,https://img.drz.lazcdn.com/static/np/p/4be63631ea8703aa438440224ad783c3.png_200x200q80.avif
490,Oraimo SpaceBuds Neo+ Earbuds,https://www.hukut.com/_next/image?url=https%3A%2F%2Fcdn.hukut.com%2Foraimo-spacebuds-neo%252B-earbuds.webp1767735467015&w=640&q=75
491,boAt NIRVANA ION ANC | Premium Wireless Earbuds | 120 Hours of Playback | 24 Hrs Long Buds Battery Backup  | ANC Upto 32 dB | Dual EQ Modes | App Support,https://img.drz.lazcdn.com/static/np/p/4c42f0e775830c7d0988556d9feae574.png_200x200q80.avif
492,Soundcore P20i True Wireless Earbuds,https://www.hukut.com/_next/image?url=https%3A%2F%2Fcdn.hukut.com%2FAnker-Soundcore-P20i-blue.webp1734955980268&w=640&q=75
493,UGREEN HiTune P3 Wireless Earbuds,https://www.hukut.com/_next/image?url=https%3A%2F%2Fcdn.hukut.com%2FUGREEN-HiTune-P3-Wireless-Earbuds-Price-in-Nepal.png1727676135571&w=640&q=75
494,OnePlus Nord Buds 3,https://www.hukut.com/_next/image?url=https%3A%2F%2Fcdn.hukut.com%2Foneplus-nord-buds-3-blue-Photoroom.png1772789893467&w=640&q=75
495,Honor Buds X5e,https://www.hukut.com/_next/image?url=https%3A%2F%2Fcdn.hukut.com%2Ftretrer.webp&w=640&q=75
496,HiFuture Flybuds 4,https://www.hukut.com/_next/image?url=https%3A%2F%2Fcdn.hukut.com%2Fhifuture-flybuds-4-pink.png1756377186079&w=640&q=75
497,OnePlus Nord Buds 3 Pro,https://img.drz.lazcdn.com/static/np/p/3d3e986fd22bfc148a74e81507af0c6d.jpg_200x200q80.avif
498,OnePlus Nord Buds 3 Pro True Wireless in Ear Bluetooth Earbuds,https://www.hukut.com/_next/image?url=https%3A%2F%2Fcdn.hukut.com%2Foneplus-nord-buds-3-pro-starry-black.png1728211451757&w=640&q=75
499,Soundcore R50i NC True Wireless Bluetooth Earbuds,https://www.hukut.com/_next/image?url=https%3A%2F%2Fcdn.hukut.com%2FSoundcore-R50i-NC%2520.png1751773376008&w=640&q=75
500,Promate ProPods,https://www.hukut.com/_next/image?url=https%3A%2F%2Fcdn.hukut.com%2FPromate%2520ProPods%2520bkue.webp&w=640&q=75
501,CMF Buds 2a,https://www.hukut.com/_next/image?url=https%3A%2F%2Fcdn.hukut.com%2Fcmf-buds-2a-orange.webp1748258933645&w=640&q=75
502,CMF Buds Pro,https://www.hukut.com/_next/image?url=https%3A%2F%2Fcdn.hukut.com%2FCMF-Buds-Pro-Orange.webp&w=640&q=75
503,JBL Wave Buds 2,https://www.hukut.com/_next/image?url=https%3A%2F%2Fcdn.hukut.com%2FJBL-Wave-Buds-2-White-3.png1748593395005&w=640&q=75
504,Huawei FreeBuds 5i,https://www.hukut.com/_next/image?url=https%3A%2F%2Fcdn.hukut.com%2FHuawei-FreeBuds-5i-isle-blue.png1736235605910&w=640&q=75
505,JBL Tune Buds 2,https://www.hukut.com/_next/image?url=https%3A%2F%2Fcdn.hukut.com%2FJBL-Tune-Buds-white-3.webp1748600808181&w=640&q=75
506,Soundcore P41i Wireless Earbuds,https://www.hukut.com/_next/image?url=https%3A%2F%2Fcdn.hukut.com%2Fsoundcore-p41i-wireless-earbuds-2.png1763444960122&w=640&q=75
507,Nothing Ear,https://www.hukut.com/_next/image?url=https%3A%2F%2Fcdn.hukut.com%2FNothing-Ear-white-2.webp1744451848689&w=640&q=75
508,HUAWEI FreeBuds 5 Wireless Earbuds,https://www.hukut.com/_next/image?url=https%3A%2F%2Fcdn.hukut.com%2Fhuawei-freebuds-5-coral-orange-2.webp1728218692632&w=640&q=75
509,Huawei FreeBuds 4,https://www.hukut.com/_next/image?url=https%3A%2F%2Fcdn.hukut.com%2Fhuawei-freebuds-7.png1736234165373&w=640&q=75
510,Samsung Galaxy Buds Pro,https://www.hukut.com/_next/image?url=https%3A%2F%2Fcdn.hukut.com%2Fgalaxy-buds-pro-price-nepal_1.webp&w=640&q=75
511,5K Wifi Action Sport Camera,https://img.drz.lazcdn.com/static/np/p/7fe36688b797fe6fab88ed8ae2c702e5.jpg_200x200q80.avif
512,"DJI Osmo Pocket 3, Vlogging Cameras with 1\'\' CMOS & 4K/120fps Vlog Camera, 3-Axis Stabilization, Fast Focusing, Face/Object Tracking, Digital Vlogging Camera for",https://img.drz.lazcdn.com/g/kf/S60184ef946ce42d9bfecee2616ef5f33f.jpg_200x200q80.avif
515,UGEE M708 V3 Digital Drawing Tablet - 10x6 Inch Graphics Tablet For Artists And Designers,https://img.drz.lazcdn.com/static/np/p/b2f94dd0976797d72d2db484e2238d09.jpg_200x200q80.avif
516,Infinix Smart 20,https://www.hukut.com/_next/image?url=https%3A%2F%2Fcdn.hukut.com%2Finfinix-smart-20-orange.png1774001818773&w=640&q=75
518,Xiaomi Redmi Watch 5 Active,https://www.hukut.com/_next/image?url=https%3A%2F%2Fcdn.hukut.com%2Fredmi-watch-5-active-matte-silver-2.webp1728306236353&w=640&q=75
519,Xiaomi Redmi Watch 5 Lite,https://www.hukut.com/_next/image?url=https%3A%2F%2Fcdn.hukut.com%2Fredmi-watch-5-lite-blackk.png1733475298350&w=640&q=75
521,Redmi Note 15 Pro+,https://www.hukut.com/_next/image?url=https%3A%2F%2Fcdn.hukut.com%2Fredmi-note-15-pro%252B-black.webp1768882266829&w=640&q=75
528,Realme Narzo 10,https://img.drz.lazcdn.com/static/np/p/c4699ab0fb09ed45d744ed4d20a3db08.jpg_200x200q80.avif
529,"Realme C75 |  IP66, IP68, and IP69 dust and water resistance | MediaTek Helio G92 Max | 50MP AI Camera, 8MP Front Camera | 6000mAh Battery | 45W Fast Charge",https://img.drz.lazcdn.com/static/np/p/a7720b7f8191f2029c69118860aa6a08.jpg_200x200q80.avif
530,realme buds,https://img.drz.lazcdn.com/g/kf/S01b6b3eac58a4cb79861c8abbb8b022du.jpg_200x200q80.avif
531,Realme Buds T100,https://www.hukut.com/_next/image?url=https%3A%2F%2Fcdn.hukut.com%2FRealme%2520Buds%2520T100(2
532,Realme Buds T300,https://www.hukut.com/_next/image?url=https%3A%2F%2Fcdn.hukut.com%2FRealme%2520Buds%2520T300%2520Stylish%2520Black(2
533,Realme C61,https://www.hukut.com/_next/image?url=https%3A%2F%2Fcdn.hukut.com%2FRealme-C61-price-in-nepal-2.png1722165938455&w=640&q=75
534,Realme C30s,https://www.hukut.com/_next/image?url=https%3A%2F%2Fcdn.hukut.com%2FRealme%2520C30s%2520Stripe%2520Black.webp&w=640&q=75
535,Realme Narzo N61,https://www.hukut.com/_next/image?url=https%3A%2F%2Fcdn.hukut.com%2Frealme-narzo-n61-price-in-nepal-marble-black-2.avif1727255520700&w=640&q=75
536,Realme narzo 50i Prime,https://www.hukut.com/_next/image?url=https%3A%2F%2Fcdn.hukut.com%2FRealme-narzo-50i-Prime.webp&w=640&q=75
539,Realme C71,https://www.hukut.com/_next/image?url=https%3A%2F%2Fcdn.hukut.com%2FRealme-C71-midnight.png1754210191682&w=640&q=75
540,Realme Note 60,https://www.hukut.com/_next/image?url=https%3A%2F%2Fcdn.hukut.com%2FRealme-Note-60-Black-Price-in-Nepal.png1740985249214&w=640&q=75
541,Realme Narzo N53,https://www.hukut.com/_next/image?url=https%3A%2F%2Fcdn.hukut.com%2FRealme%2520Narzo%2520N53%2520Smartphone.webp&w=640&q=75
543,Realme C63,https://www.hukut.com/_next/image?url=https%3A%2F%2Fcdn.hukut.com%2Frealme-c63-price-in-nepal-2.webp1740986987734&w=640&q=75
544,Realme C55,https://www.hukut.com/_next/image?url=https%3A%2F%2Fcdn.hukut.com%2FRealme%2520C55.webp&w=640&q=75
545,Realme Narzo N65 5G,https://www.hukut.com/_next/image?url=https%3A%2F%2Fcdn.hukut.com%2FRealme-Narzo-N65-5G-price-in-nepal.webp1721724951951&w=640&q=75
548,Realme 12x,https://www.hukut.com/_next/image?url=https%3A%2F%2Fcdn.hukut.com%2FRealme-12x-Twilight-Purple.webp1720348242096&w=640&q=75
549,Realme C75,https://www.hukut.com/_next/image?url=https%3A%2F%2Fcdn.hukut.com%2FRealme-C75-gold-Price-in-Nepal.png1742705529769&w=640&q=75
550,Realme 11x 5G,https://www.hukut.com/_next/image?url=https%3A%2F%2Fcdn.hukut.com%2FRealme%252011x%2520Purple%2520Dawn%25201.webp&w=640&q=75
551,Realme Narzo 70 Pro,https://www.hukut.com/_next/image?url=https%3A%2F%2Fcdn.hukut.com%2FRealme-narzo-70-pro-green.webp1720350192199&w=640&q=75
553,Realme 15T,https://www.hukut.com/_next/image?url=https%3A%2F%2Fcdn.hukut.com%2Frealme-15t-silver.webp1762499105705&w=640&q=75
554,Realme 11 5G,https://www.hukut.com/_next/image?url=https%3A%2F%2Fcdn.hukut.com%2FRealme%252011%25205g%2520Sunrise%2520Gold%25202.webp&w=640&q=75
556,REALME 11 5G 8+256GB,https://img.drz.lazcdn.com/g/kf/S226a12e41fe7497db730dd860a84272cM.jpg_200x200q80.avif
558,Realme 10 Pro+,https://www.hukut.com/_next/image?url=https%3A%2F%2Fcdn.hukut.com%2FRealme%252010%2520Pro%252B.webp&w=640&q=75
559,Realme 11 Pro,https://www.hukut.com/_next/image?url=https%3A%2F%2Fcdn.hukut.com%2FRealme%252011%2520pro%25205G.webp&w=640&q=75
562,Realme 12 Pro Plus,https://www.hukut.com/_next/image?url=https%3A%2F%2Fcdn.hukut.com%2Fvroon%25203%2520red.webp&w=640&q=75
563,Realme 11 Pro Plus,https://www.hukut.com/_next/image?url=https%3A%2F%2Fcdn.hukut.com%2FRealme%252011%2520Pro%252B.webp&w=640&q=75
565,Realme 15 Pro,https://www.hukut.com/_next/image?url=https%3A%2F%2Fcdn.hukut.com%2Frealme-15-pro-velvet-green.webp1763487912570&w=640&q=75
567,Realme GT 6T,https://www.hukut.com/_next/image?url=https%3A%2F%2Fcdn.hukut.com%2FREALME-GT-6T%2520silver.webp1721112010088&w=640&q=75
569,MSI GeForce GTX 1650 SUPER™ VENTUS XS OC,https://www.hukut.com/_next/image?url=https%3A%2F%2Fcdn.matechi.com.np%2FMSI%2520GeForce%2520GTX%25201650%2520SUPER%25C3%25A2%25C2%2584%25C2%25A2%2520VENTUS%2520XS%2520OC.webp&w=640&q=75
570,MSI GeForce RTX™ 3060 VENTUS 3X 12G OC,https://www.hukut.com/_next/image?url=https%3A%2F%2Fcdn.matechi.com.np%2FMSI%2520GeForce%2520RTX%25C3%25A2%25C2%2584%25C2%25A2%25203060%2520VENTUS%25203X%252012G%2520OC.webp&w=640&q=75
571,MSI GeForce RTX™ 3060 VENTUS 2X 12G OC,https://www.hukut.com/_next/image?url=https%3A%2F%2Fcdn.matechi.com.np%2FMSI%2520GeForce%2520RTX%25C3%25A2%25C2%2584%25C2%25A2%25203060%2520VENTUS%25202X%252012G%2520OC.webp&w=640&q=75
572,MSI GeForce RTX™ 3060Ti VENTUS 2X OCV1,https://www.hukut.com/_next/image?url=https%3A%2F%2Fcdn.matechi.com.np%2FMSI%2520GeForce%2520RTX%25C3%25A2%25C2%2584%25C2%25A2%25203060%2520Ti%2520VENTUS%25202X%2520OCV1.webp&w=640&q=75
573,MSI GeForce RTX™ 3060Ti VENTUS 3X OC,https://www.hukut.com/_next/image?url=https%3A%2F%2Fcdn.matechi.com.np%2FMSI%2520GeForce%2520RTX%25C3%25A2%25C2%2584%25C2%25A2%25203060%2520Ti%2520VENTUS%25203X%2520OC.webp&w=640&q=75
574,MSI GeForce RTX™ 3070 VENTUS 3X 8G LHR,https://www.hukut.com/_next/image?url=https%3A%2F%2Fcdn.matechi.com.np%2FMSI%2520GeForce%2520RTX%25C3%25A2%25C2%2584%25C2%25A2%25203070%2520VENTUS%25203X%25208G%2520LHR.webp&w=640&q=75
575,MSI GeForce RTX™ 3070Ti VENTUS 3X 8G OC,https://www.hukut.com/_next/image?url=https%3A%2F%2Fcdn.matechi.com.np%2FMSI%2520GeForce%2520RTX%25C3%25A2%25C2%2584%25C2%25A2%25203070%2520Ti%2520VENTUS%25203X%25208G%2520OC.webp&w=640&q=75
579,MSI GeForce RTX™ 3090 VENTUS 3X 24G OC,https://www.hukut.com/_next/image?url=https%3A%2F%2Fcdn.matechi.com.np%2FMSI%2520GeForce%2520RTX%25C3%25A2%25C2%2584%25C2%25A2%25203090%2520VENTUS%25203X%252024G%2520OC.webp&w=640&q=75
580,MSI GeForce RTX 5090 VENTUS 3X OC 32GB,https://www.hukut.com/_next/image?url=https%3A%2F%2Fcdn.hukut.com%2Fmsi-geforce-rtx-5090-ventus-3x-oc-32gb.png1747040759097&w=640&q=75
582,"Lenovo IdeaPad Slim 3 Intel Core 5 210H Processor | 16GB DDR5 RAM | 512GB M.2 2242 PCIe NVMe SSD | Integrated Intel Graphics | 14\"" WUXGA IPS Display",https://img.drz.lazcdn.com/static/np/p/b515e3e93e4a5b3f4ad8324ba95f7fae.jpg_200x200q80.avif
583,Dell I5 8th Generation 8GB/256GB FHD Display 13.3 Inch,https://img.drz.lazcdn.com/static/np/p/2433a8bb599b2307aa0174800ecaaf9a.jpg_200x200q80.avif
584,Dell i5 8th Gen 8/256Gb Touch Screen FHD Display,https://img.drz.lazcdn.com/static/np/p/2433a8bb599b2307aa0174800ecaaf9a.jpg_200x200q80.avif
585,Dell i5 11th Generation 8Gb Ram 256Gb Nvme SSD Touch Screen FHD Display,https://img.drz.lazcdn.com/static/np/p/2433a8bb599b2307aa0174800ecaaf9a.jpg_200x200q75.avif
586,Dell I5 11th Gen 8GB Ram 1TB SSD NVme Touch Screen FHD Display,https://img.drz.lazcdn.com/static/np/p/2433a8bb599b2307aa0174800ecaaf9a.jpg_200x200q75.avif
587,Asus Vivobook 15 Core 5 120U 14th Gen |16GB RAM| 512GB SSD |15.6″ FHD| Win11 | 1 Years Warranty,https://img.drz.lazcdn.com/static/np/p/3696931aa3bcce9240c1fa1f74240dce.jpg_200x200q80.avif
588,"Lenovo V15 G5 - 13th Gen, Intel i5 13420H, 15.6\"" FHD, 16GB DDR5 RAM, 512GB NVMe SSD, Free DOS, Iron Grey, 1 Year Warranty - Nagmani International",https://img.drz.lazcdn.com/static/np/p/920ce6148a2319d922d2fb77355ebd27.png_200x200q80.avif
593,"AI+ Nova 5G Android 15 Phone | 6GB RAM, 128GB ROM | 120Hz FHD+ Screen | 50MP Rear Camera | 5G Dual SIM Smartphone",https://img.drz.lazcdn.com/static/np/p/49e5075aa0ec24bc0b0f19304870c8e2.png_200x200q80.avif
594,"Blackview COLOR 6 | 6.67\"" 90Hz Display | MediaTek Helio G81 | 8+256GB | 50MP Main & 13MP Selfie Camera | 4G Smartphone",https://img.drz.lazcdn.com/static/np/p/d5084fb15f7c626fc099caa7fa15d4c5.png_200x200q75.avif
598,Samsung Galaxy M17 5G Smartphone | 4GB Ram + 128GB Storage | FHD+ AMOLED Display,https://img.drz.lazcdn.com/static/np/p/7604d544ae751ef3d35f93a1de123b87.jpg_200x200q80.avif
601,"OnePlus 13R 5G | 12GB RAM, 256GB Storage | 6000mAh Battery Capacity |Snapdragon 8 Gen 3 Processor | Aqua Touch",https://img.drz.lazcdn.com/static/np/p/21627658699d412aaddb3e6bf812a587.png_200x200q75.avif
603,MISDE A65 Gaming Stereo Headphone with Light,https://img.drz.lazcdn.com/static/np/p/dd0b7d8856b522c8710bcc2efeccfb07.jpg_200x200q80.avif
604,Max Pro Headphone Bluetooth Headset Wireless HIFI Max Pro Stereo Headphone,https://img.drz.lazcdn.com/static/np/p/836e6930174f6acc864a5d79198f9a22.jpg_200x200q80.avif
605,Fantech HQ53 Lightweight Gaming Headset | Lightweight Design With Red Accent Lighting,https://img.drz.lazcdn.com/static/np/p/6dd91cec21ae4781f19b53b6f75e0a27.jpg_200x200q80.avif
607,P47 5.0+ EDR Wireless Bluetooth Foldable Headset With Microphone For All Mobile & De...,https://img.drz.lazcdn.com/g/kf/Sccd92ae6d62745b2849352ec904180145.jpg_200x200q80.avif
609,P47 Bluetooth Wireless Headphone with Mic High Bass Clear Sound Bluetooth,https://img.drz.lazcdn.com/static/np/p/d8ab600a56930bc61da564082187a45d.jpg_200x200q80.avif
610,P9 Wireless Bluetooth Headset,https://img.drz.lazcdn.com/static/np/p/9b6f9b488d0c031f95200b89713cf40d.jpg_200x200q80.avif
611,Gaming Headphone A65 Super Bass Led For Mobile Phone Computer Laptop Pc,https://img.drz.lazcdn.com/static/np/p/708597b7b5240e753c508e1ebd5c9366.jpg_200x200q80.avif
612,Goldenfield Gaming Headset H200-U,https://www.hukut.com/_next/image?url=https%3A%2F%2Fcdn.matechi.com.np%2F1ccdda24c9eef78f1dbb0d4e184ecbfb.jpg_750x750.jpg_-removebg-preview.webp&w=640&q=75
613,MONSTER RGB Gaming Headset – Stereo Sound – 50MM Drivers – Built-In Volume Control – Connect with 3.5mm X2 & USB For Lighting,https://img.drz.lazcdn.com/static/np/p/ed2c0677a1d160a9d99f606dde568220.jpg_200x200q80.avif
614,Wooyu G18 RGB Light Gaming Headset Headphone with Built-in Microphone and Volume Control,https://img.drz.lazcdn.com/static/np/p/4f13aa638a6f732e5e3feb0a2fb1667b.jpg_200x200q80.avif
615,"Green Rhythm Headphone | 40mm Driver | Foldable | 20 Hours Playtime | TF Slot | High Definition Sound Quality | Radio Switching | 150 Hours Of Standby Time | RGB Light Effect | 5.3 Bluetooth Version | 6 Months Warranty | Black , Soft Almond & Silver Mist",https://img.drz.lazcdn.com/static/np/p/4f5c55ab6463a5f9602eaa9a0bf7c5d6.png_200x200q80.avif
616,Fantech Valor II MH89 Multi-Platform 3.5 mm Wired Gaming Headset with Noise Cancellationg Headphone-WHITE,https://img.drz.lazcdn.com/static/np/p/4ea4ab2a5398852f9896618405025a24.jpg_200x200q80.avif
617,Fantech Headphone Bluetooth Dual Mode Headset Wireless GO VIBE WH05,https://img.drz.lazcdn.com/static/np/p/47e1676f819dc9b2c7cb3c3f3eedb8fa.jpg_200x200q80.avif
618,REMAX - RB-100HB Wireless Bluetooth Headphone,https://www.hukut.com/_next/image?url=https%3A%2F%2Fcdn.hukut.com%2FRemax%2520Blue.png1760938459593&w=640&q=75
620,XPG Gaming Headset EMIX H20,https://www.hukut.com/_next/image?url=https%3A%2F%2Fcdn.matechi.com.np%2F71MIHK6VEwL._SL1500_.webp&w=640&q=75
622,Anker Soundcore Strike 1 Gaming Headset,https://www.hukut.com/_next/image?url=https%3A%2F%2Fcdn.hukut.com%2Fanker-soundcore-strike-1-in-nepal-2%2520(1
623,Anker Soundcore Life Q10i Wireless Bluetooth Headphone,https://www.hukut.com/_next/image?url=https%3A%2F%2Fcdn.hukut.com%2Fanker-soundcore-life-q10i-price-in-nepal-black-4.png1727604223229&w=640&q=75
624,Redragon THORIDAL H730 USB Wired Gaming Headset,https://www.hukut.com/_next/image?url=https%3A%2F%2Fcdn.hukut.com%2Fheadset-h730-redragon-gaming.jpg1767772513148&w=640&q=75
625,Soundcore AeroFit Pro Open-Ear Wireless Earphones Bluetooth Earbuds,https://www.hukut.com/_next/image?url=https%3A%2F%2Fcdn.hukut.com%2Fsoundcore-aerofit-pro-4.webp1727852554135&w=640&q=75
626,Kids Instant Print Camera Kids Camera 1080P Digital Camera with Dual Lens 2 Inch Screen Built-in Battery Picture Frames Thermal Printing Paper,https://img.drz.lazcdn.com/g/kf/S0634d43446574ee9bb31ae99d3b8801d2.jpg_200x200q80.avif
628,5K Wi-Fi Anti-shake Action Camera Dual Screen Waterproof Sport Camera With Wireless Mic and Extra Battery,https://img.drz.lazcdn.com/g/kf/S678c2921e755444ca2bf7cccc66bfcc9D.jpg_200x200q80.avif
629,4K 60FPS Action Camera 24MP WiFi Sports Camera 170°Wide Angle Lens Screen Anti-Shake 30M/98ft Waterproof with Waterproof Housing Mounting Accessories Kit for Diving Surfing Skiing Cycling,https://img.drz.lazcdn.com/static/np/p/5878d364d5fba0cb19c89d700aaa6fab.jpg_200x200q80.avif
631,1 Set Conductive Rubber Contact Pad Button D-Pad Repair for XBOX 360 Controller XINYAN,https://img.drz.lazcdn.com/collect/sg/p/b6579578ce23e7be9b4296ad1457913f.jpg_200x200q80.avif
632,With  XINYAN,https://img.drz.lazcdn.com/collect/sg/p/930ca41aa978babaff03ceaca5dc765a.jpg_200x200q80.avif
633,Wi-Fi Panorama Bulb 360 Camera 1MP / 2MP,https://img.drz.lazcdn.com/static/np/p/a5e6c366d5c726066bf618c489b22dc1.jpg_200x200q80.avif
634,"HD 1080P Waterproof Action Camera with Protective Case – Sports & Adventure Camera for Bike, Helmet & Outdoor Recording",https://img.drz.lazcdn.com/static/np/p/323b237fc8d396cb159a11da93840def.jpg_200x200q80.avif
635,4K 2K 1080P 720P HD YouTube Skype Webcam For Desktop Laptop Computer Mini USB Web Camera With Microphones Meeting Web Cam Cover,https://img.drz.lazcdn.com/static/np/p/667575787a4eaf2b7a11c8ae972b6eab.jpg_200x200q80.avif
636,Wifi Smart Panoramic Bulb 360 Degree Camera,https://img.drz.lazcdn.com/static/np/p/38b9c29d806f1dd8b0bc2948290d520d.jpg_200x200q80.avif
637,AI intelligent HD camera,https://img.drz.lazcdn.com/g/kf/S8c9790b832734fc29afeb6f7671bc81as.jpg_200x200q80.avif
638,SJCAM SJ4000 AIR Action Camera for Vlogging Full HD 4K WIFI Sport DV 2.0 Inch Screen,https://img.drz.lazcdn.com/static/np/p/48d292cdd4430294d1dd4eae82839997.jpg_200x200q80.avif
639,Dgs OX3 Pocket Camera Touch screen for video vlog,https://img.drz.lazcdn.com/g/kf/S8ac700e53ea84072aa39564c76583634c.jpg_200x200q80.avif
640,"Action Camera, 30FPS Handheld Camcorder, Anti Shaking Diving Camera with 1.3in HD LCD Screen, Microphone, Clip Bracket",https://img.drz.lazcdn.com/static/np/p/da14c8714eeac90694a9207be60b43b3.jpg_200x200q80.avif
642,"Lenovo Legion Pro 7i Gaming Laptop 2025 - Intel Core Ultra 9 275HX | RTX 5080 | Windows 11 | 32GB RAM | 1TB SSD | 16\"" WQXGA OLED 240Hz display | Eclipse Black | 2 Year warranty - Nagmani International",https://img.drz.lazcdn.com/static/np/p/ea5db05b46e550b996faa523f66ae947.png_200x200q80.avif
643,1-3Pcs 8K Dust Free Installation Tempered Glass For iPhone 13 14 16 15 11 12 Pro Max 15 14 Plus X XR XS Privacy Screen Protector,https://img.drz.lazcdn.com/g/kf/Sc0950fe06fb443c9abc30beeb5667430R.jpg_200x200q80.avif
644,Clear Airbag Case for iPhone 11 - Shockproof TPU Transparent Soft Silicone Back Cover,https://img.drz.lazcdn.com/static/np/p/b61f8a4478332b1348ad10eeb9153299.jpg_200x200q80.avif
647,Case for iphone 12 pro max 13 pro max 11 pro max 12 mini phone casing back cover Softcase Silicone shockproof Cover new design aesthetic Cartoon cat with holder for mirror JTMMZJ01,https://img.drz.lazcdn.com/static/lk/p/23fc388d2816dd5ba3b50fd2f7da89fc.jpg_200x200q80.avif
648,Case for iphone 14 11 12 13 15 pro max 14 12 13 15 plus 14 15 Pro BACK COVER Softcase shockproof Cover new design aesthetic Wireless Magnetic Attachment black JTDTGSBS02,https://img.drz.lazcdn.com/static/pk/p/bb578a146cf6d1af596f94597fa66e30.jpg_200x200q80.avif
649,Case for iphone 6 6s 8 7 plus 6P 7P 8P 6SP iphone se 2020 back cover hard case TPU shockproof Cover new design aesthetic with holder and lanyard cute CYDTBS02,https://img.drz.lazcdn.com/static/pk/p/c95bdd0f89cf3e3760bd6879d43c07cd.jpg_200x200q80.avif
650,Apple iphone 11  Liquid Silicone Soft Cover Case -Microfiber Inside,https://img.drz.lazcdn.com/static/np/p/2085615cbe1dbc0ba3ebd1aab8a30bdd.jpg_200x200q80.avif
652,Apple iPhone  14 Pro Max Liquid Silicone Soft Cover Case | Microfiber Inside,https://img.drz.lazcdn.com/static/np/p/3878f3c8d87eca8349aefd971ea98f7d.jpg_200x200q80.avif
654,"All iphone 17 Series ,17 Air , 17 Pro & 17 Pro Max Liquid Silicone Soft Cover Case | Microfiber Inside - Apple iphone 17, iphone 17 Air , iphone 17 Pro & iphone17 Pro Max",https://img.drz.lazcdn.com/static/np/p/3999e690d71c9dde0f21c1415c146406.jpg_200x200q80.avif
655,"Spigen & Belkin Magsafe iphone All Series 17 16 15 14 13 12 11  X Xs  / Pro Max / 12 Mini 13 Mini Luxury Hybrid Crystal Clear Transparent Cover Case Non Yellowing Back , Belkin Magsafe Charging Magnetic",https://img.drz.lazcdn.com/static/np/p/39b0fd1f633c457251d446b1c134f393.jpg_200x200q80.avif
656,"MagSafe clear case For Iphone All Model ( 7plus , X , Xs , Xs max , 11 , 11 pro , 11 pro max , 12 , 12 mini ,12 pro ,12 pro max , 13  , 13 pro  , 13 mini , 13 pro max , 15 series , 16. series",https://img.drz.lazcdn.com/static/np/p/fe0ea7cc39a090ae4eb5f886a19f4de1.jpg_200x200q80.avif
657,🚚 【 Spot inventory 】 Free shipping 🚚Suitable for iPhone 16 Pro/Plus/Pro Max 15 14 13 12 11 Pro Max Plus Pro X XR XSMAX 7 8 Plus 6 6s Fashion Brand Simple Cartoon Marvel Couple Cool Spider Man Eye Shell,https://img.drz.lazcdn.com/static/np/p/b295fbc660b9790e7f4a44f1e99a618f.jpg_200x200q80.avif
658,【 Ready Stock+Fast Delivery 】 Hot Cool Marvel Spider Man Phone Case Suitable For iPhone 16 15 14 13 12 11 Pro Max 7 8 14 15 16 Plus 12 13 Mini X Xr Xs Max Shockproof Cover,https://img.drz.lazcdn.com/static/np/p/94e92c0d83198acff40005f0e0b271c9.jpg_200x200q80.avif
659,【 Ready Stock+Fast Delivery 】Mandala Totem Pattern Floral Phone Case Suitable For iPhone 16 15 14 13 12 11 Pro Max 7 8 14 15 16 Plus X Xr Xs Max Shock-resistant Cover,https://img.drz.lazcdn.com/static/np/p/a230785697b0d17a867f17a67dda1bd1.jpg_200x200q80.avif
660,"Double Metal Stand All iphone 11 12 13 14 15 16 17 Pro , Max & Plus Series Luxury Case With Camera Lens protector HD Clear Transparent Cover Case Non Yellowing - Double Stand Case",https://img.drz.lazcdn.com/static/np/p/437109d640763f5dbd0d8612ed114224.jpg_200x200q80.avif
661,Creative Vintage Christmas Dots Hello Kitty Bow Knot 3D DIY Doll Case Compatible for IPhone 11 16 15 13 12 14 Pro Max XR 14 15 16 Plus XSX Max Metal Lens Frame Leather Texture Case,https://img.drz.lazcdn.com/static/np/p/706bfdc250d9b0970bfbad1a34513633.jpg_200x200q80.avif
662,ESR iPhone 17 Pro Max Screen Protector UltraFit Armorite Ultra-Tough Tempered Glass,https://img.drz.lazcdn.com/static/np/p/9ef204d66c3b982ed207d49df941975b.jpg_200x200q80.avif
663,T-WOLF V6 Wired Gaming Mouse | USB Optical RGB LED | Adjustable DPI | Ergonomic Design,https://img.drz.lazcdn.com/static/np/p/c9ebdc73af707e3b5ca3fa3db275745c.jpg_200x200q80.avif
664,Fantech Kanata VX9 / VX9S Gaming Mouse,https://img.drz.lazcdn.com/static/np/p/338b9fa5d3ffab968828a58120bfc02b.jpg_200x200q80.avif
665,T-WOLF Q13B Dual Mode Wireless Mouse | Bluetooth + 2.4GHz USB | Silent Click | High Precision Ergonomic Mouse,
666,Biagji Gaming Mouse With LED Backlit,https://img.drz.lazcdn.com/static/np/p/bcbbfdb5fd9548ad70adbdf00f93a4f2.jpg_200x200q75.avif
667,Bajeal Gaming Mouse With RGB LED Light | 2400dpi 10M Clicks Wired Gaming Mouse,https://img.drz.lazcdn.com/static/np/p/a9fcd2884147487d6ec929cb4900bb94.jpg_200x200q75.avif
668,Aitnt Biagji Gaming Mouse Rainbow With RGB Lighting,
669,Gaming Mouse |  Mouse With RGB LED Light | 2400DPI 10M Clicks Wired Gaming Mouse,https://img.drz.lazcdn.com/static/np/p/0f0af576d1e6d02d31851fce7ca2f960.jpg_200x200q80.avif
670,Aitnt M200 Gaming Mouse With RGB LED Light,
672,Aitnt Gaming Mouse With RGB LED,
673,G102 Rgb Gaming Mouse 6 Buttons,
674,"Biagji Racing X8S RGB Gaming Mouse - 7 Buttons, 3200 Dpi",
675,BAJEAL G5 7 Button Wired Gaming Mouse RGB Light,https://img.drz.lazcdn.com/static/np/p/55946e7cb4a70115c478c82b9b1da50d.jpg_200x200q80.avif
676,Logitech G102 Rgb Gaming Mouse,
677,v3 6d professional 6 buttons 3200CPI with 2400DPI gaming sensor pro machanical gaming mouse,
678,MT25 Black Pro RGB 7 LED Gaming Mouse Mice,https://img.drz.lazcdn.com/static/np/p/4b476b1c078aa4066aae9a11079a66cf.jpg_200x200q80.avif
679,Gigaware Anima 6D Professional Gaming Sensor Pro Mechanical Gaming Mouse,https://img.drz.lazcdn.com/static/np/p/7e9fe7493a8c2b2e93b851738aad56bf.jpg_200x200q80.avif
680,EWEADN V3 6D Professional 6 Buttons 3200CPI with 2400DPI Gaming Sensor Pro Mechanical Gaming Mouse,
681,ElectraByte Dynamics MT18 Gaming Mouse | RGB Breathing LED Light for Laptop PC RGB Backlight Universal USB Wired Mouse | BINGJI Fighter X65 Sword Macro Pro Gaming Mouse Model MT18,
682,EWEADN V3 6D Professional with 2400DPI Gaming Sensor Pro Mechanical Gaming Mouse,
683,KANATA VX9 WIRED GAMING MOUSE,
684,Fantech G13 Rhasta Ii Gaming Mouse | RGB Light 2400dpi Gaming Mouse,
685,GM 830 Gaming Mouse,https://img.drz.lazcdn.com/static/np/p/432713b82eaf346faede1b3fafd0d08f.jpg_200x200q75.avif
686,BINGJI FIGHTER X6S SWORD MACRO PRO GAMING MOUSE,https://img.drz.lazcdn.com/static/np/p/358d0002a1b2f2ea17467eef5c46b1f7.jpg_200x200q80.avif
687,Fantech WG10 Raigor II 2.4GHZ Wireless Gaming Mouse with Pixart Gaming Sensor,
688,FANTECH RAIGOR II WG10 Space Edition Wireless 2.4GHz Pro Gaming Mouse - White,
689,"Fantech Raigor III WG12 Gaming Mouse With 2.4GHz Wireless Connection, Up To 2000 DPI",
690,"Fantech RAIGOR III  WG12, WG12R Rechargeable Baterai Mouse Wireless Gaming",https://img.drz.lazcdn.com/static/np/p/515e075fcabfe9a990f6ba18ca840364.jpg_200x200q80.avif
691,FANTECH VX7V2 CRYPTO II Wired Gaming Mouse,https://img.drz.lazcdn.com/static/np/p/31512398e74a2c4d1e112004b6578599.jpg_200x200q80.avif
693,Fantech Mouse VX7V2 Crypto II Wired Gaming Mouse with RGB Lighting Effects & 6 Macro Function,
694,Mouse Gaming Macro Fantech VX7 Crypto RGB Gaming Mouse,
695,Fantech WG7V2 Crypto II Wireless Gaming Mouse with Optical Sensor & ARGB Lighting Effect,
697,Fantech Venom Wgc2+ Wireless 2.4Ghz Mouse,
698,Razer DeathAdder Essential 6400 DPI Gaming Mouse - Black Edition,
699,AJAZZ AJ139 V2 MC Wireless Gaming Mouse,
700,TWS Wireless Bluetooth Airpods with Super Sound Premium Pro 2,https://img.drz.lazcdn.com/static/np/p/e43a38b7fe98c1fd6be08da0ab015c2b.jpg_200x200q80.avif
701,Airpods Pro ANC Charging Case White With Any Mobile Bluetooth Best Quality AND Pure Deep Sound Bass Earbuds,https://img.drz.lazcdn.com/static/np/p/a3312b51f56b983d084d933f1a03eecb.png_200x200q50s150.avif
702,TWS Bluetooth Earbud Charging Case Super Sound,
703,AirPods Pro ANC Original Pure and Loud Deep Sound Compatible with All Smartphones Bluetooth Earbuds,https://img.drz.lazcdn.com/static/np/p/a3312b51f56b983d084d933f1a03eecb.png_200x200q80.avif
704,Ultra Pods Pro Earbuds Transparent TWS Bluetooth Earbuds BT Gaming Stereo sound earbuds High bass HD Mic Low Latency,
705,Premium AirPods Pro 2 With Free Silicone Protective Cover| TWS Wireless Bluetooth Earbuds with Charging Case | Immersive Spatial Audio | Long Lasting Playtime | Super Sound Bass | Auto-Pairing,
706,True Wireless Bluetooth Airpods Charging Case Super Sound Premium airpods pro,
707,"TWS Pro 2 Wireless Bluetooth Earbuds | Premium Hi-Fi Sound Airpods with Smart Charging Case, 4-Hour Battery Life, Fast Charging, Ergonomic Comfort Fit, compatible",
708,TWS wireless Bluetooth Airpods charging case super sounds pro 2,
709,True Wireless Bluetooth Airpods Charging Case Super Sound,
710,Tws pro 2 Airpods with super sound quality,https://img.drz.lazcdn.com/g/kf/S4731776bbdf04966b91981e9cf44943cv.jpg_200x200q50s150.avif
711,Tws Wireless Bluetooth Airbuds With Charging Case Super Sound |  Air Buds Tws Earbuds Noise Canceling|Bluetooth 5.3 | High Bass | Black Colour,
712,"YOYO PODS TWS Earbuds with Battery Display, BT 5.3 Wireless Earbuds, Upto 20Hrs Playtime with case, Quick Pairing, Immersive Sound, Touch Control, Fast Charging, IPX4 & Voice Assistance",
713,CMFT Buds/ Active Noise Cancellation Ultra buds,
714,"M10 TWS Bluetooth Earbuds with LED Display Charging Case, Stereo Built-in Mic,Deep Bass in-Ear Earbuds",
715,M10 TWS Wireless Earbuds Sports Touch Control LED Display Deep Bass Wireless Earbuds Free Anti-Slip Finger Sleeve,
716,M19 TWS Wireless Bluetooth 5.3 Earbuds Stereo Touch Control with Flash Light in Case Phone charging,
717,Airpods Pro 2 Wireless Bluetooth | 2nd Generation | Active Noise Cancellation | Premium Quality Surrounding Sound Music Gaming| Airbuds | Charging Case | ANC Earbuds |,
718,Green Airbeat-520 Dual Mic ENC Earbuds | Modern  Sleek Design With Textured Lines For Premium Feel | 30 Hours Of Playtime | IPX4 Rated |  Dual Mic | 6 Hours Of Single Playtime | 13mm Driver | Type-c Charging | Wireless Version 5.4 | 6 Months Warranty,https://img.drz.lazcdn.com/static/np/p/62a245d43d284bccc3e4db49faeef614.png_200x200q50s150.avif
719,"Green Airbeat 320 True ENC Wireless Earbuds | 40 Hours | Quad Mic  | BT Version 5.4 | 50ms Low Latency| IPX5 Water Resistance | 13mm Driver |  5-6 hours of playtime | 35mAh Buds, 400mAh Case Capacity |  Type-C charging |",
720,Ultima Boom X1 Pro | App Support | 40 Hrs Playtime | Quad Mic ENC | 10 Min Charge=120 Min Playtime | 50 Ms Low Latency Game Mode | 11mm Hi-Fi Drivers | Bluetooth 5.4 | IPX5 Water Resistance,https://img.drz.lazcdn.com/g/kf/S471ce765c2974ba4ac556a8d5a9541efA.png_200x200q80.avif
722,"Samsung Galaxy S25 Ultra Magnetic Ring Case,Military-Grade MagSafe Phone Case for Samsung Galaxy S25 Series",https://img.drz.lazcdn.com/collect/sg/p/c4081efc9fff18578d8b49e66c4943bf.jpg_200x200q75.avif
723,Transparent For Magsafe Case For Samsung Galaxy S21 S22 S23 FE S24 S25 Ultra Plus Wireless Charging Shockproof Clear Cover,https://img.drz.lazcdn.com/g/kf/S07ba8317dd3848a39b4a42a1867e4c0cz.jpg_200x200q75.avif
724,Sutuiying 2025 S25 Magnetic Ultra Hybrid Magfit Case For Samsung Galaxy S25 Profesional S24 Ultra S25+/S24+ Magesafe Cover Support Wireless Charging,https://img.drz.lazcdn.com/static/np/p/76365bac3ef511ce9f37e74e09803f32.png_200x200q75.avif
725,Case for samsung s24 ultra  S25 S24 plus s24 FE s25 ultra 5g phone casing back cover Softcase shockproof ProtectorCover new design aesthetic Cartoon cat with holder for mirror JTMMZJ01,https://img.drz.lazcdn.com/static/np/p/761898adb56b1b052ac709d02b8309a3.jpg_200x200q75.avif
726,Delicate Liquid Silicone soft Phone Cases For S25 UItra S23 S24 FE For Samsung Galaxy S23 S24 Plus Camera Lens Protector Cover,https://img.drz.lazcdn.com/g/kf/S4e484e713622405283df4f95da869f71o.jpg_200x200q75.avif
727,For Samsung A26 A07 A06 A15 A17 A16 A26 A35 A36 A25 A56 A55 S24 S25 S22 S23 Plus S25 S23 S22 S24 Ultra S25EDGE S24 FE Luxury Candy Color Magnetic Charge Bumper Shockproof Soft Case,https://img.drz.lazcdn.com/static/np/p/31e9568aad3aaa31b6cb365723c484db.jpg_200x200q75.avif
728,Sroof Case For Samsung A06 A14 A15 A16 A54 A55 S22 Ultra S23 Ultra S24 Ultra S25 Ultra New Premium Feeling Frosted Skeleton Flame Heat Dissipation Phone Case Back Cover,https://img.drz.lazcdn.com/static/np/p/3a9150cbed9c51739a6c8840dd2d7297.jpg_200x200q75.avif
729,HODON Luxury Matte Candy Color Magnetic Phone Cases For Samsung Galaxy S21 S22 S23 S24 S25 S26 Ultra S25 Plus Note 20 Ultra For Magsafe Case Wireless Charging Shockproof PC Hard Cover,https://img.drz.lazcdn.com/static/np/p/ba701b1219c99fd1349cfa3475
095d.jpg_200x200q75.avif,,
730,"HODON Matte Hollow Flame Shockproof Phone Case for Samsung Galaxy S22, S23, S24, S25 Ultra Plus, A14, A15, A16, A54, A55, A06 A26 A36 A56 Lightweight Anti-Scratch Non-Slip Design",https://img.drz.lazcdn.com/static/np/p/8cca558adc01834a15e1dd4a1153238e.jpg_200x200q75.avif
731,Samsung 25W Super Fast Charger Travel Adapter + Type C to Type C Cable,https://img.drz.lazcdn.com/static/np/p/324b7726d318cf7f0cf60cafbee6e109.jpg_200x200q80.avif
732,HOCE Carbon Fibre Magnetic Phone Cases For Samsung Galaxy S26 S25 S24 Ultra Plus Case Ultra Slim Wireless Charging Half Protective Hard PC Back Cover,https://img.drz.lazcdn.com/static/np/p/ece3fc0a6b49152c0ed48a50bae01604.jpg_200x200q75.avif
733,Biruiqu For Samsung Galaxy S25 S25+ S25 Ultra Magnetic Absorption Case Metal Frame Shockproof Double Sided Tempered Glass Magnetic Case Cover,https://img.drz.lazcdn.com/static/np/p/f51864a478d255b83c90a5cbaa85a64b.jpg_200x200q75.avif
734,HODON Luxury Carbon Fiber Texture PC Magnetic Phone Case For Samsung Galaxy S25 S24 Ultra S25 Plus Cases For Magsafe Protective Hard Cover,https://img.drz.lazcdn.com/static/np/p/472a1b53cf0319b3fc422990f8ffe37e.jpg_200x200q75.avif
735,HODON Luxury PU Leather Hard PC Phone Case For Samsung Galaxy S25 S24 S23 S22 Ultra Cases with Bracket Holder Shockproof Camera Protection Cover,https://img.drz.lazcdn.com/static/np/p/f88fd8ff1ffd717aa2a4fea8c656f144.jpg_200x200q75.avif
736,HODON Litchi Patterned Flip Leather Wrist Strap Holder Phone Case For Samsung Galaxy S26 S25 S24 Ultra S23 S22 S21 S20 Plus S23 FE A35 A52 A53 A54 A55 Cases Wallet Card Bag Shockproof Protection Cover,https://img.drz.lazcdn.com/static/np/p/ae05ab03828163a24dfc3edff6093e13.jpg_200x200q75.avif
740,Samsung Galaxy M17 5G Smartphone | 6GB Ram + 128GB Storage | FHD+ AMOLED Display,https://img.drz.lazcdn.com/static/np/p/49ca9f8607f00a0ecf6567e814805e36.jpg_200x200q80.avif
742,"Infinix Note 50S 5G+ | 8GB RAM, 256 GB Storage | MediaTek D7300 Ultimate | 5200mAh Battery | Dual Speakers by JBL | 144Hz AMOLED Display",https://img.drz.lazcdn.com/static/np/p/9cc553a4ce4b0c7e78afa71f47e90a09.jpg_200x200q75.avif
749,Samsung Galaxy A36 5G – 8GB RAM / 128GB Storage | 5000mAh Battery | 50MP OIS Camera,https://img.drz.lazcdn.com/static/np/p/f6134c55dc7ae83597776bc44376ac23.png_200x200q80.avif
755,Samsung Galaxy S25 Ultra,https://www.hukut.com/_next/image?url=https%3A%2F%2Fcdn.hukut.com%2Fsamsung-s25-ultra-price-in-nepal-2%2520(1
756,+1 Offers for you > Samsung Galaxy A56 5G,https://www.hukut.com/_next/image?url=https%3A%2F%2Fcdn.hukut.com%2FimageSun%252C%252008%2520Jun%25202025%252007%253A24%253A58%2520GMT.jpg1749367500201&w=3840&q=75
757,HP Victus 15 AMD Ryzen 7 7445HS – RTX 4050 6GB Graphics – 16GB DDR5 RAM – 512GB NVMe SSD – 15.6″ FHD 144Hz Display – Windows 11 Home – Backlit Keyboard – Black,https://img.drz.lazcdn.com/static/np/p/71a9f61f639f9e886002a41efe430571.jpg_200x200q75.avif
758,"LENOVO IDEAPAD 1 RYZEN 5 8GB RAM 256GB SSD 15.6\"" DISPLAY 1 YEAR WARRENTY",https://img.drz.lazcdn.com/static/np/p/0898a6b946fbe2008994c36e605427d7.jpg_200x200q75.avif
760,"DELL 15 DC15250  i5 13TH GEN 1334U 8GB RAM 512GB SSD 15.6\"" FHD DISPLAY Backlite Black 1 YEAR WARRENTY",https://img.drz.lazcdn.com/static/np/p/fb73c329b476d26dccb7c1bd28c8cb2d.png_200x200q75.avif
761,"Asus Vivobook Core 5 14th generation with 1 year warranty Perfect for work, study, and everyday performance. • Intel Core i5-120U • 8GB RAM • 512GB SSD • 15.6” FHD Display • Sleek Silver Finish A powerful machine designed for modern life.",https://img.drz.lazcdn.com/g/kf/S86cd84efcc514852bb5b5f10757cc0089.jpg_200x200q80.avif
762,"HP VICTUS 15 I5 13TH GEN 13420H 8GB RAM 512GB SSD RTX3050-6GB VRAM 15.6\"" 144HZ FHD DISPLAY 1 YEAR WARRENTY",https://img.drz.lazcdn.com/static/np/p/dfe4ba1ddd8711cd5b66f0312ef6fc18.jpg_200x200q75.avif
763,ASUS TUF Gaming A15 Gaming- Ryzen 7 7435HS | 8 GB DDR5 RAM | 512 SSD | RTX 2050 4 GB | Win11 | 2 Year Warranty,https://img.drz.lazcdn.com/static/np/p/b22f2518ed992b051a505bf1d1a1bbd8.jpg_200x200q75.avif
768,Lenovo LOQ 15IRX10 Gaming Core i5 13450HX 13th Gen| 16GB RAM |512GB SSD|15.6″ FHD144Hz |RTX 5050 8GB| Backlit Keyboard |Win11 |1 Years Warranty,https://img.drz.lazcdn.com/static/np/p/7b396461eb029c85c7506569c477e09c.jpg_200x200q80.avif
770,IKU A10s 6 gb ram 128 gb rom 4g network 4850 mah  battery 20 MP rear camera 13 MP front camera android 12,https://img.drz.lazcdn.com/g/kf/Sb554b5ff0102462690295acc5efd95267.jpg_200x200q75.avif
771,"Dell inspiron 14 5440 i5 13th Gen | 8GB RAM | 512GB SSD | 14.2\"" 120Hz FHD | Black",https://img.drz.lazcdn.com/static/np/p/7e65e23e489edb3edaee818bd250de40.jpg_200x200q80.avif
773,"Lenovo V14 G4 - 13th Gen, Intel Core i7 1355U, 14\"" FHD, 16GB DDR4 RAM, 512GB NVMe SSD, 45WHr Battery, 1 Year Warranty - Nagmani International",https://img.drz.lazcdn.com/static/np/p/6d1cd22a235890127c53ba3ba3d74d1e.png_200x200q80.avif
774,"Lenovo V15 G4 - 13th Gen, Intel Core i7 13620H, 15.6\"" FHD, 16GB DDR4 RAM, 512GB NVMe SSD, Iron Grey, 1 Year Warranty - Nagmani International",https://img.drz.lazcdn.com/static/np/p/920ce6148a2319d922d2fb77355ebd27.png_200x200q80.avif
775,+1 Offers for you > Apple iPhone 14,https://www.hukut.com/_next/image?url=https%3A%2F%2Fcdn.hukut.com%2FimageFri%252C%252011%2520Apr%25202025%252002%253A16%253A18%2520GMT.jpg1744337786064&w=3840&q=75
776,Case for REDMI NOTE 10 5G XIAOMI POCO M3 PRO 5G phone casing BACK COVER Softcase Silicone shockproof Cover new design aesthetic mirror Rabbit with holder JTCETZJ01,https://img.drz.lazcdn.com/static/np/p/2fa931eab847adee4685a50b88a0e734.jpg_200x200q80.avif
777,Case for REDMI NOTE 14 4G 2024 REDMI NOTE 14 PRO 5G phone casing BACK COVER Softcase Silicone shockproof Cover new design aesthetic mirror Rabbit with holder JTCETZJ01,https://img.drz.lazcdn.com/static/np/p/c6c49b81128c4ae3a204657ff7beab3c.jpg_200x200q80.avif
778,"Redmi Note 10 /Note 10s (6.43"") & Note 10 Pro/Max (6.67"") Clear Cover (Both Different Size) Transparent Shockproof Soft Tpu Case",https://img.drz.lazcdn.com/static/np/p/c932fe621aea2217091db5bc60d356df.jpg_200x200q80.avif
779,"Redmi Note 10 /Note 10s Cover (Same Size-6.43"" Screen) Silicone Soft Case | Microfiber Inside",https://img.drz.lazcdn.com/static/np/p/7553c181c7bcfb77101b615b50056abb.jpg_200x200q80.avif
780,Redmi Note 10 Pro / Max Silicone Soft Cover Case With Microfiber Inside,https://img.drz.lazcdn.com/static/np/p/0f8c016cac53ee4caac1ce3e587223c9.jpg_200x200q80.avif
781,Redmi Note 10 Pro/Max  Cover (Same Size ) HD Clear Transparent With Bumper Case - Non Yellowing,https://img.drz.lazcdn.com/static/np/p/c4d1f02b363bfad136c5649e87c452e8.jpg_200x200q80.avif
782,"Redmi Note 10 /Redmi Note 10s Cover (Same Size-6.43"" Screen) Clear Transparent With Bumper Case | Non Yellowing",https://img.drz.lazcdn.com/static/np/p/7bf4c7a614d1f323d694938a7501080b.jpg_200x200q80.avif
783,Poco M3 Pro 5G /Redmi Note 10 5G /Note 10T 5G Cover (Same Size-Lcd Display Model) Clear Transparent Bumper Black Cover Case -Non Yellowing,https://img.drz.lazcdn.com/static/np/p/c118bc30a7a7fa0b4082ae9022e956b9.jpg_200x200q80.avif
784,For Xiaomi Redmi Note 14 Pro / Redmi Note 14 Pro 5G Camera Lens Protective Glass Film Protector,https://img.drz.lazcdn.com/static/np/p/4a94b32e967b391b7e2a8dc9000c3c63.jpg_200x200q80.avif
785,Mi Redmi Note 10 / Note 10 s (4G),https://img.drz.lazcdn.com/static/np/p/6e626318629a7af646023c43b3526eec.jpg_200x200q80.avif
786,Case for REDMI NOTE 10 4G REDMI NOTE 10S REDMI NOTE 10 PRO 4G phone casing back cover Softcase Silicone shockproof Cover new design aesthetic Rotatable mirror Cute Bear with holder JTXXZJ01,https://img.drz.lazcdn.com/static/np/p/a7e73347e7b4a0da5647778c81426e23.jpg_200x200q80.avif
787,Case for REDMI NOTE 10 4G REDMI NOTE 10S REDMI NOTE 10 PRO 4G phone casing back cover Softcase Silicone shockproof Cover new design aesthetic Cartoon cat with holder for mirror JTMMZJ01,https://img.drz.lazcdn.com/static/np/p/51fc4ae74c458042e2c92d61b68c3a36.jpg_200x200q80.avif
788,Redmi Note 10 |Luxury Glaze Starbuck Premium Cover| Random Print Delivered,https://img.drz.lazcdn.com/static/np/p/2fb779772daaa9f4d97d5963e8cb98fb.jpg_200x200q80.avif
789,Case for REDMI NOTE 10 4G XIAOMI REDMI NOTE 10S REDMI NOTE 10 PRO 4G phone casing Softcase Silicone shockproof Cover new design aesthetic Magnetic Wireless with lanyard SJSTBSWX01,https://img.drz.lazcdn.com/static/pk/p/2c9ad06e898ec54cac7d837dbe573f62.jpg_200x200q80.avif
790,Redmi Note 10 Pro Max Shockproof Clear Back Case TPU Acrylic Hybrid Cover,https://img.drz.lazcdn.com/static/np/p/11fde2054862b7699ac0d7ee14b18c3c.jpg_200x200q80.avif
791,Back Cover for Redmi Note 10 Pro/ Max - Liquid Silicone Drop proof Full Coverage Protective Mobile Cover,https://img.drz.lazcdn.com/static/np/p/b8df3a3bd957e4abbc006f70c82ca5bc.jpg_200x200q80.avif
792,Redmi Note 15 (4G) (5G) Metal Camera Lens Protector Mobile Phone Custom Tempered Glass Film Camera Lenses Glass,https://img.drz.lazcdn.com/static/np/p/e7db83f835ab573c8cffde8518532851.jpg_200x200q80.avif
793,Redmi Note 14 Pro (5g) Camera Protector Mettalic Ring Glass,https://img.drz.lazcdn.com/static/np/p/200a15858889b26f88f8b62d604a8f0c.jpg_200x200q80.avif
794,"Acer Swift Neo OLED AI PC Intel Core Ultra 5 115U - (16 GB/512 GB SSD/Windows 11 Home) SFN14-54H Thin and Light Laptop (14 Inch, Metallic Brown, 1.3 Kg, With MS Office)",https://img.drz.lazcdn.com/static/np/p/7ae94c1e624ef76970142b55b35de6da.jpg_200x200q80.avif
795,Redmi Note 14 Pro Plus UV Liquid Curved Tempered Glass With Uv Light And Liquid,https://img.drz.lazcdn.com/static/np/p/38c4d50966f4bbfb1d092da476d0ba79.jpg_200x200q80.avif
796,Lenovo ThinkPad E14 Gen 7 Ultra 5 | 16GB DDR5-5600 RAM | 512GB SSD | Intel® Arc™ 130T GPU | 14″ WUXGA Display,https://img.drz.lazcdn.com/static/np/p/335c5ba97006e53ae3903e4c53f54d90.png_200x200q80.avif
797,Redmi Note 10 Original Silicone Soft Cover Case -Microfiber Inside,https://img.drz.lazcdn.com/static/np/p/4d10f4b58571e75ff8040d6b85d426b7.png_200x200q80.avif
798,ASUS Vivobook X1404 Intel Core i3 13th Gen 1315U – 8GB DDR4 RAM – 256GB NVMe SSD – 14.0″ FHD (1920 x 1080) Display – Intel® UHD Graphics – Windows 11 – Quiet Blue,https://img.drz.lazcdn.com/static/np/p/75ffd4c57d054418a6d40ee3c760004f.jpg_200x200q80.avif
799,"Redmi Note 10 /Note 10s 4G Cover ( Same Size-6.43"" Screen)  Defender / Armour With Stand Case  Cover",https://img.drz.lazcdn.com/static/np/p/c59f9b66582df424f94847f9f65be504.jpg_200x200q80.avif
800,Biruiqu For Redmi Note 10 New Angel Eye Step Lens Full Pack Thickened Anti Drop Silicone Protective Cover,https://img.drz.lazcdn.com/static/np/p/be7e46398126ec560cbc2048528153f0.jpg_200x200q80.avif
801,Biruiqu For Redmi Note 10 5GTransparent Full-Coverage Electroplated Shockproof Soft Silicone Premium Airbag Phone Case,https://img.drz.lazcdn.com/static/bd/p/784eb93ed6dee2dadf88ed20e6362027.jpg_200x200q80.avif
802,Biruiqu For Redmi Note 10 New Shockproof Protective Case Transparent Soft Silicone All-Around Protection Phone Case,https://img.drz.lazcdn.com/static/bd/p/1869a2ee5d41cbe0416cd4ea3a96f5e8.jpg_200x200q80.avif
803,HP Notebook 15 (AMD Ryzen 7 7730U | AMD Radeon Graphics),https://www.hukut.com/_next/image?url=https%3A%2F%2Fcdn.hukut.com%2Fhp-notebook-15-price-in-nepal-2.webp1731324304278&w=640&q=75
804,+1 Offers for you > ASUS VivoBook 15 2023 (13th Gen Intel Core i5-13420H | Intel UHD Graphics),https://www.hukut.com/_next/image?url=https%3A%2F%2Fcdn.hukut.com%2FimageThu%252C%252019%2520Mar%25202026%252008%253A43%253A52%2520GMT.jpg1773909836988&w=3840&q=75
805,Dell Vostro 14 3440 (13th Gen Intel Core i5-1334U | Intel Iris Xe Graphics),https://www.hukut.com/_next/image?url=https%3A%2F%2Fcdn.hukut.com%2Fdell%2520vostro%25203440%2520front.png1770723847199&w=640&q=75
806,Apple | MacBook Air (13-inch) M4 - 16GB/256GB - EvoStore,https://img.drz.lazcdn.com/static/np/p/f13ba95d8fc58c77d37f08aaf6619979.jpg_200x200q80.avif
807,"( Set of 2 pc ) Aluminum Portable Invisible Laptop Stand | Mini Aluminum Cooling Pad , Lightweight Laptop Desk Stand for MacBook , Lenovo , Dell , HP & Other Laptops",https://img.drz.lazcdn.com/static/np/p/d273d3c7d223f6cff0b9e1b26d245fb7.jpg_200x200q80.avif
808,"Artsy Home Vintage Dark Academia Laptop & Phone Decal Sticker Set 25/50pcs - Antique-Inspired, Skin Decals for MacBook/Pro",https://img.drz.lazcdn.com/static/np/p/ced5d81cc68e75155bc28c3e45b1699d.jpg_200x200q80.avif
809,"4 in 1 USB Hub Type C to 4 USB A Ports Fast Data Transfer Type C Hub OTG Multiport Hub for MacBook Pro and Air, Windows, Laptops, Desktop & Android Devices",https://img.drz.lazcdn.com/static/np/p/a998d4d1ba85042b136dee2f0b9d7187.jpg_200x200q80.avif
810,Aluminum Alloy Metal Adjustable Laptop Stand for 10 to 17 Inches Macbook/Laptops/Tab,https://img.drz.lazcdn.com/static/np/p/1918a9797399699ac397fafbd7d4c77b.jpg_200x200q80.avif
811,NIERBO USB C to Micro B Cord Hard Drive Cables Braided USB 3.0 Type C Male to Micro B Male Cable for MacBook  Canvio,https://img.drz.lazcdn.com/g/kf/S94e679531b8d4f43aeede62fe935ab6ek.jpg_200x200q80.avif
812,"MacBook Air M3 2024 (13.6"" (2560 x 1664) Liquid Retina Display | 16GB Memory | 256GB Storage | 8-core GPU, 8-core CPU | 16-core Neural Engine | Wi-Fi 6E & BT 5.3",https://img.drz.lazcdn.com/static/np/p/d11afa0861ce23158fa7a7a468c96776.jpg_200x200q80.avif
813,Apple MacBook Air M2 13 inch,https://www.hukut.com/_next/image?url=https%3A%2F%2Fcdn.hukut.com%2FApple-macbook-air-M2-Price-in-Nepal.png1742110187060&w=640&q=75
814,Apple MacBook Air M3 13 inch,https://www.hukut.com/_next/image?url=https%3A%2F%2Fcdn.hukut.com%2FWWEEWW.webp&w=640&q=75
815,Apple MacBook Air M3 15 inch,https://www.hukut.com/_next/image?url=https%3A%2F%2Fcdn.hukut.com%2Fwwe.webp&w=640&q=75
816,MACBOOK AIR M4  10 CORE CPU 10 CORE GPU 16GB MEMORY 512GGB STORAGE,https://img.drz.lazcdn.com/static/np/p/14bca6f463c3b6856c42a8ed1dc2bbf9.jpg_200x200q80.avif
817,Apple MacBook Air M4 15 inch,https://www.hukut.com/_next/image?url=https%3A%2F%2Fcdn.hukut.com%2FApple-MacBook-Air-M4-Price-in-Nepal.webp1746444305553&w=640&q=75
818,"MMX X1i Flip keypad Phone with Dual SIM | Big 2.4"" Display | TypeC USB Port | Wireless FM | Auto Call Recording |",https://img.drz.lazcdn.com/static/np/p/3e33cb36c043f4432ab47f2893196452.jpg_200x200q80.avif
819,Apple MacBook Pro M3 14 inch,https://www.hukut.com/_next/image?url=https%3A%2F%2Fcdn.hukut.com%2FApple-MacBook-Pro-14-inch-2023-price-in-nepal-3.png1724242845731&w=640&q=75
820,"Apple MacBook Pro /16""/SB/12C/18C GPU/18GB/512GB-M3 Pro",https://img.drz.lazcdn.com/static/np/p/ef6a3898f4b09e0e6b47879ee59ce0f5.png_200x200q80.avif
821,Apple MacBook Pro M4 Pro 16 inch,https://www.hukut.com/_next/image?url=https%3A%2F%2Fcdn.hukut.com%2FApple-Macbook-Pro-16-inch-M4-2024-Silver.png1741787788592&w=640&q=75
822,Apple MacBook Pro M4 Max 14 inch,https://www.hukut.com/_next/image?url=https%3A%2F%2Fcdn.hukut.com%2Fapple-macbook-m4-max-chip.webp1746442910386&w=640&q=75
823,Wenefang SSD Para Macbook Air A1466 1tb 512gb Compatible With Device Air Model New Mid 2012(EMC2558 EMC2559) Imido SSD Macbook Official Store,https://img.drz.lazcdn.com/static/np/p/6c421256ae539b75a00c62bd12b61894.png_200x200q80.avif
824,"7 in 1 USB C Hub with USB 3.0, USB 2.0 Ports for MacBook Pro Air and More Devices",https://img.drz.lazcdn.com/static/np/p/64bbd538e1965e2decb5fe813a9a3039.jpg_200x200q80.avif
825,WiWU Skin Pro Slim Stand Sleeve | For MacBook upto 13.3 Inch | Magnetic Lock,https://img.drz.lazcdn.com/static/np/p/53781495c6d4484aa460a7b3ef3fce1d.jpg_200x200q80.avif
826,Apple MacBook Air M1 13 inch,https://www.hukut.com/_next/image?url=https%3A%2F%2Fcdn.hukut.com%2Fmacbook-air-m1-price-in-nepal.png1724226527126&w=640&q=75
827,"Coteci Cotetci Screen Guard Film Compatible with 2021-2018 MacBook Air 13 inch (Apple M1 Chip A2337/A2179/A1932) 2022 MacBook Pro 13.3 inch Apple M2 Chip, Anti Glare Anti Fingerprint",https://img.drz.lazcdn.com/static/np/p/1068c5518b80bb755bcc6dddcb75206a.jpg_200x200q80.avif
828,Apple AirPods 3,https://www.hukut.com/_next/image?url=https%3A%2F%2Fcdn.hukut.com%2Fairpods-3rdgen-2.webp&w=640&q=75
829,AirPods (3rd generation),https://www.hukut.com/_next/image?url=https%3A%2F%2Fcdn.hukut.com%2FAirPods-3rd-Generation-White.png&w=640&q=75
830,Airpods Pro4 Bluetooth Charging Pods design with Premium sound Quality,https://img.drz.lazcdn.com/g/kf/S28d60d5457014b449aef77e2a57e23245.jpg_200x200q80.avif
831,White Airpod Display ANC/ENC Double Dark Noise Reduction Touch Control,https://img.drz.lazcdn.com/g/kf/S3d2d256f0b6d4ed7a79f6579b789bf65Y.jpg_200x200q80.avif
832,True Wireless Bluetooth Airpods Super Sound Quality,https://img.drz.lazcdn.com/g/kf/S31b385a403eb440aa9758ff32866003aY.jpg_200x200q80.avif
833,True Wireless Bluetooth Airpods,https://img.drz.lazcdn.com/g/kf/Sd5264822f94340c79b49c49a524822ccu.jpg_200x200q80.avif
834,True Wireless Bluetooth Airpods Pro With Charging Cable | Super Sound |2nd Generation,https://img.drz.lazcdn.com/static/np/p/ed8e1dfa11abef95cd6f7980e27c2e86.jpg_200x200q80.avif
835,"Airpods Pro 2nd Genration, with Active Noise Cancellation, White",https://img.drz.lazcdn.com/g/kf/S2e944b738d8a449186ba63340801844bo.jpg_200x200q80.avif
836,Airpods Pro 4 Type-C Bluetooth Charging Pods design with Premium sound Quality,https://img.drz.lazcdn.com/static/np/p/b9e7170a3363522b77df7350daa38a19.jpg_200x200q80.avif
837,Kick Aeropods Verve,https://www.hukut.com/_next/image?url=https%3A%2F%2Fcdn.hukut.com%2Fkick-aeropods-verve-2.png1773639730723&w=640&q=75
838,Kick AeroPods 141,https://www.hukut.com/_next/image?url=https%3A%2F%2Fcdn.hukut.com%2FKick-AeroPods-141-Midnight-Orange-Price-in-Nepal.png1731305324360&w=640&q=75
839,Kick Aeropods 777 GT,https://www.hukut.com/_next/image?url=https%3A%2F%2Fcdn.hukut.com%2Fkick-aeropods-777-gt-orange-2.png1773640148958&w=640&q=75
840,Kick AeroPods 181 Pro ANC,https://www.hukut.com/_next/image?url=https%3A%2F%2Fcdn.hukut.com%2Fkick-aeropods-181-pro.png1764151122342&w=640&q=75
841,Apple AirPods 4,https://www.hukut.com/_next/image?url=https%3A%2F%2Fcdn.hukut.com%2FAirpods4-Price-in-Nepal.webp1730869173169&w=640&q=75
842,AirPods Pro (2nd Generation),https://www.hukut.com/_next/image?url=https%3A%2F%2Fcdn.hukut.com%2F2dd.webp&w=640&q=75
843,AirPods Pro (2nd generation) Type C,https://www.hukut.com/_next/image?url=https%3A%2F%2Fcdn.hukut.com%2FAirPods-Pro-2nd-Generation-White.png&w=640&q=75
844,AirPods Pro (2nd generation) Lightning,https://www.hukut.com/_next/image?url=https%3A%2F%2Fcdn.hukut.com%2FAirPods-Pro-2nd-Generation-White.png&w=640&q=75
845,"Redmi Note 14 (6/128GB) | 6.67"" AMOLED Display | MediaTek Dimensity 7025-Ultra | 5110 mAh Battery | 45W turbo Charging",https://img.drz.lazcdn.com/static/np/p/8725c0e502dc75246763e6437063c456.png_200x200q80.avif
846,"Redmi Note 15 (6/128GB) | 6.77"" AMOLED Display | MediaTek Helio G100-Ultra | 6000 mAh battery | 33W turbo charging",https://img.drz.lazcdn.com/static/np/p/463eefdb99fa183f464fb9b9867f928d.jpg_200x200q80.avif
847,"Redmi Note 15 5G (8/256GB) | 6.77"" AMOLED Display | Snapdragon® 6 Gen 3 Mobile Platform | 5520 mAh battery | 45W turbo charging",https://img.drz.lazcdn.com/static/np/p/32cd3872e6b2353d5d0656b58c9b4c34.jpg_200x200q80.avif
848,"Redmi Note 15 5G (12/512GB) | 6.77"" AMOLED Display | Snapdragon® 6 Gen 3 Mobile Platform | 5520 mAh battery | 45W turbo charging",https://img.drz.lazcdn.com/static/np/p/32cd3872e6b2353d5d0656b58c9b4c34.jpg_200x200q80.avif
849,"Redmi Note 15 Pro 5G (8/256GB) | 6.83"" AMOLED Display | MediaTek Dimensity 7400-Ultra | 6580 mAh battery | 45W turbo charging",https://img.drz.lazcdn.com/static/np/p/ff902af0d96cab729aa66577ac65ecd5.jpg_200x200q80.avif
850,"Redmi Note 15 Pro 5G (12/512GB) | 6.83"" AMOLED Display | MediaTek Dimensity 7400-Ultra | 6580 mAh battery | 45W turbo charging",https://img.drz.lazcdn.com/static/np/p/ff902af0d96cab729aa66577ac65ecd5.jpg_200x200q80.avif
851,"Redmi Note 15 Pro+ 5G (8/256GB) | 6.83"" CrystalRes AMOLED Display | Snapdragon® 7s Gen 4 | 6500 mAh battery | 100W HyperCharge",https://img.drz.lazcdn.com/static/np/p/63745c6635be4a28f07875a7fcb43a30.png_200x200q80.avif
852,"Redmi Note 15 Pro+ 5G (12/512GB) | 6.83"" CrystalRes AMOLED Display | Snapdragon® 7s Gen 4 | 6500 mAh battery | 100W HyperCharge",https://img.drz.lazcdn.com/static/np/p/c92144e6121ba1a0c803cd3bc88eb78f.jpg_200x200q80.avif
853,"Acer NITRO LITE 16 Intel Core i7 13th Gen 13620H - (16 GB/512 GB SSD/Windows 11 Home/6 GB Graphics/NVIDIA GeForce RTX 4050) NL16-71G Gaming Laptop (16 Inch, White, 1.95 Kg)",https://img.drz.lazcdn.com/static/np/p/0d69f9a422e59dfc7a95bbf8c460e680.jpg_200x200q80.avif
854,"Acer Aspire 3 | Intel Celeron N4500 | 8GB RAM | 256GB SSD | 15.6"" FHD | Silver",https://img.drz.lazcdn.com/g/kf/S93ee065a364847e2917ec9da150449f3I.jpg_200x200q80.avif
855,"Acer EK271 Gbi 27"" Monitor",https://www.hukut.com/_next/image?url=https%3A%2F%2Fcdn.hukut.com%2Facer-ek271-gbi-27-monitor-4.png1756896369053&w=640&q=75
856,"Acer 24.5"" FHD IPS Super Comfort EK1 Monitor - EK251Q G (120Hz)",https://www.hukut.com/_next/image?url=https%3A%2F%2Fcdn.hukut.com%2Facer-ek251q-g-monitor-24-5-inch-ips-fhd-120hz-.webp1753700831069&w=640&q=75
857,"Acer KG273 X1BMIPX 27"" Nitro KG3 Gaming Monitor",https://www.hukut.com/_next/image?url=https%3A%2F%2Fcdn.hukut.com%2Facer-kg273-x1bmipx-27-nitro-kg3-gaming-monitor-4.png1756898876577&w=640&q=75
858,"Acer VG272U V3bmiipx 27"" Nitro Gaming Monitor",https://www.hukut.com/_next/image?url=https%3A%2F%2Fcdn.hukut.com%2Facer-vg272u-v3bmiipx-27-nitro-gaming-monitor-2.png1768557160121&w=640&q=75
859,"Acer VG271K Lbmiipx 27"" Gaming LED Monitor",https://www.hukut.com/_next/image?url=https%3A%2F%2Fcdn.hukut.com%2Facer-vg271k-lbmiipx-27-gaming-led-monitor-4.png1756982225400&w=640&q=75
860,"Acer Nitro VG272K V3BMIIPX V3 27"" Widescreen LED Monitor",https://www.hukut.com/_next/image?url=https%3A%2F%2Fcdn.hukut.com%2Facer-nitro-vg272k-v3bmiipx-v3-27-widescreen-led-monitor-4.png1756983300710&w=640&q=75
861,"Acer Aspire Go 15 Laptop 15.3"" WUXGA(1920 x 1200) IPS Display, Intel i5-1334U, 8GB DDR5 RAM, 256GB PCIe SSD, Windows 11 Home Wi-Fi 6, Bluetooth Steel Gray",https://img.drz.lazcdn.com/static/np/p/34053b231b401b9ab60263f1cd1af6c0.jpg_200x200q80.avif
862,"Acer Aspire 14 Intel Core 5-120U | 8 GB DDR5 RAM | 512 GB SSD | 14"" (1920X1200) IPS | Win 11 | 2 Year Warranty",https://img.drz.lazcdn.com/static/np/p/945cd1571140d850a72d327d9c0edcdf.png_200x200q80.avif
863,Acer Extensa 15 (Intel Core i5-13420H | Intel UHD Graphics),https://www.hukut.com/_next/image?url=https%3A%2F%2Fcdn.hukut.com%2Facer%2520excenta.png1770373591384&w=640&q=75
864,"WITH 10 FREE ACCESSORIES Acer NITRO V 16 ANV16-42-R309 GAMING AMD Ryzen™ 5 240 512GB SSD 16GB 16"" (1920x1200) 180Hz WIN11 NVIDIA® RTX 5050 8192MB Backlit Keyboard Laptop",https://img.drz.lazcdn.com/static/np/p/a5a7e31eaed074c42dfb5a5706af713a.png_200x200q80.avif
865,+1 Offers for you > Acer Nitro V 16 AI 2025 (AMD Ryzen 5 240 | RTX 5050 Graphics),https://www.hukut.com/_next/image?url=https%3A%2F%2Fcdn.hukut.com%2FimageThu%252C%252019%2520Mar%25202026%252008%253A43%253A52%2520GMT.jpg1773909836988&w=3840&q=75
866,"Coolpad C16 Smartphone | 6.75"" IPS Display with 90Hz Display | Powered by Unisoc Octa-core Processor | 50MP Dual Camera | Massive 5000mAh Battery with Fast Charge Support",https://img.drz.lazcdn.com/g/kf/S38499d7e1fdc4c658a9d6a4adef87f5eh.jpg_200x200q80.avif
867,"Ai+ Pulse 4G Smartphone (4GB RAM, 64GB Storage) | 50MP AI Camera | Android 15 Mobile | 5000 mAh Battery",https://img.drz.lazcdn.com/static/np/p/c7ac4650e09b1ce169ae8eadfe3ef638.png_200x200q80.avif
868,65W Small Pin Laptop Charger Adapter for Lenovo IdeaPad ThinkPad - 20V 3.25A Power Cord,https://img.drz.lazcdn.com/static/np/p/79f7b8b3d0e46d1d8c442bce0f0f8f39.jpg_200x200q80.avif
869,3 Pin AC Power Cord Cable for Laptop Charger Adapter Dell Lenovo Asus HP Notebook EU Plug 1.5m Premium Quality Power Supply Extension for TV Monitor Printer Nepal,https://img.drz.lazcdn.com/static/np/p/2c82a66b6fee65ed774d5cd1bc90a8e0.jpg_200x200q80.avif
870,High Definition Power Supply Cable Cord For Laptop Charger,https://img.drz.lazcdn.com/static/np/p/ecb8ad81ebbc5f90196baa92b44507eb.jpg_200x200q80.avif
871,Small Pin Laptop Charger,https://img.drz.lazcdn.com/static/np/p/b36cbc4a876aae1788d8574ea4c397ed.jpg_200x200q80.avif
872,Acer Laptop Charger For 65 Watt,https://img.drz.lazcdn.com/static/np/p/2dcf0410c6eb979e25054fd6567036da.jpg_200x200q80.avif
873,USB Type Laptop Charger For Lenovo 65 Watt,https://img.drz.lazcdn.com/static/np/p/a6c991ff1bb94ff81e6d27c83a31e33a.jpg_200x200q80.avif
874,"Dell Laptop Small Pin 65 watt Charger, 19.5V =3.34A",https://img.drz.lazcdn.com/g/kf/S1378fc7ba51445bf8d4163ed47d8c9671.jpg_200x200q80.avif
875,"Dell Laptop Charger 65 Watt, Big Pin 19.5 V = 3.34 A, 7.4MM X 5.0MM in size",https://img.drz.lazcdn.com/g/kf/Sb516554db77c4913b0ceb303916671f84.jpg_200x200q80.avif
876,Acer Laptop Charger For 65 Watt (19V=3.42A),https://img.drz.lazcdn.com/static/np/p/50d7fe13dfb881ddcbfa1fd228e69c13.jpg_200x200q80.avif
877,UGREEN 20W USB C Charger PD Fast Charger Block USB-C Wall Charger Power Adapter ( CD137 60449),https://www.hukut.com/_next/image?url=https%3A%2F%2Fcdn.hukut.com%2FUGREEN-(CD137-60449)-Price%2520in-Nepal.png1727761826980&w=640&q=75
878,"BINGO New 45W Magsafe2-T Charger(14.85V-3.05A)for MacBook Air 11"" 13"" A1465 A1466 A1436 MD223 MD224 Laptop Power Adapter Charger",https://img.drz.lazcdn.com/g/kf/S739e305151904c4196a4db0b43d17976y.jpg_200x200q80.avif
879,UGREEN Nexode 30W USB-C GaN Fast Charger CD359 (15550),https://www.hukut.com/_next/image?url=https%3A%2F%2Fcdn.hukut.com%2FUGREEN-Nexode-30W-CD359.png1771914604821&w=640&q=75
880,UGREEN Nexode USB-C PD Gan Fast Charger 30W (1 x USB-C),https://www.hukut.com/_next/image?url=https%3A%2F%2Fcdn.hukut.com%2Fugreen-30w-usb-Price-in-Nepal%2520(1).png1727693116231&w=640&q=75
881,ANKER 735 CHARGER (GANPRIME 65W) B2C (A2665111),https://www.hukut.com/_next/image?url=https%3A%2F%2Fcdn.hukut.com%2FAnker-735-Charger-Price-in-Nepal.png1727953026154&w=640&q=75
882,Lephone w10 (Gold 8gb) 1 gb ram,https://img.drz.lazcdn.com/static/np/p/f282d016c9b1d2f7d8d7c4a43da35a9a.jpg_200x200q80.avif
883,Nothing Phone (3a) Lite,https://www.hukut.com/_next/image?url=https%3A%2F%2Fcdn.hukut.com%2Fnothing-phone-(3a)-lite-white.webp1763921304141&w=640&q=75
884,+1 Offers for you > Nothing phone (2a),https://www.hukut.com/_next/image?url=https%3A%2F%2Fcdn.hukut.com%2FimageSun%252C%252008%2520Feb%25202026%252007%253A11%253A59%2520GMT.jpg1770535132723&w=3840&q=75
885,Nothing Phone (2a) Plus,https://www.hukut.com/_next/image?url=https%3A%2F%2Fcdn.hukut.com%2Fnothing-phone-2a-plus.webp1739965935798&w=640&q=75
886,Nothing Phone (4a),https://www.hukut.com/_next/image?url=https%3A%2F%2Fcdn.hukut.com%2Fnothing-phone-(4a)-pink.webp1773231077316&w=640&q=75
887,Nothing Phone (3a),https://www.hukut.com/_next/image?url=https%3A%2F%2Fcdn.hukut.com%2FNothing-Phone-3a%2520(1).webp1744872875299&w=640&q=75
888,Nothing Phone (3a) Pro,https://www.hukut.com/_next/image?url=https%3A%2F%2Fcdn.hukut.com%2FNothing-Phone-3a-Pro-Gray-Price-in-Nepal.png1744874439306&w=640&q=75
889,+1 Offers for you > Nothing Phone (3),https://www.hukut.com/_next/image?url=https%3A%2F%2Fcdn.hukut.com%2FimageSat%252C%252021%2520Feb%25202026%252017%253A20%253A00%2520GMT.jpg1771694401458&w=3840&q=75
890,"Apple iPhone 15 - Oliz Store 6.1"" Super Retina XDR OLED Display",https://img.drz.lazcdn.com/static/np/p/e08036bd48ba65ad5cc213de1e91e1a4.png_200x200q80.avif
891,Lenovo IdeaPad Slim 3 i5 13th Gen 13420H Processor | 16GB DDR5-4800 | 512GB M.2 PCIe NVMe SSD |  Integrated Intel® UHD Graphics | 14″ WUXGA IPS Display,https://img.drz.lazcdn.com/static/np/p/c9567e109833af176df4c9416c6ef060.jpg_200x200q80.avif
892,"LENOVO IDEAPAD 1 RYZEN 5 8GB RAM 256GB SSD 15.6"" DISPLAY 1 YEAR WARRENTY",https://img.drz.lazcdn.com/static/np/p/0898a6b946fbe2008994c36e605427d7.jpg_200x200q80.avif
893,"Lenovo Ideapad 1 Laptop, 15.6"" FHD (1920x1080) IPS Display, Ryzen 5 7520U, 8GB RAM, 256GB Storage, AMD Radeon Graphics, Windows 11Home, Abyss Blue",https://img.drz.lazcdn.com/static/np/p/077285ca46fe6adf28d8cd7b7d8cfe3c.jpg_200x200q80.avif
894,"Lenovo V14 G4 IRU i5 1335U | 8GB RAM | 512GB SSD | 14"" FHD Display | 1 Year Warranty",https://img.drz.lazcdn.com/static/np/p/2ed7c36095273ea2cf502d97ff6a9f5d.jpg_200x200q80.avif
895,"Lenovo Ideapad Slim 3i i5 13th Gen | 16GB RAM | 512GB SSD | 15.3"" WUXGA Display | 1 Year Warranty",https://img.drz.lazcdn.com/static/np/p/60e503f32101017f4f6259a95cb6a2a7.png_200x200q80.avif
896,+1 Offers for you > Lenovo ThinkCentre Neo 50a Gen 5 24 AIO 2025 (13th Gen Intel Core i3-1315U | Intel UHD Graphics),https://www.hukut.com/_next/image?url=https%3A%2F%2Fcdn.hukut.com%2FimageFri%252C%252006%2520Feb%25202026%252003%253A22%253A55%2520GMT.jpg1770348177406&w=3840&q=75
897,+1 Offers for you > Lenovo ThinkCentre Neo 50a Gen 5 24 AIO 2025 (13th Gen Intel Core i5-13420H | Intel UHD Graphics),https://www.hukut.com/_next/image?url=https%3A%2F%2Fcdn.hukut.com%2FimageFri%252C%252006%2520Feb%25202026%252003%253A22%253A55%2520GMT.jpg1770348177406&w=3840&q=75
898,"Lenovo V15 G4 - 13th Gen, Intel Core i7 13620H, 15.6"" FHD, 16GB DDR4 RAM, 512GB NVMe SSD, Iron Grey, 1 Year Warranty - Nagmani International",https://img.drz.lazcdn.com/static/np/p/920ce6148a2319d922d2fb77355ebd27.png_200x200q80.avif
899,+1 Offers for you > Lenovo LOQ 15 2025 (AMD Ryzen 5 7235HS | RTX 4050 Graphics),https://www.hukut.com/_next/image?url=https%3A%2F%2Fcdn.hukut.com%2FimageThu%252C%252019%2520Mar%25202026%252008%253A43%253A52%2520GMT.jpg1773909836988&w=3840&q=75
900,Lenovo ThinkBook 14 G7 2024 (AMD Ryzen 5 7535HS | AMD Radeon 660M Graphics),https://www.hukut.com/_next/image?url=https%3A%2F%2Fcdn.hukut.com%2FLenovo-ThinkBook-14-G7-Price-in-Nepal%2520(1).png1740648858439&w=640&q=75
901,Lenovo IdeaPad Slim 3i 2025 (Intel Core 5 210H | Intel Graphics),https://www.hukut.com/_next/image?url=https%3A%2F%2Fcdn.hukut.com%2FIdeaPad_Slim_3_15IRH10R_CT1_01.png1774356494341&w=640&q=75
902,+1 Offers for you > Lenovo IdeaCentre AIO 2025 (13th Gen Intel Core i7-13620H | Intel UHD Graphics),https://www.hukut.com/_next/image?url=https%3A%2F%2Fcdn.hukut.com%2FimageFri%252C%252006%2520Feb%25202026%252003%253A22%253A55%2520GMT.jpg1770348177406&w=3840&q=75
903,+1 Offers for you > Lenovo ThinkCentre Neo 50a Gen 5 24 AIO 2025 (13th Gen Intel Core i7-13620H | Intel UHD Graphics),https://www.hukut.com/_next/image?url=https%3A%2F%2Fcdn.hukut.com%2FimageFri%252C%252006%2520Feb%25202026%252003%253A22%253A55%2520GMT.jpg1770348177406&w=3840&q=75
904,"Lenovo All-in-One ThinkCentre Neo 50a 24 Gen 5 – 13th Gen Intel Core i7-13620H, 16 GB RAM, 512 GB SSD, WiFi + Bluetooth, 5.0 MP Camera, 24’’Display, Free Dos, Wireless Keyboard & Mouse, Wireless Mobile Charger (inbuilt in the Base) - Nagmani International",https://img.drz.lazcdn.com/static/np/p/d4d749bd53274e647b90e8d4448882a1.png_200x200q80.avif
905,Lenovo IdeaPad Slim 3i 2025 (Intel Core 7 240H | Intel Graphics),https://www.hukut.com/_next/image?url=https%3A%2F%2Fcdn.hukut.com%2Flenovo-ideapad-slim-3i-2025-3.avif1768114752371&w=640&q=75
906,Lenovo ThinkBook 14 G7 2024 (AMD Ryzen 7 7735HS | AMD Radeon 680M Graphics),https://www.hukut.com/_next/image?url=https%3A%2F%2Fcdn.hukut.com%2FLenovo-ThinkBook-14-G7-dualtone-R7-Price-in-Nepal%2520(1).png1740649354140&w=640&q=75
907,"Lenovo LOQ Gaming Laptop 2025 - (Intel Core i5 12450HX | RTX 4050 - 6GB |Windows 11 | 16GB RAM | 512 SSD | 15.6"" FHD (1920x1080)144Hz display | 2 Year warranty) - NAGMANI INTERNATIONAL",https://img.drz.lazcdn.com/static/np/p/4683f02c7fd7e4845954d696a9041c71.png_200x200q80.avif
908,"Lenovo IdeaPad Slim 5 | Core Ultra 7 155H | 32GB RAM | 1TB SSD | 14"" WUXGA OLED | Backlit Keyboard | 1 Year Warranty - Nagmani International",https://img.drz.lazcdn.com/static/np/p/5a3d72e1a17b2ddddd6bbf76340f3f17.png_200x200q80.avif
909,+1 Offers for you > Lenovo Legion 5 2025 (AMD Ryzen 7 260 | RTX 5060 Graphics),https://www.hukut.com/_next/image?url=https%3A%2F%2Fcdn.hukut.com%2FimageThu%252C%252019%2520Mar%25202026%252008%253A43%253A52%2520GMT.jpg1773909836988&w=3840&q=75
910,Redragon K530 Draconic 60% RGB Wireless Mechanical Keyboard,https://img.drz.lazcdn.com/static/np/p/9e49a0eb5415295bbbd69f1a812b99cf.jpg_200x200q80.avif
911,REDRAGON Draconic Pro K530 RGB Support Bluetooth 5.0 wireless 2.4G USB 3 mode Mechanical Gaming Keyboard 61 Keys,https://img.drz.lazcdn.com/static/np/p/8f2e3cc204d120b5ee8ca4baa8888084.jpg_200x200q80.avif
912,Redragon Harpe K503 Gaming Keyboard,https://img.drz.lazcdn.com/static/np/p/6b613724b87236dcf36b726de07028a2.jpg_200x200q80.avif
913,Redragon Harpe K503 Gaming Keyboard By Perfect Point,https://img.drz.lazcdn.com/static/np/p/c3a7837585c279df56137d63c85c6ca6.jpg_200x200q80.avif
914,REDRAGON K535 APAS Gaming Mechanical Keyboard - Low Profile Blue Switches -Black,https://img.drz.lazcdn.com/static/np/p/0d0796df73709c0e8b7a32936b985b3a.jpg_200x200q80.avif
915,Redragon K555 Mechanical Gaming Keyboard with Blue Switches By Perfect Point,https://img.drz.lazcdn.com/static/np/p/17f319670cf7178aac194243f78a2d4c.jpg_200x200q80.avif
916,Redragon K535 APAS Mechanical RGB Gaming Keyboard,https://www.hukut.com/_next/image?url=https%3A%2F%2Fcdn.hukut.com%2Fk535-redragon-mechanical.jpg1767772276617&w=640&q=75
917,"Redragon K552 Mechanical Gaming Keyboard RGB LED Rainbow Backlit Wired Keyboard with Blue Switches for Windows Gaming PC (87 Keys, Black)",https://img.drz.lazcdn.com/static/np/p/6eb0c048dc2615776bfa6dc4b989b6d1.jpg_200x200q80.avif
918,Sara Foods Cold Pressed Sesame Oil - 100ml,https://img.drz.lazcdn.com/static/np/p/cf8784a0cbe87c8a6721daf06fe7317f.jpg_200x200q80.avif
919,Fortune Soya Health Refined Soyabean Oil-1L (Indian),https://img.drz.lazcdn.com/static/np/p/a9b9cfdd4a54494d4d53dfe761d22f65.jpg_200x200q80.avif
920,"Desi Grub Golden Jojoba Oil 30ml – Cold-Pressed, Pure & Natural",https://img.drz.lazcdn.com/static/np/p/8664a3aa0568bd3bbb146423f1b2b9a8.jpg_200x200q80.avif
921,"PK Organic's Extra Virgin Cold-Pressed Coconut Oil (180ml) - 100% Pure, Baby Care & Hair Nourishment",https://img.drz.lazcdn.com/static/np/p/7aa0eebb199a586dd64436087ca9303e.jpg_200x200q80.avif
922,"Jianhua Sesame Oil, 450ml",https://img.drz.lazcdn.com/g/kf/S52689f510fd64609a3e2927e25f40b3fh.jpg_200x200q80.avif
923,Orsini Extra Virgin Olive oil,https://img.drz.lazcdn.com/static/np/p/d1eeb2ed6eb7c2e3205643765dc85421.jpg_200x200q80.avif
924,Raw Origin Cold Pressed Groundnut (Peanut) Oil 1 Litre I Edible Cooking & Frying Oil I Pure,https://img.drz.lazcdn.com/static/np/p/8f9f0b9456f4b8c779086a94827d8814.png_200x200q80.avif
925,Raw Origin Cold Pressed Sesame Oil 500ml,https://img.drz.lazcdn.com/static/np/p/69f548fae22a9137e583ae4a1f24fe3d.png_200x200q80.avif
926,Ghaila Mustard Oil Low Cholesterol -5 Litre,https://img.drz.lazcdn.com/static/np/p/ab46a636e2263807194c96a5ffbd7f83.jpg_200x200q80.avif
927,"Redmi 15C (4GB+128GB) | 6.9"" Dot Drop DIsplay |  MediaTek Helio G81-Ultra processor | 6000mAh (typ) battery | 33W Fast charging | 10W reverse charging",https://img.drz.lazcdn.com/static/np/p/f652b5a7aced93f3210efa9a9d9ab724.jpg_200x200q80.avif
928,"Redmi 15 (6GB+128GB) | 6.9"" FHD+ Dot Display | Snapdragon® 685 6nm processor | 7000mAh (typ) Battery | 33W fast charging | 18W reverse charging",https://img.drz.lazcdn.com/static/np/p/b2cc9136ac0141b07a6f8b19ef9182dd.png_200x200q80.avif
929,"Redmi 15 (8GB+256GB) | 6.9"" FHD+ Dot Display | Snapdragon® 685 6nm processor | 7000mAh (typ) Battery | 33W fast charging | 18W reverse charging",https://img.drz.lazcdn.com/static/np/p/b2cc9136ac0141b07a6f8b19ef9182dd.png_200x200q80.avif
930,Nothing Phone (3) 12/256GB,https://img.drz.lazcdn.com/static/np/p/fcd8c4500dc7303928a2f04dd64780da.jpg_200x200q80.avif
931,"Nothing Phone (3a) lite 6.77"" Flexible AMOLED Display | MediaTek Dimensity 7300 Pro 5G Processor | 5,000 mAh Battery",https://img.drz.lazcdn.com/static/np/p/988e19ca689b506e769d29bbaf287e7e.png_200x200q80.avif
932,Nothing Phone (3a) (8/128GB) | 6.77 inches Flexible AMOLED Display | Snapdragon 7s Gen 3 5G Processor | 5000 mAh Battery,https://img.drz.lazcdn.com/static/np/p/5a67b23c49a8d9fcd6504aa9260fcf7c.jpg_200x200q80.avif
933,"Nothing Phone 4a (8/256GB) | 6.78” flexible AMOLED Display | Qualcomm Snapdragon 7S Gen 4 Processor | Advanced 3 - Camera System | 5,080 mAh Battery | 50W Charge",https://img.drz.lazcdn.com/static/np/p/291ac72a5d63af5f781c55d84c3cf372.jpg_200x200q80.avif
934,Nothing Phone (3a) Pro (12/256 GB) | 6.77” flexible AMOLED Display | Qualcomm® Snapdragon™ 7s Gen 3 Processor | 5000 mAh Battery | 50 W Fast Charge,https://img.drz.lazcdn.com/static/np/p/13d49a84e09b5c8480faea8d734b866a.jpg_200x200q80.avif
935,Nothing Phone (2),https://www.hukut.com/_next/image?url=https%3A%2F%2Fcdn.hukut.com%2Fnothing-white-Price-in-Nepal.webp1732859450810&w=640&q=75
936,Nothing Phone (3) 16/512GB,https://img.drz.lazcdn.com/static/np/p/fa77da07034e1ba0db38c5e102f1bc62.png_200x200q80.avif
937,"Dell S2425H 24-Inch Full HD 100Hz IPS Gaming & Office Monitor with Built-in Speakers, Low Blue Light, Energy-Efficient, Dual HDMI, and 1-Year Warranty",https://img.drz.lazcdn.com/static/np/p/d60858e595ab00970b7fd38a3d243a06.jpg_200x200q80.avif
938,"Dell 24"" S2421HN Full HD IPS LED Monitor HDMI 1 Year Warranty",https://img.drz.lazcdn.com/static/np/p/7bb8d5251495e7f05e72cdf6eb1500e6.jpg_200x200q80.avif
939,Dell Monitor 24 Inch Super Quality 1080P Full HD Display,https://img.drz.lazcdn.com/static/np/p/27b67bf11455314bca65af6fffaf49ec.png_200x200q80.avif
940,"Dell S2725H 27-Inch Full HD IPS Monitor with 100Hz Refresh Rate, Built-in Speakers, HDMI Port, New - White",https://img.drz.lazcdn.com/static/np/p/c2fa2a643e18a83487afe656d3521a7f.jpg_200x200q80.avif
941,Dell i5 11th Gen 8Gb 512 GB Nvme SSD Touch Screen FHD Display,https://img.drz.lazcdn.com/static/np/p/0f3b78893ac1057fe29ddd532d83933e.jpg_200x200q80.avif
942,"Dell Inspiron 15 3530 - i5 1335U | 8GB RAM | 512GB SSD | 5.6"" FHD TUCH Display | 1 Year Warranty",https://img.drz.lazcdn.com/static/np/p/9461aa262a565a6cabc1a4f55223d494.jpg_200x200q80.avif
943,"Dell Inspiron 14 5435 2023 (Ryzen 7530U, 8GB, 256GB, 14"" FHD)",https://www.hukut.com/_next/image?url=https%3A%2F%2Fcdn.hukut.com%2FDell-Inspiron-14-5435-2023-price-in-nepal-2.png1721729439027&w=640&q=75
944,+1 Offers for you > Dell Pro 14 2025 (Intel Core 5 120U | Intel Graphics),https://www.hukut.com/_next/image?url=https%3A%2F%2Fcdn.hukut.com%2FimageThu%252C%252019%2520Mar%25202026%252008%253A43%253A52%2520GMT.jpg1773909836988&w=3840&q=75
945,Dell Inspiron 14 5445 2024 (AMD Ryzen 5 8540U | AMD Radeon Graphics),https://www.hukut.com/_next/image?url=https%3A%2F%2Fcdn.hukut.com%2FDell-Inspiron-14-5445-Price-in-Nepal.webp1727331264014&w=640&q=75
946,Dell Vostro 15 3530 2023 (13th Gen Intel Core i7-1355U | Intel UHD Graphics),https://www.hukut.com/_next/image?url=https%3A%2F%2Fcdn.hukut.com%2Fdell-vostro-3530-3.avif1739179470335&w=640&q=75
947,Dell 14 Plus 2-in-1 2025 (AMD Ryzen AI 7 350 | AMD Radeon Graphics),https://www.hukut.com/_next/image?url=https%3A%2F%2Fcdn.hukut.com%2Fdell-14-plus-2-in-1-2025-3.png1766902150998&w=640&q=75
948,Dell 14 Plus 2-in-1 2025 (Intel Core Ultra 7 256V | Intel Arc Graphics),https://www.hukut.com/_next/image?url=https%3A%2F%2Fcdn.hukut.com%2Fdell-14-plus-2-in-1-2025-3.webp1765356055918&w=640&q=75
949,+1 Offers for you > Dell Inspiron 13 5330 2024 (Intel Core Ultra 7 155H | Intel Graphics),https://www.hukut.com/_next/image?url=https%3A%2F%2Fcdn.hukut.com%2FimageThu%252C%252019%2520Mar%25202026%252008%253A43%253A52%2520GMT.jpg1773909836988&w=3840&q=75
950,Havit H2040D Wired Gaming Headphone,https://www.hukut.com/_next/image?url=https%3A%2F%2Fcdn.hukut.com%2Fhavit-h2040d-wired-gaming-headphone-4.png1774150798762&w=640&q=75
951,Havit H2230d Wired Gaming Headphone,https://www.hukut.com/_next/image?url=https%3A%2F%2Fcdn.hukut.com%2Fhavit-h2230d-wired-gaming-headphone-4.png1774150301833&w=640&q=75
952,Havit HV-H2232D Wired Gaming Headphone,https://www.hukut.com/_next/image?url=https%3A%2F%2Fcdn.hukut.com%2Fhavit-hv-h2232d-wired-gaming-headphone-3.png1774149516403&w=640&q=75
953,"Green Symphony Hybrid ANC Headphone (40-50dB) | 45ms Low Latency | Spatial Audio Technology, 3D Experience | Changeable Cap | Foldable | JL5.4 Bluetooth Version | 100H Playtimes, 80H For ANC | 5 Mic | 1000mAh | 40mm Driver | Ultra-Soft Cushions | IPX4",https://img.drz.lazcdn.com/static/np/p/6b4ede5eeea7fa3549936ccb17257242.png_200x200q80.avif
954,Fantech Hg11 7.1 Channel Surround Sound Gaming Headset Stereo Led Headphones (Black),https://img.drz.lazcdn.com/static/np/p/7c471a2338c5d634804d2e7ed00c9cac.jpg_200x200q80.avif
955,UGEE S640 Graphic Drawing Tablet with Battery-Free Stylus and 10 Express Keys,https://img.drz.lazcdn.com/static/np/p/68e8ac45919df3962aac610e41e575ad.jpg_200x200q80.avif
956,Great Asia TKE 108GCM tablets 2gb+32gb 5000MAH BATTERY ANDROID 11.0 OCTA CORE 10.1 INC SCREEN,https://img.drz.lazcdn.com/static/np/p/906bea401983245a0f12567c0241bfa5.jpg_200x200q80.avif
957,"Great Asia TK-E10A523 Android 13 Tablet  10.1"" IPS Display  Octa-Core  4GB RAM  64GB Storage  Dual Cameras I wifi only",https://img.drz.lazcdn.com/static/np/p/d2026c9e22622aeba07a43f9e3b938e8.jpg_200x200q80.avif
958,Great Asia High-Performance Tablet TK-P616 | 10.51-inch Display | Android 13.0 | T616 Octa-Core CPU | 6GB | 128GB Storage,https://img.drz.lazcdn.com/static/np/p/7e262d408ae4ad7dcf8c615eabd321b6.jpg_200x200q80.avif
959,Blackview MEGA 2 Tablet( 12GB(8+16) +256GB) | Set of Packing (Wireless keyboard + Mouse + Stylus Pen + Earphone) | 12 inch 2K Display | 9000mAh Battery,https://img.drz.lazcdn.com/static/np/p/3c0b5065201e60300a9d6390529dcf6a.jpg_200x200q80.avif
960,Transparent Clear Hard Shell Case for MacBook (M1 2020 Air 13.3),https://img.drz.lazcdn.com/static/np/p/45a028b17db7626b1a5b536526182eaa.jpg_200x200q80.avif
961,COTECi Crystal Clear Hard Shell Case for MacBook Air 13.6 M2 A2681 2022 Macbook Air M2 Case,https://img.drz.lazcdn.com/static/np/p/f55de7b604f9be176d1e8516bbf80ef7.jpg_200x200q80.avif
962,"COTECi MacBook Air 13 inch Case M1 Air 2021 2020 2019 2018 Release A2337 A2179 A1932, Plastic Hard Shell Crystal clear case",https://img.drz.lazcdn.com/static/np/p/f55de7b604f9be176d1e8516bbf80ef7.jpg_200x200q80.avif
963,"COTEetCI MacBook Air Carbon Fiber Protective Case,  Shell For MacBook Air 13.6 A2681/ A3113 (M2 & M3) - Black",https://img.drz.lazcdn.com/g/kf/Sbf8ccd11a45c47dfb7d7f0c0a3d519ca4.jpg_200x200q80.avif
964,COTECI MacBook Pro 16 inch  Case TPU Boarder Pc Frosted White Case  For Macbook Pro 16 M1/M2 / M3 Pro/Max  2022/2023/2024,https://img.drz.lazcdn.com/static/np/p/b3de5e709edaa07248e1991506dfe00f.jpg_200x200q80.avif
965,QUKAM New 2025 Laptop Case For Apple Mac Pro 14/16 M1 M2 M3 M4 Air 13/15 Pro13 Crystal Waterproof Macbook Case Tablet Accessorie,https://img.drz.lazcdn.com/g/kf/S45d58a77f5cd4d299ff39394d8663b9bh.jpg_200x200q80.avif
966,Laptop Case For MacBook Air 15 Case M4 2025 For Macbook Air 13 Case M1 for Macbook Pro 16 Case M2 2024 2023 Pro 14 M3 Funda,https://img.drz.lazcdn.com/g/kf/S43ad86788d644b7a84729ecc64aca7dba.jpg_200x200q80.avif
967,"100% Ultra-clear hard case for 13.6"" MacBook Air (M4-M2 2022-2025). Crystal-clear, sturdy, protects from scratches & impacts",https://img.drz.lazcdn.com/g/kf/S0c70a1ddd5064d3abbc99b21dd45dafeO.png_200x200q80.avif
968,Glitter laptop Cover For 2026 Macbook Air 13.6 Case MacBook Air 15 M4 Chip Case MacBook Pro 14 Pro 16 M5 M3 M2 M1 Pro 13 Case,https://img.drz.lazcdn.com/g/kf/Seb2a01abe6064decbac8b8e5f3af60a9K.jpg_200x200q80.avif
969,Laptop Case for MacBook Air 15 M4 2025 Case M3 Air 15.3 13.6 Hard Shell for MacBook Pro 13 14 16 M1 M2 M3 Oil paint print shell,https://img.drz.lazcdn.com/g/kf/Sad7fb88673ff462db58113e32643e95b7.jpg_200x200q80.avif
970,Lavish Deals Macbook Combo Offer For Macbook Air 15-Inch M2 Chip 2023 A2941,https://img.drz.lazcdn.com/static/np/p/eea6ba82b209aa03e808d28afe045a76.jpg_200x200q80.avif
971,"Lenovo Ideapad Slim 3i i5 13th Gen | 8GB RAM | 512GB SSD | 15.3"" WUXGA FHD Display | 1 Year Warranty",https://img.drz.lazcdn.com/static/np/p/334baa729b9077ff1439e62a075c6b0e.png_200x200q80.avif
972,Lenovo IdeaPad Slim 3 i5-13420H 13th Gen/16GB RAM/512GB SSD/15.6″ Full HD Screen/Backlit Keyboard/FingerPrint Reader Laptop,https://img.drz.lazcdn.com/static/np/p/fbe9f6eda44dd2f7a77e81e6fbb55c51.jpg_200x200q80.avif
973,Lenovo IdeaPad Slim 3 2025 (13th Gen Intel Core i5 13420H | Intel UHD Graphics),https://www.hukut.com/_next/image?url=https%3A%2F%2Fcdn.hukut.com%2Flenovo-ideapad-slim-3-2025-3.avif1750331445860&w=640&q=75
974,Lenovo IdeaPad Slim 3i 2025 (13th Gen Intel Core i5-13420H | Intel UHD Graphics),https://www.hukut.com/_next/image?url=https%3A%2F%2Fcdn.hukut.com%2FLenovo-IdeaPad-Slim-3-3.avif1744543229039&w=640&q=75
975,Lenovo Ideapad 5 2-in-1 2025 (Intel Core Ultra 5 225U | Intel Arc Graphics),https://www.hukut.com/_next/image?url=https%3A%2F%2Fcdn.hukut.com%2Flenovo-ideapad-5-2-in-1-2025-2.webp1773051492911&w=640&q=75
976,"Lenovo IdeaPad Slim 3 Intel Core 5 210H Processor | 16GB DDR5 RAM | 512GB M.2 2242 PCIe NVMe SSD | Integrated Intel Graphics | 14"" WUXGA IPS Display",https://img.drz.lazcdn.com/static/np/p/b515e3e93e4a5b3f4ad8324ba95f7fae.jpg_200x200q80.avif
977,+1 Offers for you > Lenovo IdeaPad Slim 5i 16 (Intel Core Ultra 5 125H | Intel Arc Graphics),https://www.hukut.com/_next/image?url=https%3A%2F%2Fcdn.hukut.com%2FimageThu%252C%252019%2520Mar%25202026%252008%253A43%253A52%2520GMT.jpg1773909836988&w=3840&q=75
978,Lenovo IdeaPad Slim 5i Gen 9 2024 (Intel Core Ultra 5 125H | Intel Arc Graphics),https://www.hukut.com/_next/image?url=https%3A%2F%2Fcdn.hukut.com%2Flenovo-ideapad-slim-5i-gen-9-2024-3.webp1750416198555&w=640&q=75
979,Lenovo IdeaPad Slim 5i 14 Gen 9 2024 (Intel Core Ultra 7 155H | Intel Arc Graphics),https://www.hukut.com/_next/image?url=https%3A%2F%2Fcdn.hukut.com%2FLenovo%2520-deaPad-Slim-5i-14-price-in-nepal-2.webp1722168831853&w=640&q=75
980,Redmi Note 14 4G,https://www.hukut.com/_next/image?url=https%3A%2F%2Fcdn.hukut.com%2Fxiaomi-redmi-note-14-4g-lime-green.webp1736674716092&w=640&q=75
981,Redmi Note 14 5G,https://www.hukut.com/_next/image?url=https%3A%2F%2Fcdn.hukut.com%2FRedmi-note-14-5g-Price-in-Nepal.png1736738055958&w=640&q=75
982,Redmi Note 14 Pro 5G,https://www.hukut.com/_next/image?url=https%3A%2F%2Fcdn.hukut.com%2FXiaomi-Redmi-Note-14-Pro-5G-Midnight-Black.webp1736676765679&w=640&q=75
983,Redmi Note 14 Pro+ 5G,https://www.hukut.com/_next/image?url=https%3A%2F%2Fcdn.hukut.com%2Fxiaomi-redmi-note-14-pro-%252B5g-midnight-black.png1736678435248&w=640&q=75
984,Redmi Note 13 4G,https://www.hukut.com/_next/image?url=https%3A%2F%2Fcdn.hukut.com%2Futututututut.webp&w=640&q=75
985,Redmi Note 12 5G,https://www.hukut.com/_next/image?url=https%3A%2F%2Fcdn.hukut.com%2FRedmi%2520Note%252012%25205G%2520Mystique%2520Blue.webp&w=640&q=75
986,Redmi Note 13 Pro 4G,https://www.hukut.com/_next/image?url=https%3A%2F%2Fcdn.hukut.com%2Fabcde.webp&w=640&q=75
987,Redmi Note 13 Pro+,https://www.hukut.com/_next/image?url=https%3A%2F%2Fcdn.hukut.com%2FRedmi-Note-13-Pro-Light-Dream-Space-1.webp&w=640&q=75
988,"Lenovo IdeaPad Slim 3i 2023 (Intel i3-1305U, 8GB, 512GB, 14"" FHD IPS, Fingerprint)",https://www.hukut.com/_next/image?url=https%3A%2F%2Fcdn.hukut.com%2FLenovo-IdeaPad-Sl%2520front.webp&w=640&q=75
989,Lenovo IdeaPad Slim 3i 2022 (12th Gen Intel Core i5-12450H | Intel UHD Graphics),https://www.hukut.com/_next/image?url=https%3A%2F%2Fcdn.hukut.com%2Flenovo-ideapad-slim-3i-2022-4.jpg1758442715473&w=640&q=75
990,Lenovo Ideapad Slim 3i 2025 (Intel Core i3-1315U | Intel UHD Graphics),https://www.hukut.com/_next/image?url=https%3A%2F%2Fcdn.hukut.com%2Flenovo-ideapad-slim-3i-2025-3%2520(2).png1766954461252&w=640&q=75
991,Lenovo IdeaPad Slim 3i 2024 (14th Gen Intel Core 5 120U | Intel Arc Graphics),https://www.hukut.com/_next/image?url=https%3A%2F%2Fcdn.hukut.com%2FIdeaPad_Slim_3-3.png1734852872901&w=640&q=75
992,Lenovo IdeaPad Slim 3i 2025 (13th Gen Intel Core i7-13620H | Intel UHD Graphics),https://www.hukut.com/_next/image?url=https%3A%2F%2Fcdn.hukut.com%2Flenovo-ideapad-slim-3i-2025-3.webp1754813381552&w=640&q=75
993,"Acer TravelLite AMD Ryzen 5 7430U - (16 GB/512 GB SSD/Windows 11 Home) TL04-41M Notebook (14 Inch, Black, 1.34 kg)",https://img.drz.lazcdn.com/static/np/p/fa9e16ab5f0fa69b2f30ca262e20e0a2.jpg_200x200q80.avif
994,+1 Offers for you > Acer Nitro V15 2025 (Intel Core 5 210H | RTX 3050 Graphics),https://www.hukut.com/_next/image?url=https%3A%2F%2Fcdn.hukut.com%2FimageThu%252C%252019%2520Mar%25202026%252008%253A43%253A52%2520GMT.jpg1773909836988&w=3840&q=75
995,+1 Offers for you > Acer Nitro V15 2025 (Intel Core i5-13420H | RTX 5050 Graphics),https://www.hukut.com/_next/image?url=https%3A%2F%2Fcdn.hukut.com%2FimageThu%252C%252019%2520Mar%25202026%252008%253A43%253A52%2520GMT.jpg1773909836988&w=3840&q=75
996,"Acer Nitro V 16 | AMD Ryzen™ 5 240 | 16GB RAM | 512GB SSD | NVIDIA RTX 5050 8GB Graphics | Windows 11 | Obsidian Black | Backlit Keyboard | 16"" 180Hz FHD (1920x1200) Display | ANV16-42-R309",https://img.drz.lazcdn.com/g/kf/Scbc195888db34395bd3cdba38effd6070.png_200x200q80.avif
997,Acer Nitro V15 Core i5 -13420H 13th Gen | 16GB RAM| 512 GB SSD |15.6″ FHD 165 Hrz | RTX 5050 8GB GFX | Backlit Keyboard | Win 11 Home | 1 Years Warranty,https://img.drz.lazcdn.com/static/np/p/f1d6f1bdeddd5680493e4b74c4078a40.jpg_200x200q80.avif
998,+1 Offers for you > Acer Nitro V 16 AI 2025 (AMD Ryzen 7 260 | RTX 5050 Graphics),https://www.hukut.com/_next/image?url=https%3A%2F%2Fcdn.hukut.com%2FimageThu%252C%252019%2520Mar%25202026%252008%253A43%253A52%2520GMT.jpg1773909836988&w=3840&q=75
999,Acer Nitro V15 i9 13900H RTX 4060 16GB RAM 512GB SSD 15.6 FHD 165Hz,https://img.drz.lazcdn.com/static/np/p/b168be2d75aee7054d935285fc4b66f4.jpg_200x200q80.avif
1000,+1 Offers for you > Acer Nitro V 16S AI 2025 (AMD Ryzen 7 260 | RTX 5050 Graphics),https://www.hukut.com/_next/image?url=https%3A%2F%2Fcdn.hukut.com%2FimageThu%252C%252019%2520Mar%25202026%252008%253A43%253A52%2520GMT.jpg1773909836988&w=3840&q=75
1001,Acer Nitro V15 (Intel Core i9-13900H | NVIDIA RTX 4060 8GB),https://www.hukut.com/_next/image?url=https%3A%2F%2Fcdn.hukut.com%2FAcer-Nitro-V-15-2.webp1745925613698&w=640&q=75
1002,Acer Nitro 16S AI 2025 (AMD Ryzen AI 7 350 | RTX 5060 Graphics),https://www.hukut.com/_next/image?url=https%3A%2F%2Fcdn.hukut.com%2Facer-nitro-16s-ai-2025-3.png1764221201749&w=640&q=75
1003,"Lenovo V15 G4 - 13th Gen, Intel i3 1315U, 15.6"" FHD, 8GB DDR4 RAM, 512GB NVMe SSD, Iron Grey Color, 1 Year Warranty - NAGMANI INTERNATIONAL",https://img.drz.lazcdn.com/static/np/p/20e8379489f7398506ae1854412f2740.png_200x200q80.avif
1004,"WITH 10 FREE ACCESSORIES Lenovo LOQ Gaming Laptop 2025 - (15.6"" FHD 144Hz Display | Intel i5-12450HX | 8 GB RAM | 512GB SSD | RTX 2050 4GB | Windows 11 | Backlit KB | 2 Year Warranty)",https://img.drz.lazcdn.com/static/np/p/deb14e9b03de9daab391e2b9c82ca6e9.png_200x200q80.avif
1005,Apple iPhone 17e,https://www.hukut.com/_next/image?url=https%3A%2F%2Fcdn.hukut.com%2Fapple-iphone-17e-soft-pink.png1774423225272&w=640&q=75
1006,"Lavish Deals Combo offer iphone 15 Pro Max,15 pro,15,14 pro max,14,13 pro max,13,12 pro max,11,13,14",https://img.drz.lazcdn.com/static/np/p/1c23037f9eee7c111678f7e8a6842d0d.jpg_200x200q80.avif
1007,BOOX Palma Mobile ePaper 6G 128G G-Sensor Front Light 16MP Rear Camera (White),https://img.drz.lazcdn.com/static/np/p/a7dc48c999473f59bd39d37388983d13.jpg_200x200q80.avif
1008,( Renewed ) Apple iPhone 13 Pro - 128 GB Sierra Blue - NTA / MDMS Approved,https://img.drz.lazcdn.com/static/np/p/a3bde583240a7e45aa4a92fd75c641dd.png_200x200q80.avif
1009,( Renewed ) Apple iPhone 14 Plus - 128 GB Midnight - NTA / MDMS Approved,https://img.drz.lazcdn.com/static/np/p/82bd7adb3a9cabe35b08f9c5d9834e00.png_200x200q80.avif
1010,( Renewed ) Apple iPhone 15 - 128 GB Green - NTA / MDMS Approved,https://img.drz.lazcdn.com/static/np/p/ed582f16f8a2a6760539552b5e8c4c56.png_200x200q80.avif
1011,( Renewed ) Apple iPhone 15 Plus - 128 GB Blue - NTA / MDMS Approved,https://img.drz.lazcdn.com/static/np/p/c31179ccc3c8466206aaf26aa009cec6.png_200x200q80.avif
1012,Apple iphone 14 Pro,https://www.hukut.com/_next/image?url=https%3A%2F%2Fcdn.hukut.com%2Fgold%25201.webp&w=640&q=75
1013,Apple iPhone 14 Pro Max,https://www.hukut.com/_next/image?url=https%3A%2F%2Fcdn.hukut.com%2FiPhone%252014%2520Pro%2520Max%2520Gold.webp&w=640&q=75
1014,USB Multimedia Keyboard For Computer Laptop,https://img.drz.lazcdn.com/g/kf/S52027de1e502455992e48aa00f6eba56V.jpg_200x200q80.avif
1015,7 Colors Backlit Wireless Air Mouse Keyboard For Smart Tv & Android Tv Box,https://img.drz.lazcdn.com/static/np/p/be6a352a15a011e8888cc8f8f27a42e7.png_200x200q80.avif
1016,Wireless Rechargeable Mouse Dual Mode Slim Portable Mouse With LED Light Silent Mouse For Laptop Windows/Mac Computers,https://img.drz.lazcdn.com/static/np/p/438fcfd7505f4e9aa060cf91df2429a0.jpg_200x200q80.avif
1017,Redmi Note 14 Pro (5g) Flexible Privacy Unbreakable Membrane,https://img.drz.lazcdn.com/static/np/p/24611c4708666024ce3a245a7c5adfca.jpg_200x200q80.avif
1018,LAPTOP SATA 2.5 INCH HARD DISK CASE WD ELEMENTS PLASTIC BODY USB 3.0 INTERFACE,https://img.drz.lazcdn.com/static/np/p/429513ba5c0b0181e354c2d5cf2b40f5.jpg_200x200q80.avif
1019,"iPhone 15 Soft Silicon Case Fur Lined Interior, Shockproof Cover",https://img.drz.lazcdn.com/static/np/p/23b6ac7f07ba5d50aad55017c2baf444.jpg_200x200q80.avif
1020,"Apple iPhone 15 Pro (6.1"") & 15 Pro Max (6.7"") Liquid Silicone Soft Cover Case | Microfiber Inside , iphone 15 Pro , iphone 15 Pro Max",https://img.drz.lazcdn.com/static/np/p/3878f3c8d87eca8349aefd971ea98f7d.jpg_200x200q80.avif
1021,HOCE Slide Camera Protector Holder Magnetic Phone Cases For iPhone 17 16 15 14 13 12 11 Pro Max 14 15 16 Plus MagSafe Case 2 in 1 Shockproof Bumper Ring Folding Bracket Back Cover,https://img.drz.lazcdn.com/static/np/p/089723b0c9cdc6a997bea12692762ee6.jpg_200x200q80.avif
1022,For iPhone 17 16 Pro Max 15 14 13 12 11 Xs X 8 7 6 5s 16e Air Mini Clear Phone Cover Mobile Case - Edge Soft Bumper Transparent Anti Shock TPU Mobile Cover Case,https://img.drz.lazcdn.com/static/np/p/9e78ec2e9a4be821e2f7d86dfc49a99f.jpg_200x200q80.avif
1023,Apple iPhone 15 Liquid Silicone Soft Cover Case | Microfiber Inside,https://img.drz.lazcdn.com/static/np/p/ed40a094d1213f1d1d5df55b8a2cf311.jpg_200x200q80.avif
1024,"Spigen & Belkin Magsafe iphone All Series 17 16 15 14 13 12 11  X Xs  / Pro Max / 12 Mini 13 Mini Luxury Hybrid Crystal Clear Transparent Cover Case Non Yellowing Back , Belkin Magsafe Charging Magnet",https://img.drz.lazcdn.com/static/np/p/39b0fd1f633c457251d446b1c134f393.jpg_200x200q80.avif
1025,"HOCE Soft Folds Patterned Silicone Phone Case for iPhone 11 12 13 14 15 16 17, Pro Max, XS, Max, Plus, Protective Bumper Cover",https://img.drz.lazcdn.com/static/np/p/b85eca343b652bc2e9a8b5f54687ebb7.jpg_200x200q80.avif
1026,For iPhone 17 Pro Max Case Upgrade Phone Case For iPhone 11 12 13 14 15 16 Pro Max Plus Air Cases Shockproof Cover Accessories,https://img.drz.lazcdn.com/g/kf/S7a53c7c95a784112a75bc62d4cd71641M.jpg_200x200q80.avif
1027,HARD DISK CASE FOR LAPTOP HARD DISK SSD 2.5 INCHES INTERFACE TYPE C PLASTIC TRASNPARENT ENCLOSURE HDD CASE,https://img.drz.lazcdn.com/static/np/p/11fa212a7455448e184b7eb2e239f151.jpg_200x200q80.avif
1028,3D Camera Protector For iPhone 15 Pro Max | Tempered Glass 3D Back Camera Lens Protector,https://img.drz.lazcdn.com/static/np/p/5ac9047f4c5af2e6f9f30023773fa922.jpg_200x200q80.avif
1029,1/2Pcs Matte Tempered Glass For iPhone 15 14 12 11 13 Pro Max Frosted Screen Protectors For iPhone 11 12 13 14 15 Plus Glass Fil,https://img.drz.lazcdn.com/g/kf/S68d7cb99757a43ba8657a073f621382aI.jpg_200x200q80.avif
1030,Full Cover Camera Lens Protector on For iPhone 16 16pro 16promax Tempered Glass For iPhone 15 Plus 14 Pro Max Cameras Protector,https://img.drz.lazcdn.com/g/kf/Sdbdd0765c70b4c89b595ea07424439d9M.jpg_200x200q80.avif
1031,1/2Pcs Privacy Tempered Glass Screen Protector for IPhone 15 14 13 12 11 16 Pro Max Plus Anti-Spy Dust Installation Protector,https://img.drz.lazcdn.com/g/kf/S7aa827e7ccb8426a827b21881f85bc14C.jpg_200x200q80.avif
1032,HODON HD Full Cover Tempered Glass For iPhone 17 16 15 14 Plus 13 12 11 Pro Max Clear Screen Protector,https://img.drz.lazcdn.com/static/np/p/a96c7289fbafe6bd22a15b6efdb77815.jpg_200x200q80.avif
1033,NNBILI 4Pcs Tempered Glass Screen Protector Suitable for iPhone 17 16 15 Pro Max 14 13 12 11 Pro Mini XR XS Max Protective Glass,https://img.drz.lazcdn.com/g/kf/S46a000166bbb46a192536c66797da2224.jpg_200x200q80.avif
1034,4Pcs Full Cover Tempered Glass For iPhone 17 16 15 14 13 12 11 Pro Max Screen Protector For iPhone 7 8 Plus X XS Max XR Glass,https://img.drz.lazcdn.com/g/kf/S27ec3fa4b7a34f3fb40776440423ba809.jpg_200x200q80.avif
1035,Privacy Screen Protector for iPhone 7 8 Plus X Xs Max 11 12 13 14 15 16 17 Air Pro Max Anti-Spy Tempered Glass,https://img.drz.lazcdn.com/static/np/p/c2bb8e02c51af1448641a664a0eb23f3.jpg_200x200q80.avif
1036,"MagSafe Compatible Shockproof Transparent Slim Fit Wireless Charging supported Frosted Border Phone Back Case Mobile Cover -For Apple iPhone 7plus,8plus,x,xs,xr,xsmax,11,12,13,14,15,16,pro,promax,12,1",https://img.drz.lazcdn.com/static/np/p/4a197530cb2b1c781c8f6ba47507542a.png_200x200q80.avif
1037,"120W Warp Fast Charger Power Max & USB A to Type C Cable Combo, Warp, compatible with  SuperVOOC, Dash, Fast & Super Fast Charging, Charger Adapter Designed & Other All Type C Smartphones",https://img.drz.lazcdn.com/static/np/p/a73a488039cea95f98aec8a93ff51590.jpg_200x200q80.avif
1038,85W power Adapter Super fast charger for fast support mobile True 80W PD charging Adapter compatible for all mobile Type C,https://img.drz.lazcdn.com/static/np/p/5f2d04cc1d8e9179f077e8c9c916e902.jpg_200x200q80.avif
1039,25w Super Fast Samsung Compatible High Copy Charger + Type C to Type C Cable,https://img.drz.lazcdn.com/static/np/p/074e2f4bb2f55ff3124412ae561bfe03.jpg_200x200q80.avif
1040,30W Wireless Charger Pad Stand for iPhone 17-11 X XR  S22 S21  Phone Chargers Fast Charging Dock Station,https://img.drz.lazcdn.com/g/kf/Sba625f34b8bb415d9dd69b67316e1ae8i.png_200x200q80.avif
1041,Wireless Charger Fast support for  S24 S23 S22 21 Ultra Quick Charging Stand For iPhone17 16 15 14 13 12Pro Max  14,https://img.drz.lazcdn.com/g/kf/S4a0210b5378c4ef0a9b372cdcd4a916bZ.jpg_200x200q80.avif
1042,Fast Wireless Charger For Smartphones,https://img.drz.lazcdn.com/static/np/p/61a51d97d26ad412a00a3593562eeb79.jpg_200x200q80.avif
1043,Xiaomi 33W Charging Combo ( Type-A) - Charger,https://img.drz.lazcdn.com/static/np/p/3c3f19d83b440929f50c74d289a9adbb.jpg_200x200q80.avif
1044,I-phone Charger Folding 25 Watt Power Adapter With USB-C To Lightning Cable For I-phone X To 14 Pro Max,https://img.drz.lazcdn.com/g/kf/Seaaa7061307c49efa537dfdc339aee2fa.jpg_200x200q80.avif
1045,Smart Nepali English USB Keyboard,https://img.drz.lazcdn.com/static/np/p/382f93b162348001c0db06ce863c2189.jpg_200x200q80.avif
1046,MILANG K6 Professional Polychromatic RGB Rainbow Backlit Gaming Waterproof Mech Feel Keyboard,https://img.drz.lazcdn.com/static/np/p/00c40cdc531c9f0ce45f6775fae0c640.jpg_200x200q80.avif
1047,"Premium Wireless Bluetooth Keyboard And Mouse Combo – Ergonomic Design, Long Battery Life, Quick Charging, Extended Range, And Energy Efficient",https://img.drz.lazcdn.com/static/np/p/f78149c451b8523d8d88dd4d6eb3eef2.jpg_200x200q80.avif
1048,Luminous Rainbow RGB Back-lit Gaming Keyboard Mouse Combo,https://img.drz.lazcdn.com/static/np/p/ce06ad27a48e01f293a0fa49699b23ec.jpg_200x200q80.avif
1049,Bajeal T350 Rainbow RGB Back-lit Gaming Keyboard Mouse Combo,https://img.drz.lazcdn.com/static/np/p/d3dbf3c75b85a1cfb18c5e4fe162ce73.png_200x200q80.avif
1050,Bajeal RGB LED Backlight USB Gaming Keyboard And Mouse Combo,https://img.drz.lazcdn.com/static/np/p/88a94d9c9ed961f62c791a5ad2dbbff9.jpg_200x200q80.avif
1051,RAPOO NK2600 Wired USB Keyboard,https://www.hukut.com/_next/image?url=https%3A%2F%2Fcdn.hukut.com%2Frapoo-nk2600-wired-usb-keyboard-3-Photoroom.png1762067634084&w=640&q=75
1052,RAPOO NX1600 Wired Optical Mouse and Keyboard Combo,https://www.hukut.com/_next/image?url=https%3A%2F%2Fcdn.hukut.com%2Frapoo-nx1600-wired-optical-mouse-and-keyboard-combo-3.png1762069376679&w=640&q=75
1053,JERTECH JK540 Custom White Arabic Mini Split Gamer 60 Percent Keyboard Red Switch Wired RGB Gaming Mechanical Keyboard,https://img.drz.lazcdn.com/static/np/p/6a37107f5e9b983d20e3762d5b18dcb0.png_200x200q80.avif
1054,"Zifriend T62 (63 Keys) Mechanical Keyboard, RGB Backlit, Hot-swappable, White & Grey Beige",https://img.drz.lazcdn.com/static/np/p/d89d86addfca24347ae6c12761cd41c7.jpg_200x200q80.avif
1055,Redragon K503 Harpe RGB Backlit Gaming Keyboard,https://www.hukut.com/_next/image?url=https%3A%2F%2Fcdn.hukut.com%2Fredragon-k503-harpe-rgb-backlit-gaming-keyboard.webp1766480188842&w=640&q=75
1056,RAPOO X1800 Pro Wireless Keyboard Combo and Optical Mouse,https://www.hukut.com/_next/image?url=https%3A%2F%2Fcdn.hukut.com%2Frapoo-x1800-pro-wireless-keyboard-combo-and-optical-mouse-3.png1762069709607&w=640&q=75
1057,FANTECH ATOM61 MK211 WIRED MECHANICAL KEYBOARD,https://img.drz.lazcdn.com/static/np/p/3ab2213a00608211e2426f910cc1a8b1.jpg_200x200q80.avif
1058,Rapoo X2000 Wireless Optical Mouse & Keyboard Combo,https://www.hukut.com/_next/image?url=https%3A%2F%2Fcdn.hukut.com%2Frapoo-x2000-wireless-optical-mouse-%2526-keyboard-combo%2520(2).png1762068710279&w=640&q=75
1059,Fantech ATOM81 MK875 V2 Wired Mechanical Gaming Keyboard Mizu Edition,https://img.drz.lazcdn.com/static/np/p/ef077bd0cbe3e8e1f909a2684f934fae.jpg_200x200q80.avif
1060,RAPOO V50S Backlit Gaming Keyboard,https://www.hukut.com/_next/image?url=https%3A%2F%2Fcdn.hukut.com%2Frapoo-v50s-backlit-gaming-keyboard-3.png1762069001506&w=640&q=75
1061,Havit Gamenote KB881L Backlit Mechanical Gaming Keyboard,https://www.hukut.com/_next/image?url=https%3A%2F%2Fcdn.hukut.com%2Fhavit-gamenote-kb881l-backlit-mechanical-gaming-keyboard-Photoroom.png1774151251068&w=640&q=75
1062,Redragon K512 SHIVA RGB Membrane Gaming Keyboard,https://www.hukut.com/_next/image?url=https%3A%2F%2Fcdn.hukut.com%2Fredragon-membrane-gaming-keyboard.jpg1767772354732&w=640&q=75
1063,Redragon K530 Draconic Pro Wireless Mechanical Gaming Keyboard,https://www.hukut.com/_next/image?url=https%3A%2F%2Fcdn.hukut.com%2FREDRAGON-Draconic-Pro-K530-RGB-Support-Bluetooth-5-0-wireless-2-4G-USB-3-Mechanical.jpg1767772125529&w=640&q=75
1064,"Laptop Dell Latitude 5300 , Laptop 13.3"" Intel Core i5-8365U 1.6GHz up to 4.1GHz, 8GB DDR4 RAM, 256GB SSD Laptop",https://img.drz.lazcdn.com/static/np/p/ec49f9462346d2981475f1a09912e2e7.jpg_200x200q80.avif
1065,"HP 15.6"" Laptop 15-fd0113dx – Intel Core i3 N305, 8GB RAM, 128GB UFS, Natural Silver",https://img.drz.lazcdn.com/g/kf/S8d14c90d142c4606b1463b04c9e09717e.jpg_200x200q80.avif
1066,"WITH 10 FREE ACCESSORIES HP Victus 15-FA2013 Gaming Laptop | Core i5-13420H | RTX 3050 6GB | 8GB RAM | 512GB SSD | 15.6"" FHD 144Hz",https://img.drz.lazcdn.com/static/np/p/e250765d977fd58bf6e32de68dd5b128.png_200x200q80.avif
1067,"HP VICTUS 15-FA2082 GAMING Core™ i5-13420H 512GB SSD 16GB 15.6"" (1920x1080) 144Hz WIN11 NVIDIA® RTX 4050 6144MB MICA SILVER Backlit Keyboard Laptop",https://img.drz.lazcdn.com/static/np/p/f8741899f59e20cc56d63e36eb98a29d.jpg_200x200q80.avif
1068,"MSI Cyborg 15 A2RVE Laptop (15th Gen Intel Core 7-240H | 16GB RAM | 512GB Gen4 SSD | 15.6"" FHD 144Hz | NVIDIA RTX 4050 5GB | USB-C)",https://img.drz.lazcdn.com/static/np/p/c5eba8ab013c57e8333c4b8cdc3d4972.png_200x200q80.avif
1069,"MSI Cyborg 15 A13VF Gaming Laptop (13th Gen Intel Core i7 | 16GB RAM | 1TB Gen4 SSD | 15.6"" FHD 144Hz | NVIDIA RTX 4060 8GB)",https://img.drz.lazcdn.com/static/np/p/d0e46306dbfdd588d96c97f2572f6f46.jpg_200x200q80.avif
1070,"Coolpad CP12 Neo Premium Smartphone | 6.56"" IPS 120Hz Ultra-Smooth Display | 13MP AI Dual Camera | Powered by Unisoc Octa-Core Processor | Massive 5000mAh Battery with Fast Charging | Comes with Charg",https://img.drz.lazcdn.com/g/kf/Sac4538e2aca3411a809786148e333927H.jpg_200x200q80.avif
1071,"Coolpad X100 Premium Smartphone | 108 Megapixel AI Triple Camera | 6.78"" FHD with 120Hz Ultra Smooth Display | Powered by MediaTek Helio G99 Gaming Processor | 5000mAh Massive Battery | Supports 33W F",https://img.drz.lazcdn.com/g/kf/S1f5650312afc4868836b155349990a9fK.jpg_200x200q80.avif
1072,P9 Wireless Bluetooth Headphones Latest with Stereo Headset,https://img.drz.lazcdn.com/static/np/p/1bf86e790659e14157dfdab5905e7197.jpg_200x200q80.avif
1073,"Tune 760 NC, Wireless Over Ear Active Noise Cancellation Headphones with Mic, Upto 50 Hours Playtime, Multi-Device Connectivity, Pure Bass, AUX & Voice Assistant Support for Mobile Phones",https://img.drz.lazcdn.com/g/kf/S643f5d275bc34636be61b156f7af85401.jpg_200x200q80.avif
1074,4K FPS With EIS Action Camera Selfie Screen 1080P FPS Waterproof,https://img.drz.lazcdn.com/static/np/p/86864afe9bd20d92bb48b3713e0372b1.jpg_200x200q80.avif
1075,"Great Asia TK-E720: Kids Tablet | Android 13 | 7"" Touch Screen | Quad-Core Processor | 2GB RAM ,32GB Storage | Dual Cameras",https://img.drz.lazcdn.com/static/np/p/9775bda7aa26152091104a4488d9275c.jpg_200x200q80.avif
1076,Mbo C63 Pro Max 4G Mobile Phone | 5500 Mah Battery,https://img.drz.lazcdn.com/g/kf/Sa2f5c8a217b34e73a124fe4a8e9ba4e90.jpg_200x200q80.avif
1077,"Apple iPhone 15 | 6.1"" Super Retina XDR display | A16 Bionic Chipset | 48MP Main Camera with 2X Telephoto",https://img.drz.lazcdn.com/static/np/p/9d534bfcc7fda1f11d0d082a4e489d29.png_200x200q80.avif
1078,"WITH 10 FREE ACCESSORIES2025's HP Victus 15 Gaming Laptop (AMD Ryzen 5 8645HS Processor | 16GB RAM | 512GB SSD | NVIDIA GeForce RTX 3050 6GB Graphics Card | 15.6"" FHD (1920 x 1080) 144Hz IPS Display |",
1079,Dell E2016HV 20-inch LED Monitor,https://img.drz.lazcdn.com/static/np/p/0268340c5b2ba3d278a7dd159dd8bbe8.jpg_200x200q80.avif
1080,Dell 27 Inch 100Hz IPS Panel 99% Srgb FHD Display 1year warranty,https://img.drz.lazcdn.com/static/np/p/5d21d9ecd0c4b0082b1c960f26680827.jpg_200x200q80.avif
1081,Acer Aspire Lite 14 2024 (Intel Core i3-N300 | Intel UHD Graphics),https://www.hukut.com/_next/image?url=https%3A%2F%2Fcdn.hukut.com%2Facer-aspire-lite-price-in-nepal%2520front.webp&w=640&q=75
1082,Acer Aspire Lite 15 2022 (12th Gen Intel Core i3-1215U | Intel UHD Graphics),https://www.hukut.com/_next/image?url=https%3A%2F%2Fcdn.hukut.com%2FAcer-Aspire-Lite-15-Price-in-Nepal.png1727089820517&w=640&q=75
1083,Acer Aspire Lite 14 (Intel Core 3 N355 | Intel UHD Graphics),https://www.hukut.com/_next/image?url=https%3A%2F%2Fcdn.hukut.com%2Facer-aspire-lite-14-3.avif1760422145723&w=640&q=75
1084,Acer Aspire Lite 15 2022 (AMD Ryzen 7 5700U | AMD Radeon Graphics),https://www.hukut.com/_next/image?url=https%3A%2F%2Fcdn.hukut.com%2FAcer-Aspire-Lite-ryzen-2.jpg1735544403219&w=640&q=75
1085,Acer Aspire Lite 15 2025 (13th Gen Intel Core i5-13500H | Intel UHD Graphics),https://www.hukut.com/_next/image?url=https%3A%2F%2Fcdn.hukut.com%2Facer-aspire-lite-15-2025-3.png1766468505717&w=640&q=75
1086,Acer Aspire Lite 15 (AMD Ryzen 5 7430U | 16GB RAM | 512GB SSD | AMD Radeon™ Graphics | 15.6 inch Display | 1 Year Warranty),https://www.hukut.com/_next/image?url=https%3A%2F%2Fcdn.hukut.com%2FAcer%2520Aspire%2520Lite%252015%2520Price%2520in%2520Nepal%2520(3).png1770104816293&w=640&q=75
1087,Acer Aspire Lite Ryzen 5-7430U | 16 GB RAM | 512GB SSD | 15.6 “FHD | Win 11 | 1 Years Warranty,https://img.drz.lazcdn.com/static/np/p/11ffb103e4a7b3d3b7943e7321feb5fa.png_200x200q80.avif
1088,+1 Offers for you > Acer Aspire Lite 15 (AMD Ryzen 5 8640HS | 16GB RAM | 512GB SSD | AMD Radeon™ Graphics | 15.6 inch Display | 1 Year Warranty),https://www.hukut.com/_next/image?url=https%3A%2F%2Fcdn.hukut.com%2FimageThu%252C%252019%2520Mar%25202026%252008%253A43%253A52%2520GMT.jpg1773909836988&w=3840&q=75
1089,Acer Aspire Lite 14 2025 (Intel Core i5-13500H | Intel UHD Graphics),https://www.hukut.com/_next/image?url=https%3A%2F%2Fcdn.hukut.com%2Facer-aspire-lite-14-2025-3.png1767688930256&w=640&q=75
1090,+1 Offers for you > Acer Aspire Lite 15 (AMD Ryzen 7 8840HS | 16GB RAM | 512GB SSD | AMD Radeon™ Graphics | 15.6 inch Display | 1 Year Warranty),https://www.hukut.com/_next/image?url=https%3A%2F%2Fcdn.hukut.com%2FimageThu%252C%252019%2520Mar%25202026%252008%253A43%253A52%2520GMT.jpg1773909836988&w=3840&q=75
1091,"Dell Latitude 3510 (15""/10th generation i5 processor / 4GB RAM / 1TB SATA)",https://img.drz.lazcdn.com/static/np/p/ac2571d81129d4a7a3ddab539729b884.jpg_200x200q80.avif
1092,Dell Latitude 14 3440 2022 (12th Gen Intel Core i5-1235U | Intel Iris Xe Graphics),https://www.hukut.com/_next/image?url=https%3A%2F%2Fcdn.hukut.com%2FDell-Latitude-14-3440-2.webp1735205160165&w=640&q=75
1093,"Dell Latitude 14 3420 2021 (11th Gen i5-1135G7, 4GB, 256GB, 14″ HD)",https://www.hukut.com/_next/image?url=https%3A%2F%2Fcdn.hukut.com%2FDell%2520Latitude%25203420.webp&w=640&q=75
1094,"Dell Latitude 3450 14"" | 13th Gen i5-1335U | 8GB DDR5 | 512GB SSD | Backlit Keyboard | 3 Years Warranty",https://img.drz.lazcdn.com/static/np/p/3d6419b342df5ba33b69117618d1585e.png_200x200q80.avif
1095,Nothing Phone 2 Clear Transparent Case Cover,https://img.drz.lazcdn.com/static/np/p/d3a4c18d3a961eea52b6e2a3bafdf6fc.png_200x200q80.avif
1096,Nothing Phone 2 Soft Silicone Cover with Internal Fur – Slim and Protective,https://img.drz.lazcdn.com/static/np/p/5a3af74db93d9b9e33f4813811edcaba.jpg_200x200q80.avif
1097,"Nothing 2 Soft Silicon Phone Case with Fur Inside for Protection, Available for Various Models",https://img.drz.lazcdn.com/static/np/p/694cc4451085dab4cd84b5ef99e8def8.jpg_200x200q80.avif
1098,Nothing Phone 2 Soft Silicon Cover With Internal Microfiber Case,https://img.drz.lazcdn.com/static/np/p/694cc4451085dab4cd84b5ef99e8def8.jpg_200x200q80.avif
1099,Xundd Nothing Phone (2) Original Mobile Cover Case Shell,https://img.drz.lazcdn.com/static/np/p/f4c9bd1b9d44f2fd7f55a0a530c45840.png_200x200q80.avif
1100,"Nothing Phone 2 Wallet Case with RFID Blocking Credit Card Holder, Premium PU Leather Flip Folio Case Wallet with Kickstand Protective Phone Case Cover for Nothing Phone 2",https://img.drz.lazcdn.com/static/np/p/6d84ff542601f92568f231844e227bd8.jpg_200x200q80.avif
1101,Nothing Phone 2 Xundd Origin Cover,https://img.drz.lazcdn.com/static/np/p/26398df94451c1552fc2db0b6ac72390.jpg_200x200q80.avif
1102,Nothing Phone 2 Pundo  Shockproof Sleek Hybrid Case Shell,https://img.drz.lazcdn.com/static/np/p/4061df211210d602d2661616f22f141d.jpg_200x200q80.avif
1103,For Nothing Phone 2 Matte Frosted & Transparent ice Crystal Shockproof Case for Nothing Phone2 Rugged Protective Armor Cover,https://img.drz.lazcdn.com/g/kf/S65db520c1b144308bcba9713d76ca1a02.png_200x200q80.avif
1104,"CMF by Nothing Watch Pro 2 | 1.96"" AMOLED with GPS | AI Fitness Coach",https://img.drz.lazcdn.com/static/np/p/1da23a221a8b159b8bdf75275515c5db.png_200x200q80.avif
1105,Nothing Ear (2),https://www.hukut.com/_next/image?url=https%3A%2F%2Fcdn.hukut.com%2FNothing-ear-2-black-Price-in-nepal.webp1724326627145&w=640&q=75
1106,Case for infinix HOT 60 50 pro plus 60 50 pro+ 50 60i 60 pro 4G back cover hard case TPU shockproof Cover new design aesthetic with holder and lanyard cute CYDTBS02,https://img.drz.lazcdn.com/static/pk/p/64041b4239d86a734e4832f353b62594.jpg_200x200q80.avif
1107,Feadship Jelly color 2 in 1 Case for infinix hot 50 60 pro plus hot 50 60 60i 4g hard back shockproof Cover new design aesthetic with lanyard Wireless Magnetic purple GDBSWX03,https://img.drz.lazcdn.com/static/np/p/aa1bfeed5fb9ea6a5a76ccb265a4ef12.jpg_200x200q80.avif
1108,Infinix Hot 60 Pro Plus Ipaky Super Series Transparent Mobile Cover,https://img.drz.lazcdn.com/static/np/p/cebac2745c261da4f194bb52b414eb73.jpg_200x200q80.avif
1109,"Infinix Hot 60 Pro 4G(6.6mm) & Hot 60 Pro Plus(6mm Curve Display Model) Cover (Both Different Size) HD Clear Transparent With Bumper Cover Case -Non Yellowing ,Infinix Smart 10 Plus",https://img.drz.lazcdn.com/static/np/p/ed839a94b89d1b7ae405a60b89092746.jpg_200x200q80.avif
1110,Infinix Hot 60 Pro Plus (4g) Ipaaky Cover With Back Transparent Case,https://img.drz.lazcdn.com/static/np/p/d8f418c91abe8e5d74fcaaff980ee9ce.jpg_200x200q80.avif
1111,Infinix Hot 60 Pro (4g) Ipaaky Cover With Back Transparent Case,https://img.drz.lazcdn.com/static/np/p/17dcea2214c5a84f5bd0a2e2de26db86.jpg_200x200q80.avif
1112,Glass For【 Infinix Hot 60 Pro 】 9h+ Hammerproof Flexible 9H Nano Screen Protector (Free 2 Pcs. Rear Camera Lens Protector),https://img.drz.lazcdn.com/g/kf/S5cdfc1db20a44e7b9201c8cd7c6d6962Z.jpg_200x200q80.avif
1113,3In1 infinix Hot 60 Pro Plus Pro+ Phone Case Clear Transparent Casing For Hot60Pro+ Hot60Pro Shockproof Soft TPU Tempered Glass Screen Protective Film Camera 9H Back Cover,https://img.drz.lazcdn.com/static/np/p/e2329235454aae46bccca9c267b301bf.jpg_200x200q80.avif
1114,Infinix Hot 60 Pro+ arrives in Nepal with a super slim design,https://img.drz.lazcdn.com/g/kf/S8f8bc09083bf4ee28f8f7477a65a7689h.jpg_200x200q80.avif
1115,Transparent Cover for Samsung Galaxy A36 5G,https://img.drz.lazcdn.com/static/np/p/2c1da18f7176bc663692c44c3d8fbbbd.jpg_200x200q80.avif
1116,Nature Anti-knock Phone Case For Samsung Galaxy A36 5G/SM-A366B Fashion Design Simple Phone Holder Personality Kickstand,https://img.drz.lazc
.com/static/np/p/d4670fa729592b33d69396f410ab102c.jpg_200x200q80.avif,,
1117,Cartoon Full wrap Phone Case For Samsung Galaxy A36 5G/SM-A366B Card sleeve Silicone Durable Anti-dust Fashion Design,https://img.drz.lazcdn.com/collect/sg/p/f5288ae6e5f57decc3cedabcade06452.jpg_200x200q80.avif
1118,Anti-dust TPU Phone Case For Samsung Galaxy A36 5G/SM-A366B Full wrap Shockproof Fashion Design Phone Pouch Cute Durable,https://img.drz.lazcdn.com/static/np/p/40f4e49e68e85863910dfc2dfdc9fe87.jpg_200x200q80.avif
1119,TPU oil painting Phone Case For Samsung Galaxy A36 5G/SM-A366B Cute Waterproof Full wrap Anti-dust Protective Shockproof,https://img.drz.lazcdn.com/static/np/p/d4890e4e7e85ccf76d2937cd301b9954.jpg_200x200q80.avif
1120,Shockproof Silicone Phone Case For Samsung Galaxy A36 5G/SM-A366B Phone Holder Kickstand Cartoon Anti-dust Soft case,https://img.drz.lazcdn.com/static/np/p/05a414b2158b3e88598e70fa7aefbd5d.jpg_200x200q80.avif
1121,Back Cover Graffiti Phone Case For Samsung Galaxy A36 5G/SM-A366B Card slot Full wrap Dirt-resistant Durable Soft case,https://img.drz.lazcdn.com/static/np/p/1f99b4ea409dcc1bcee7f858fedc7da2.jpg_200x200q80.avif
1122,"IBMRS for Samsung Galaxy A36 5G Case,Non-Yellowing Shockproof Phone Cover, Anti-Scratch Clear Back (Black camo)",https://img.drz.lazcdn.com/static/np/p/ad119fa46e2dccfe5a9b462486ef6fdd.jpg_200x200q80.avif
1123,NEW 2 in 1 Case For Samsung Galaxy A56 A36 A26 A16 A06 A07 4G A17 5G Armor Shockproof Metal Ring Stand Holder Back Cover Coque,https://img.drz.lazcdn.com/g/kf/Sa57e419cad5a4c68b7c7a7e706610606q.jpg_200x200q80.avif
1124,Vivo Y04 4G / Vivo Y29s 5G Ipaky Super Series Transparent Mobile Cover Case Shell,https://img.drz.lazcdn.com/static/np/p/2f661b90f41b17ecb133fdfec938acc3.jpg_200x200q80.avif
1125,vivo Y04(4+4/64) | 5500 mAh Durable Battery | Anti-Drop Design | IP64 Dust & Water Resistance,https://img.drz.lazcdn.com/static/np/p/b3003ac65c09120d67b0af1f7607a1f1.jpg_200x200q80.avif
1126,"vivo Y04 | 4GB RAM + 128GB Storage | 5500mAh Battery | 6.74"" 90Hz Display | IP64 Dust & Water Resistance - Brand New",https://img.drz.lazcdn.com/static/np/p/fe81c3252244c79c5f9d87b74bdd9413.png_200x200q80.avif
1127,Vivo y04,https://img.drz.lazcdn.com/g/kf/S0a10b65e953f4b12aac1f704ddbbd9fcG.jpg_200x200q80.avif
1128,Only for Infinix Hot 60 Pro 4G Phone Case - Bumper Back Hard Transparent Clear Shockproof TPU Phone Cover,https://img.drz.lazcdn.com/static/np/p/a8cf33bbe175d98b57893be3c6247c41.jpg_200x200q80.avif
1129,Ipaky Infinix Hot 60 Pro Super Series Transparent Mobile Cover,https://img.drz.lazcdn.com/static/np/p/cebac2745c261da4f194bb52b414eb73.jpg_200x200q80.avif
1130,Ipaky Infinix Hot 60 Pro Plus Super Series Transparent Mobile Cover,https://img.drz.lazcdn.com/static/np/p/cebac2745c261da4f194bb52b414eb73.jpg_200x200q80.avif
1131,Infinix Hot 60 Pro (4g) Border Cover With Back Transparent,https://img.drz.lazcdn.com/static/np/p/17dcea2214c5a84f5bd0a2e2de26db86.jpg_200x200q80.avif
1132,Biruiqu For Infinix Hot 60 Pro Hot 60 Pro + Carbon Fiber Glass Protective Case Cover,https://img.drz.lazcdn.com/static/bd/p/5bb6f91f79d3430b9e716b525bdb8e79.jpg_200x200q80.avif
1133,Biruiqu For Infinix Hot 60 Pro Hot 60 Pro + Fashion Marble Tempered Glass Back Case Cover,https://img.drz.lazcdn.com/static/bd/p/1e7ff4ca0e95302e481291cb661b853f.jpg_200x200q80.avif
1134,Infinix Hot 60 Pro Plus Full Glue UV Curved Glass With UV Light,https://img.drz.lazcdn.com/static/np/p/338e150abcd9c86febcd737ff3497401.jpg_200x200q80.avif
1135,Infinix Hot 60 Pro + Full Glue UV Curved Glass With UV Light,https://img.drz.lazcdn.com/static/np/p/3d9bf951f6f122286dd6d324a9a0e33b.jpg_200x200q80.avif
1136,Sunshine Infinix Hot 60 / Infinix Hot 60i / Infinix Hot 60 Pro / Infinix Hot 60 Pro+ Privacy Hydrogel Unbreakable Membrane,https://img.drz.lazcdn.com/static/np/p/4eab0c5f73047f23a28f0373ce049bbd.png_200x200q80.avif
1137,Nothing Phone 2  Metallic Ring Glass Camera Protection,https://img.drz.lazcdn.com/static/np/p/31d5f52a9ffc1badbec5f1e04ce51a8c.jpg_200x200q80.avif
1138,"Canon PP-208 270 Gsm Glossy Photo Paper 4R 4"" x 6"" - 20 Sheets",https://img.drz.lazcdn.com/static/np/p/7186b1bec99939b46b6a336da63b0533.png_200x200q80.avif
1139,Canon MP-101 Matte Photo Paper 170 gsm (A4) - 50 Sheets,https://img.drz.lazcdn.com/static/np/p/9baf811e19b63f0100ab08e0893c5daa.jpg_200x200q80.avif
1140,Canon BH-70 black and CH-70 colour print head for G3020/G2020/G3060/G1020 printers,https://img.drz.lazcdn.com/g/kf/Sc0d122fff60e4e6ba46a6ca9cd81cea0S.jpg_200x200q80.avif
1141,Canon MG2570S 3 In 1 Multi-Function Inkjet Colour Printer,https://img.drz.lazcdn.com/static/np/p/9b925da8348ded77eacae403a9b689d1.png_200x200q80.avif
1142,Canon Pixma E410 3 In 1 Multi-Function Inkjet Printer,https://img.drz.lazcdn.com/static/np/p/daed714980ca3c46da206d97de6336fc.jpg_200x200q80.avif
1143,Canon Pixma E470 3 In 1 Wireless Multi-Function Inkjet Colour Printer,https://img.drz.lazcdn.com/static/np/p/423836248710480308fc6ad84927141a.png_200x200q80.avif
1144,"Canon Pixma G2010 All-in-One ( Print, Scan, Copy )  Ink Tank Color Printer",https://img.drz.lazcdn.com/static/np/p/ea3563633481ec3df5d07929b6f5ff22.jpg_200x200q80.avif
1145,Canon Pixma G3010 3 in 1 Wireless Multi-Function Ink Tank Colour Printer,https://img.drz.lazcdn.com/static/np/p/6479b6f384ac48e1ae7b21c076b1679a.png_200x200q80.avif
1146,Canon MAXIFY GX3070 All-in-One MegaTank Business Colour Printer,https://img.drz.lazcdn.com/static/np/p/a3f879312f309cd2d9be87ab375fc22b.png_200x200q80.avif
1147,Canon Pixma PRO-200 A3 Professional Photo Printer with Canvas Printing,https://img.drz.lazcdn.com/static/np/p/f4f88c604e6305a3fcbc8a6d03c28bd4.jpg_200x200q80.avif
1148,Ultima Boom 141 ANC Earbuds (30 dB)| Ultima Link App Support | 45Hrs Playtime | Game Mode (40ms) | IPX5 Water Resistant | 13 mm Drivers For Deep Bass Wireless Earbuds,https://img.drz.lazcdn.com/g/kf/S38c7d44d7cb743089b4e9ccf80a7e7eek.png_200x200q80.avif
1149,Ultima Boom 141,https://www.hukut.com/_next/image?url=https%3A%2F%2Fcdn.hukut.com%2FUltima%2520Boom%2520141%2520Grey.webp&w=640&q=75
1150,Ultima Boom 141 ANC Earbuds | 30dB Noise Cancellation | 45Hrs Playtime | Gaming Mode 40ms | IPX5 | Deep Bass Wireless Earbuds,https://img.drz.lazcdn.com/g/kf/S6f412109ef1e46528195988ea36c6862Y.jpg_200x200q80.avif
1151,Ultima Boom 141 ANC Earbuds (30 dB)/ ultima link app support / 45 hrs play time/ game mode(40 ms)/IPX5 Water Resistant / 13 mm drivers for deep bass wireless earbuds,https://img.drz.lazcdn.com/g/kf/S8930285d258144d3b027692dae51f713A.jpg_200x200q80.avif
1152,Ultima Lifestyle Combo: Boost 20K Pro 20000mAh Powerbank + Boom 141 Earbuds,https://img.drz.lazcdn.com/g/kf/Scfe07d7da3c547e895cd191f94bcf287H.png_200x200q80.avif
1153,MeeTion MT - M360 USB Wired Optical Mouse - Black |,https://img.drz.lazcdn.com/static/np/p/f937aa4faa5109f55a47fab00ebf7b75.jpg_200x200q80.avif
1154,Dual Rechargeable Bluetooth and 2.4G Wireless Mouse 2 in 1 Mouse,https://img.drz.lazcdn.com/static/np/p/f0fb42493d5b7e707efa2de07ca21b82.jpg_200x200q80.avif
1155,Rapoo N100 Wired Optical Mouse,https://www.hukut.com/_next/image?url=https%3A%2F%2Fcdn.hukut.com%2Frapoo-n100-wired-optical-mouse-3.png1762080820081&w=640&q=75
1156,RAPOO N200 Wired Optical Mouse,https://www.hukut.com/_next/image?url=https%3A%2F%2Fcdn.hukut.com%2Frapoo-n200-wired-optical-mouse-3.png1762079290783&w=640&q=75
1157,RAPOO N100C Type-C Wired Optical Mouse,https://www.hukut.com/_next/image?url=https%3A%2F%2Fcdn.hukut.com%2Frapoo-n100c-type-c-wired-optical-mouse-3.png1762070229183&w=640&q=75
1158,RAPOO M10 Plus Wireless Mouse,https://www.hukut.com/_next/image?url=https%3A%2F%2Fcdn.hukut.com%2Frapoo-m10-plus-wireless-mouse-2.png1762079072774&w=640&q=75
1159,RAPOO V16 RGB Gaming Mouse,https://www.hukut.com/_next/image?url=https%3A%2F%2Fcdn.hukut.com%2Frapoo-v16-rgb-gaming-mouse-2.jpg1762079952092&w=640&q=75
1160,Redragon STORMRAGE M718 Gaming Mouse,https://www.hukut.com/_next/image?url=https%3A%2F%2Fcdn.hukut.com%2Fredragon-stormrage-m718-gaming-mouse-3.png1766343913058&w=640&q=75
1161,Redragon M715 DAGGER Gaming Mouse,https://www.hukut.com/_next/image?url=https%3A%2F%2Fcdn.hukut.com%2Fredragon-m715-dagger-gaming-mouse-3.png1766344274525&w=640&q=75
1162,Redragon M711 COBRA Gaming Mouse,https://www.hukut.com/_next/image?url=https%3A%2F%2Fcdn.hukut.com%2Fredragon-m711-cobra-gaming-mouse-3.webp1766344589573&w=640&q=75
1163,HAVIT MS1020WB Mode Gaming Mouse,https://www.hukut.com/_next/image?url=https%3A%2F%2Fcdn.hukut.com%2Fhavit-ms1020wb-mode-gaming-mouse-2.png1774152533094&w=640&q=75
1164,Redragon PLANK M812RGB Gaming Mouse,https://www.hukut.com/_next/image?url=https%3A%2F%2Fcdn.hukut.com%2F-4.webp1766311238023&w=640&q=75
1165,Redragon STORMRAGE M718 GAMING MOUSE,https://img.drz.lazcdn.com/static/np/p/150ed9a88cf5e2cd3ab4012548e5611d.png_200x200q80.avif
1166,Redragon stormrage M718 gaming Mouse,https://img.drz.lazcdn.com/static/np/p/ec5f9c9415b020f5981cb002b1cbc029.jpg_200x200q80.avif
1167,Redragon Stormrage M718 Gaming Mouse,https://img.drz.lazcdn.com/static/np/p/714d5d4708c2857f2cf8235deabade02.jpg_200x200q80.avif
1168,2 in 1 Case for infinix hot 50 60 pro plus hot 50 60 60i 4g back cover Softcase Silicone shockproof Cover new design aesthetic Wireless Magnetic Attachment with lanyard SPDTBS02,https://img.drz.lazcdn.com/static/np/p/b8f7040af1f6711a385eb45daaf3c320.jpg_200x200q80.avif
1169,Infinix Hot 60 Pro Plus UV Liquid Curved Tempered Glass With Light,https://img.drz.lazcdn.com/static/np/p/e7b71df0dd973cba940f8aaf2a19b62f.jpg_200x200q80.avif
1170,Infinix Hot 60 Pro Plus Slide Camera Cover Luxury Phone Case,https://img.drz.lazcdn.com/static/np/p/4ce0878fb6720651421814986ba6630c.jpg_200x200q80.avif
1171,Leather Magnetic Flip Cover Phone Case for Infinix Hot 60 Pro+ 4G [RFID Blocking] Shockproof Protection Stand Holder PU Leather Case ﻿,https://img.drz.lazcdn.com/g/kf/S21104dc672054e17a2d0d99001a92271D.jpg_200x200q80.avif
1172,Infinix Hot 60 Pro Plus,https://img.drz.lazcdn.com/g/kf/Sc022cfd375454be5b4f54bde3d18c304Q.jpg_200x200q80.avif
1173,( Renewed ) Apple iPhone 15 Plus - 128 GB Green- NTA / MDMS Approved,https://img.drz.lazcdn.com/static/np/p/40a8d6699ad9a7068840eb27f5387199.png_200x200q80.avif
1174,( Renewed ) Apple iPhone 15 Pro - 128 GB White Titanium - NTA / MDMS Approved,https://img.drz.lazcdn.com/static/np/p/307bcf19533cd87ea703c2d75389d801.png_200x200q80.avif
1175,( Renewed ) Apple iPhone 15 Pro - 128 GB Black Titanium - NTA / MDMS Approved,https://img.drz.lazcdn.com/static/np/p/25312a912e0f92bf4bfdd74f4ad65620.png_200x200q80.avif
1176,( Renewed ) Apple iPhone 15 Pro Max - 256 GB Natural Titanium - NTA / MDMS Approved,https://img.drz.lazcdn.com/static/np/p/4b63f20d0adf2599099f8df310c3d068.png_200x200q80.avif
1177,Samsung Galaxy M36 5G (8GB RAM + 128GB) | 120Hz Super AMOLED | (Midnight Black),https://img.drz.lazcdn.com/static/np/p/74ca299a7e23329eab107270d5e77445.png_200x200q80.avif
1178,"Samsung Galaxy M36 5G (8GB/128GB) | 6.7-inch AMOLED, Full HD+, 120Hz |  Samsung Exynos 1380 (5nm) | 50000mAh",https://img.drz.lazcdn.com/static/np/p/d3ceca40abce77586ed524293e09c696.jpg_200x200q80.avif
1179,Samsung Galaxy M36 5G (8GB RAM + 256GB Storage) | 120Hz Super AMOLED | 6000mAh Battery (Midnight Black),https://img.drz.lazcdn.com/static/np/p/74ca299a7e23329eab107270d5e77445.png_200x200q80.avif
1180,"Samsung Galaxy M36 5G (8GB/256GB) | 6.7-inch AMOLED, Full HD+, 120Hz | Samsung Exynos 1380 (5nm) | 50000mAh""",https://img.drz.lazcdn.com/static/np/p/d3ceca40abce77586ed524293e09c696.jpg_200x200q80.avif
1181,"Samsung Galaxy S26 Ultra 5G (Sky Blue, 12GB RAM, 256GB Storage) with Built-in Privacy Display, AI Phone, Photo Assist, Creative Studio, 200MP Camera, 5000mAh Battery and Snapdragon 8 Elite Gen 5",https://img.drz.lazcdn.com/static/np/p/ec4236019032de120019d54c5eafcb54.jpg_200x200q80.avif
1182,OnePlus 15R,https://www.hukut.com/_next/image?url=https%3A%2F%2Fcdn.hukut.com%2FOnePlus%252015R%2520Mint%2520Breeze.png1770976568623&w=640&q=75
1183,"OnePlus 15R 5G | 12GB RAM, 256GB Storage | The Ultimate Tri-Chips Snapdragon 8 Gen 5 | 7400mAh Battery Capacity | OxygenOS 16",https://img.drz.lazcdn.com/static/np/p/178707f837a9eabb2169a28f0bc5c45a.jpg_200x200q80.avif
1184,OnePlus 15R | 12GB+256GB | Charcoal Black | World's First Snapdragon® 8 Gen 5 | 7400mAh Battery | Personalised AI | Game-Changing 165Hz Display | IP68 IP69 IP66 & IP69K | 4K 120fps Video,https://img.drz.lazcdn.com/static/np/p/4e466fe3fa70bdb28f84c58f303f532d.png_200x200q80.avif
1185,OnePlus 15R | 12GB+512GB World's First Snapdragon® 8 Gen 5 | 7400mAh Battery | Personalised AI | Game-Changing 165Hz Display | IP66 IP68 IP69 & IP69K | 4K 120fps Video,https://img.drz.lazcdn.com/static/np/p/25ef88c4b340cd64d4f82a8f0e81a231.png_200x200q80.avif
1186,"Samsung Galaxy Tablet A8 (4GB/64GB) (SM-X205N) | LTE + Wi-Fi | 10.5"" Display | Expandable Storage",https://img.drz.lazcdn.com/static/np/p/bd0441bf0494e310ae350d2fa9509c33.jpg_200x200q80.avif
1187,5Star 5Point 1.2mm Macbook Air Pro Pentalobe Screwdriver Maintenance Tool XUANTING,https://img.drz.lazcdn.com/collect/sg/p/c985ed5c5fb0e728b830d6474b0b38b3.jpg_200x200q80.avif
1188,Vivo Y04 4G /Vivo Y29s 5G /Vivo Y19 5G/Vivo Y19e/iqoo Z10 Lite/Vivo T4 Lite/ Y37c Cover(All Same Size) HD Clear Transparent With Bumper Cover Case -Non Yellowing,https://img.drz.lazcdn.com/static/np/p/ff4a48938c91b97ac8dc3812aa13a9fa.jpg_200x200q80.avif
1189,Vivo Y04 (4g) Ipaaky Border Cover With  Back Transparent,https://img.drz.lazcdn.com/static/np/p/e1d8c7f93a289ea01599bee65bf2b9cf.jpg_200x200q80.avif
1190,Vivo Y04(4g) Ipaaky Case With Back Transparent,https://img.drz.lazcdn.com/static/np/p/989b18f7cd12827ca2da4a89681a3569.jpg_200x200q80.avif
1191,Vivo Y04 Soft Silicon Printed Flexible Fancy Cover,https://img.drz.lazcdn.com/static/np/p/fd6038fd80c0a797997b4c789a04261c.jpg_200x200q80.avif
1192,Vivo Y04 Soft Silicon Fancy Printed Case,
1193,"G101 Light Sync Gaming Mouse With Customizable Rgb Lighting,   Color, Light Weight (Black)",https://img.drz.lazcdn.com/static/np/p/c993803c35e91f7f73f17acb9a34db2d.jpg_200x200q80.avif
1194,RAPOO N500 Gaming Wired Optical Mouse,https://www.hukut.com/_next/image?url=https%3A%2F%2Fcdn.hukut.com%2Frapoo-n500-gaming-wired-optical-mouse-2.png1762079455579&w=640&q=75
1195,Havit MS1036 Programmable RGB Gaming Mouse,https://www.hukut.com/_next/image?url=https%3A%2F%2Fcdn.hukut.com%2Fhavit-ms1036-programmable-rgb-gaming-mouse-2-.png1774152102003&w=640&q=75
1196,Redragon M710 MEMEANLION Chroma Gaming Mouse,https://www.hukut.com/_next/image?url=https%3A%2F%2Fcdn.hukut.com%2Fredragon-m710-memeanlion-chroma-gaming-mouse-3.png1766343538070&w=640&q=75
1197,Logitech G102 Lightsync RGB Gaming Mouse,https://www.hukut.com/_next/image?url=https%3A%2F%2Fcdn.hukut.com%2Flogitech-g102-lightsync-rgb-gaming-mouse-3.webp1766345222974&w=640&q=75
1198,MSI PRO H510M-B II Intel Motherboard,https://www.hukut.com/_next/image?url=https%3A%2F%2Fcdn.hukut.com%2FMSI-PRO-H510M-B%2520II-png.png1753692701737&w=640&q=75
1199,MSI PRO H610M-S DDR4 Intel Motherboard,https://www.hukut.com/_next/image?url=https%3A%2F%2Fcdn.hukut.com%2FMSI-PRO-H610M-S-DDR4-Price-in-Nepal.png1753693146536&w=640&q=75
1200,"MSI PRO MP225V 22"" Monitor | VA Panel | 100Hz | 1920 x 1080 (FHD) | HDMI & VGA Port",https://img.drz.lazcdn.com/static/np/p/2047aeef4806f0ed7325efa318a396d0.png_200x200q80.avif
1201,MSI B550M-A PRO AMD Motherboard,https://www.hukut.com/_next/image?url=https%3A%2F%2Fcdn.hukut.com%2FMSI-B550M-A-PRO-AMD.png1753698452026&w=640&q=75
1202,MSI PRO B650M-B AMD Motherboard,https://www.hukut.com/_next/image?url=https%3A%2F%2Fcdn.hukut.com%2FMSI-PRO-B650M-B-AMD-Motherboard-Price-in-Nepal.png1753696503447&w=640&q=75
1203,MSI PRO B760M-P DDR5 Intel Motherboard,https://www.hukut.com/_next/image?url=https%3A%2F%2Fcdn.hukut.com%2FMSI-PRO-B760M-P%2520.png1753693908928&w=640&q=75
1204,MSI B760M BOMBER WIFI Intel Motherboard,https://www.hukut.com/_next/image?url=https%3A%2F%2Fcdn.hukut.com%2FMSI-B760M-BOMBER-WIFI-Price-in-Nepal.png1753694682026&w=640&q=75
1205,MSI PRO B650M-P AMD Motherboard,https://www.hukut.com/_next/image?url=https%3A%2F%2Fcdn.hukut.com%2FMSI-PRO-B650M-P-AMD.png1753697182804&w=640&q=75
1206,MSI B560M-Pro-E Motherboard,https://www.hukut.com/_next/image?url=https%3A%2F%2Fcdn.matechi.com.np%2F1024%2520(1).png&w=640&q=75
1207,MSI G244F 1 Ms (GtG) Rapid IPS Panel Full HD 23.8 Inches FreeSync Premium Gaming Monitor,https://img.drz.lazcdn.com/static/np/p/f3e9c36fddb7147791fdedb4ba43e4a4.jpg_200x200q80.avif
1208,"MSI MAG 255PXF  (25"" FHD | IPS | 300Hz | 0.5ms |120% sRGB | 90° Rotation & Height Adjustment | Eyecare)",https://img.drz.lazcdn.com/static/np/p/96c7c222a200693d78f701547a625477.png_200x200q80.avif
1209,MSI G32C4X Gaming Monitor,https://www.hukut.com/_next/image?url=https%3A%2F%2Fcdn.matechi.com.np%2FMSI%2520G32C4X%2520(Gaming).webp&w=640&q=75
1210,MSI M/Board MAG B550 Tomahawk,https://www.hukut.com/_next/image?url=https%3A%2F%2Fcdn.matechi.com.np%2FVvv.webp&w=640&q=75
1211,"MSI Laptop Modern 15 A11MU (11th Gen i5 -1155G7 | 8 GB RAM | 512GB SSD | 15.6"" FHD 100% sRGB | Backlit Keyboard | USB-C | Win 10 Home)",https://img.drz.lazcdn.com/static/np/p/4dc9a3aad6c05d1551b3a9559f3df8cd.jpg_200x200q80.avif
1212,MSI Modern 15 A11MU | 11th Gen i7 -1195G7| 8 GB RAM | 512GB SSD | Intel Iris Xe | Win 10,https://img.drz.lazcdn.com/static/np/p/4dc9a3aad6c05d1551b3a9559f3df8cd.jpg_200x200q80.avif
1213,"MSI Thin 15 B12UC Gaming Laptop (12th Gen Core i5 | 8GB RAM  | 512GB Gen4 SSD | 15.6"" FHD 144Hz | NVIDIA RTX 3050 4GB | Wi-Fi 6 | 1.86KG)",https://img.drz.lazcdn.com/static/np/p/cafb5aebf11e85cab07296bb2807cb49.jpg_200x200q80.avif
1214,"MSI Claw-A1M Handheld (Intel Core Ultra 5-135H | 16GB RAM | 512GB SSD | 7"" FHD 120Hz Touch Screen | 100% sRGB | Micro Keys & Triggers)",https://img.drz.lazcdn.com/static/np/p/8ef0e4779688a159c397e8b7b12784d5.jpg_200x200q80.avif
1215,"MSI Cyborg 15 B2RWEKG Laptop (15th Gen Intel Core 7-240H | 16GB RAM | 512GB Gen4 SSD | 15.6"" FHD 144Hz | NVIDIA RTX 5050 8GB | USB-C)",https://img.drz.lazcdn.com/static/np/p/691fb5a079d387ddcaacfe0d4a694da1.png_200x200q80.avif
1216,+1 Offers for you > Apple iPhone 17 Pro Max,https://www.hukut.com/_next/image?url=https%3A%2F%2Fcdn.hukut.com%2FimageMon%252C%252012%2520Jan%25202026%252005%253A52%253A27%2520GMT.jpg1768197212115&w=3840&q=75
1217,Apple iPhone Air,https://www.hukut.com/_next/image?url=https%3A%2F%2Fcdn.hukut.com%2Fapple-iphone-air-sky-blue.webp1758094303530&w=640&q=75
1218,Ultima Atom 320,https://www.hukut.com/_next/image?url=https%3A%2F%2Fcdn.hukut.com%2F4845d2126d748e9e6119e16082bae684-1.webp&w=640&q=75
1219,Ultima Atom 320 Wireless Earbuds With Massive Playback Of Upto 17 Hour IPX5 Water Type C Interface With Game Mod,https://img.drz.lazcdn.com/g/kf/Sb11ba51c9aee4c1dbd9d71eb6e87e751a.jpg_200x200q80.avif
1220,Ultima Atom 520 Pro,https://www.hukut.com/_next/image?url=https%3A%2F%2Fcdn.hukut.com%2FUltima%2520Atom%2520520%2520Pro%2520Black(6).webp&w=640&q=75
1221,Ultima Atom 192 Pro | App Support |120H Playtime | Quad Mic ENC | Game Mode (Low Latency 60Ms) | 5 Mins Charge= 100 Min Playtime | Insta Wake'N Pair | Bluetooth 5.4 | Crystal Bionic Sound,https://img.drz.lazcdn.com/g/kf/Sc35868d6848343e69831fb88825bb4d76.png_200x200q80.avif
1222,Ultima Atom 720,https://www.hukut.com/_next/image?url=https%3A%2F%2Fcdn.hukut.com%2F1000019592.png&w=640&q=75
1223,Ultima Atom 255,https://www.hukut.com/_next/image?url=https%3A%2F%2Fcdn.hukut.com%2FUltima-Atom-255-White.webp&w=640&q=75
1224,Ultima Atom 820,https://www.hukut.com/_next/image?url=https%3A%2F%2Fcdn.hukut.com%2FUltima-Atom-820-Grey.webp&w=640&q=75
1225,Ultima Atom 192,https://www.hukut.com/_next/image?url=https%3A%2F%2Fcdn.hukut.com%2Fatom-192-black.png1728457224732&w=640&q=75
1226,Ultima atom 192 pro,https://img.drz.lazcdn.com/g/kf/Sf861f6da982448299261943ff3db67a1v.jpg_200x200q80.avif
1227,Ultima Atom 520 Pro Earbuds With 45Hrs Playtime| Game Mode(60ms)| Quad Mic| IPX5 Rated| Loud Sound & Deep Bass| Type-C Charging Port Wireless Earbuds,https://img.drz.lazcdn.com/g/kf/S0320388886524af78719d1187c04da3am.jpg_200x200q80.avif
1228,Canon Ef-S 55-250Mm F/4-5.6 Is Ii Telephoto Zoom Lens For Dslr Camera (Black),https://img.drz.lazcdn.com/static/np/p/7a9fb8abeba3bbc7e018320a99554562.jpg_200x200q80.avif
1229,Canon EOS 3000D 18.0 MP DSLR Camera With EF-S 18-55mm IS (16 Gb Card )- Black,https://img.drz.lazcdn.com/static/np/p/ecb4762747f93b3533a3927bf8d66f21.jpg_200x200q80.avif
1230,Golden Field Gaming CPU FAN Z100,https://www.hukut.com/_next/image?url=https%3A%2F%2Fcdn.matechi.com.np%2FGOLDEN-FIELD-GAMING-CPU-FAN-Z100.webp&w=640&q=75
1231,Golden Field Gaming CPU FAN S04,https://www.hukut.com/_next/image?url=https%3A%2F%2Fcdn.matechi.com.np%2FGOLDEN-FIELD-GAMING-CPU-FAN-S04.webp&w=640&q=75
1232,Golden Field Gaming CPU FAN ICE-Y Plus,https://www.hukut.com/_next/image?url=https%3A%2F%2Fcdn.matechi.com.np%2FGoldenfield-Gaming-CPU-FAN-CE-Y-Plus-4.png&w=640&q=75
1233,Golden Field Gaming CPU FAN Windwalker-6,https://www.hukut.com/_next/image?url=https%3A%2F%2Fcdn.matechi.com.np%2FGOLDEN-FIELD-GAMING-CPU-FAN-WINDWALKER-6.webp&w=640&q=75
1234,Golden Field Gaming CPU FAN Wind Black ARGB,https://www.hukut.com/_next/image?url=https%3A%2F%2Fcdn.matechi.com.np%2FGOLDEN-FIELD-GAMING-CPU-FAN-WIND-BLACK-ARGB.webp&w=640&q=75
1235,CPU i3 3RD GEN 4GB RAM 256GB SSD,https://img.drz.lazcdn.com/static/np/p/c13d8428879c7b49e3d57351ce0997e1.jpg_200x200q80.avif
1236,MSI M/Board AMD 3rd Gen Ryzen AM4 CPU B550M-P Gen3,https://www.hukut.com/_next/image?url=https%3A%2F%2Fcdn.matechi.com.np%2Fppp.webp&w=640&q=75
1237,NVME Powered Gaming Lite Desktop CPU i7 3rd Generation 8GB RAM 256GB SSD(CPU Only),https://img.drz.lazcdn.com/static/np/p/bc0e3cc44d1c3949f31bb6aae0496e9e.jpg_200x200q80.avif
1238,Cooler Master CM 690 (693) III CPU Casing,https://www.hukut.com/_next/image?url=https%3A%2F%2Fcdn.matechi.com.np%2FCooler%2520Master%2520CM%2520690%2520(693)%2520III%2520CPU%2520Casing(4).webp&w=640&q=75
1239,NVME Powered Gaming Lite Desktop CPU i7 3rd Generation 8GB RAM 500GB SSD(CPU Only),https://img.drz.lazcdn.com/static/np/p/bc0e3cc44d1c3949f31bb6aae0496e9e.jpg_200x200q80.avif
1240,"Budget Gaming PC (Ryzen 5 5500 + Nvidia GT730 4GB Graphics) or Ryzen 5 5600GT, 8 & 16GB DDR4 RAM/ 512GB & 256GB Nvme Gaming CPU",https://img.drz.lazcdn.com/static/np/p/3401d06a3025ab8a22763339f99724be.png_200x200q80.avif
1241,"Transparent Gaming PC Ryzen 5 5600GT or (Ryzen 5 5500 + Nvidia GT730 4GB Graphics), 800Watt PSU, Gigabyte B550M/A520M K V2 Board, 8/16GB DDR4 RAM, 512/256GB Nvme M.2 SSD Gaming CPU",https://img.drz.lazcdn.com/static/np/p/3aa7dcea7acbbfa81ff5a6384b0e6aec.png_200x200q80.avif
1242,"Transparent Gaming PC Ryzen 5 5600GT or (Ryzen 5 5500 + Nvidia GT730 4GB Graphics), 800Watt PSU Pairs 19"" Monitor,  8/16GB DDR4 RAM, 512/256GB Nvme M.2 SSD Gaming CPU",https://img.drz.lazcdn.com/static/np/p/3711c89fe8ca7e5c25490d4db7efdd56.png_200x200q80.avif
1243,"Transparent Budget Gaming PC Desktop Pairs 22"" Monitor Full Setup with (Ryzen 5 5500 + Nvidia GT730 4GB Graphics) or Ryzen 5 5600GT, ,8/16GB DDR4 RAM, 512/256GB Nvme M.2 SSD Gaming CPU",https://img.drz.lazcdn.com/static/np/p/e2898f7c1af27c8a76b5d7e50f87e32b.png_200x200q80.avif
1244,"Transparent Best Budget Gaming PC With Ryzen 7 5700G, 800Watt PSU, 8/16GB DDR4 RAM, 512/256GB Nvme M.2 SSD Gaming CPU",https://img.drz.lazcdn.com/g/kf/Sc3f2e11ecc73412ab2378b814cd67a99b.jpg_200x200q80.avif
1245,"Transparent Gaming PC Ryzen 5 5600GT or (Ryzen 5 5500 + Nvidia GT730 4GB Graphics), 100hz 24"" 1ms 100%Srgb Gaming Monitor/ 8 & 16GB DDR4 RAM/ 512GB & 256GB Nvme Gaming CPU",https://img.drz.lazcdn.com/static/np/p/d28319b639206041b11f921fe2319b2e.png_200x200q80.avif
1246,"Ultima Boost 20K Pro 20000mAh Powerbank with 22.5W Fast Charging | LED Display | Triple Ports |  Supports PD, QC3.0, Universal Compatibility | 2 Way Charging | ChargeSafe technology Power bank",https://img.drz.lazcdn.com/g/kf/Sf98d0e56a5024ef89a0bf3e691123ad8w.png_200x200q80.avif
1247,Ultima Boost 20K Pro 20000mAh Powerbank,https://www.hukut.com/_next/image?url=https%3A%2F%2Fcdn.hukut.com%2F10.png1727159939755&w=640&q=75
1248,Ultima Turbocharge 20k Powerbank,https://www.hukut.com/_next/image?url=https%3A%2F%2Fcdn.hukut.com%2Fultima-turbocharge-20k-powerbank-2.png1752061861565&w=640&q=75
1249,Ultima Prime 1.0,https://www.hukut.com/_next/image?url=https%3A%2F%2Fcdn.hukut.com%2F10.png1727096906748&w=640&q=75
1250,"Ultima Boost 10K Mini 10000mAh Wireless Sleek & Compact Powerbank with 22.5W Fast Charging, Magsafe Compatible, Supports PD, QC3.0, 2 Way Charging Dual Ports Power bank for iPhone",https://img.drz.lazcdn.com/g/kf/S60a487e023114ac6a258e041fb938b50M.png_200x200q80.avif
1251,Ultima Boost 20K Mini Power Bank,https://www.hukut.com/_next/image?url=https%3A%2F%2Fcdn.hukut.com%2Fultima-boost-20k-mini-powerbank-gray.png1774290050969&w=640&q=75
1252,"(New Launch) Ultima 20K Mini | 22.5W | 20000 mA | Fast Charging | Inbuild Braided Type-C and Lighting Cable  | Multi Layers Fire Protection | LED Display | Supports PD, QC3.0, Universal Compatibility",https://img.drz.lazcdn.com/g/kf/S827732e13aa94df0a7521bd5a63706bev.png_200x200q80.avif
1253,Ultima Marvel 16W RMS Bluetooth Speaker with Ultima Supreme Sound | 12Hours Playtime | 50MM Driver Size | Surround Sound | Dynamic RGB LED Lights | IPX5 Rated speaker,https://img.drz.lazcdn.com/g/kf/S5dd737bd648344e0b90ca0b0c935b7019.png_200x200q80.avif
1254,"Ultima Boost 30K Pro 30000mAh Powerbank with 22.5W Fast Charging | Multi Layer Fire Protection | LED Display | 4 Ports |  Supports PD, QC3.0, Universal Compatibility | 2 Way Charging | ChargeSafe tech",https://img.drz.lazcdn.com/g/kf/S288d0a275c504f1e97422978752f3ec4z.png_200x200q80.avif
1255,Ultima Soundbox S20 | Hi-Fi 30W Bluetooth Speaker with Ultima Supreme Sound | 7Hours Playtime | 70MM Driver Size | Surround Sound | Dynamic RGB LED Lights | TWS Mode | IPX5 Rated speaker,https://img.drz.lazcdn.com/g/kf/S51289d67f9d8404c8e3562ec5e055d60c.png_200x200q80.avif
1256,Ultima Boost 30K Pro 30000mAh Powerbank (22.5W),https://www.hukut.com/_next/image?url=https%3A%2F%2Fcdn.hukut.com%2Fultima-boost-30k-pro-powerbank-2.png1774288061448&w=640&q=75
1257,"Ultima Navigator Premium Smartwatch | 1.43"" TRU Amoled Spherical Display | In-Build GPS | Barometer | Altimeter | 24/7 Health Tracking | Fitbeing App Support",https://img.drz.lazcdn.com/static/np/p/9bc98f260b55b9296d77d6b9fa6957cc.png_200x200q80.avif
1258,Ultima Watch Navigator,https://www.hukut.com/_next/image?url=https%3A%2F%2Fcdn.hukut.com%2Fultima-watch-navigator-gray.png1773047666363&w=640&q=75
1259,Ultima Boost 20K Ultra Max Power Bank,https://www.hukut.com/_next/image?url=https%3A%2F%2Fcdn.hukut.com%2Fultima-boost-20k-ultra-max-power-bank.png1774291849804&w=640&q=75
1260,Ultima Wavebar 200W,https://www.hukut.com/_next/image?url=https%3A%2F%2Fcdn.hukut.com%2Fultima-wavebar-200w-price-in-nepal-5.png1727190539942&w=640&q=75
1261,Ultima Thunder 120,https://www.hukut.com/_next/image?url=https%3A%2F%2Fcdn.hukut.com%2Fultima-thunder-3.png1740900603299&w=640&q=75
1262,"Ai+ Pulse 4G Smartphone (6GB RAM, 128GB Storage) | 50MP AI Camera | Android 15 Mobile | 5000 mAh Battery",https://img.drz.lazcdn.com/static/np/p/3d00da67cea4aa04c2f4e180e829c86a.png_200x200q80.avif
1263,MacBook Pro 14 inch M5 Chip,https://img.drz.lazcdn.com/static/np/p/bdc267bf270f74dae25630ad66188b20.png_200x200q80.avif
1264,Apple iPhone 16e,https://www.hukut.com/_next/image?url=https%3A%2F%2Fcdn.hukut.com%2FApple-iphone-16e-Price-in-Nepal.png1744176699046&w=640&q=75
1265,+1 Offers for you > Apple iPhone 17,https://www.hukut.com/_next/image?url=https%3A%2F%2Fcdn.hukut.com%2FimageMon%252C%252012%2520Jan%25202026%252005%253A50%253A33%2520GMT.jpg1768197064119&w=3840&q=75
